<?xml version='1.0' encoding='UTF-8'?>
<DEFECTS><DEFECT><SFA><FILEPATH>e:\enlistcsa\sources\wincsa\src\ddsuites\src\vs\edtqa\static\xmlvalidation\advancedbranches\</FILEPATH><FILENAME>ab_secondloop.cpp</FILENAME><LINE>18</LINE><COLUMN>7</COLUMN></SFA><DEFECTCODE>6011</DEFECTCODE><DESCRIPTION>Dereferencing NULL pointer 'source'. </DESCRIPTION><FUNCTION>C6011_OnlyOnSecondLoop</FUNCTION><DECORATED>?C6011_OnlyOnSecondLoop@@YAXXZ</DECORATED><FUNCLINE>8</FUNCLINE><PROBABILITY>1</PROBABILITY><RANK>4</RANK><CATEGORY><RULECATEGORY>mspft</RULECATEGORY></CATEGORY><PATH><SFA><FILEPATH>e:\enlistcsa\sources\wincsa\src\ddsuites\src\vs\edtqa\static\xmlvalidation\advancedbranches\</FILEPATH><FILENAME>ab_secondloop.cpp</FILENAME><LINE>10</LINE><COLUMN>7</COLUMN><KEYEVENT><ID>1</ID><KIND>declaration</KIND><IMPORTANCE>Essential</IMPORTANCE><MESSAGE>'source' is NULL</MESSAGE></KEYEVENT></SFA><SFA><FILEPATH>e:\enlistcsa\sources\wincsa\src\ddsuites\src\vs\edtqa\static\xmlvalidation\advancedbranches\</FILEPATH><FILENAME>ab_secondloop.cpp</FILENAME><LINE>11</LINE><COLUMN>6</COLUMN></SFA><SFA><FILEPATH>e:\enlistcsa\sources\wincsa\src\ddsuites\src\vs\edtqa\static\xmlvalidation\advancedbranches\</FILEPATH><FILENAME>ab_secondloop.cpp</FILENAME><LINE>13</LINE><COLUMN>10</COLUMN></SFA><SFA><FILEPATH>e:\enlistcsa\sources\wincsa\src\ddsuites\src\vs\edtqa\static\xmlvalidation\advancedbranches\</FILEPATH><FILENAME>ab_secondloop.cpp</FILENAME><LINE>13</LINE><COLUMN>16</COLUMN><KEYEVENT><ID>2</ID><KIND>branch</KIND><IMPORTANCE>Full</IMPORTANCE><MESSAGE>Enter this loop, (assume 'i&lt;3')</MESSAGE></KEYEVENT></SFA><SFA><FILEPATH>e:\enlistcsa\sources\wincsa\src\ddsuites\src\vs\edtqa\static\xmlvalidation\advancedbranches\</FILEPATH><FILENAME>ab_secondloop.cpp</FILENAME><LINE>15</LINE><COLUMN>6</COLUMN><KEYEVENT><ID>3</ID><KIND>branch</KIND><IMPORTANCE>Full</IMPORTANCE><MESSAGE>Enter this branch, (assume '!flag')</MESSAGE></KEYEVENT></SFA><SFA><FILEPATH>e:\enlistcsa\sources\wincsa\src\ddsuites\src\vs\edtqa\static\xmlvalidation\advancedbranches\</FILEPATH><FILENAME>ab_secondloop.cpp</FILENAME><LINE>16</LINE><COLUMN>8</COLUMN></SFA><SFA><FILEPATH>e:\enlistcsa\sources\wincsa\src\ddsuites\src\vs\edtqa\static\xmlvalidation\advancedbranches\</FILEPATH><FILENAME>ab_secondloop.cpp</FILENAME><LINE>13</LINE><COLUMN>21</COLUMN></SFA><SFA><FILEPATH>e:\enlistcsa\sources\wincsa\src\ddsuites\src\vs\edtqa\static\xmlvalidation\advancedbranches\</FILEPATH><FILENAME>ab_secondloop.cpp</FILENAME><LINE>13</LINE><COLUMN>16</COLUMN><KEYEVENT><ID>4</ID><KIND>branch</KIND><IMPORTANCE>Full</IMPORTANCE><MESSAGE>Continue this loop, (assume 'i&lt;3')</MESSAGE></KEYEVENT></SFA><SFA><FILEPATH>e:\enlistcsa\sources\wincsa\src\ddsuites\src\vs\edtqa\static\xmlvalidation\advancedbranches\</FILEPATH><FILENAME>ab_secondloop.cpp</FILENAME><LINE>15</LINE><COLUMN>6</COLUMN><KEYEVENT><ID>5</ID><KIND>branch</KIND><IMPORTANCE>Full</IMPORTANCE><MESSAGE>Skip this branch, (assume '!flag' is false)</MESSAGE></KEYEVENT></SFA><SFA><FILEPATH>e:\enlistcsa\sources\wincsa\src\ddsuites\src\vs\edtqa\static\xmlvalidation\advancedbranches\</FILEPATH><FILENAME>ab_secondloop.cpp</FILENAME><LINE>18</LINE><COLUMN>7</COLUMN><KEYEVENT><ID>6</ID><KIND>usage</KIND><IMPORTANCE>Essential</IMPORTANCE><MESSAGE>'source' is dereferenced, but may still be NULL</MESSAGE></KEYEVENT></SFA></PATH></DEFECT><DEFECT><SFA><FILEPATH>e:\enlistcsa\sources\wincsa\src\ddsuites\src\vs\edtqa\static\xmlvalidation\advancedbranches\</FILEPATH><FILENAME>ab_secondloop.cpp</FILENAME><LINE>33</LINE><COLUMN>7</COLUMN></SFA><DEFECTCODE>6011</DEFECTCODE><DESCRIPTION>Dereferencing NULL pointer 'source'. </DESCRIPTION><FUNCTION>C6011_OnlyOnSecondLoopWithParam</FUNCTION><DECORATED>?C6011_OnlyOnSecondLoopWithParam@@YAXH@Z</DECORATED><FUNCLINE>23</FUNCLINE><PROBABILITY>1</PROBABILITY><RANK>4</RANK><CATEGORY><RULECATEGORY>mspft</RULECATEGORY></CATEGORY><PATH><SFA><FILEPATH>e:\enlistcsa\sources\wincsa\src\ddsuites\src\vs\edtqa\static\xmlvalidation\advancedbranches\</FILEPATH><FILENAME>ab_secondloop.cpp</FILENAME><LINE>25</LINE><COLUMN>7</COLUMN><KEYEVENT><ID>1</ID><KIND>declaration</KIND><IMPORTANCE>Essential</IMPORTANCE><MESSAGE>'source' is NULL</MESSAGE></KEYEVENT></SFA><SFA><FILEPATH>e:\enlistcsa\sources\wincsa\src\ddsuites\src\vs\edtqa\static\xmlvalidation\advancedbranches\</FILEPATH><FILENAME>ab_secondloop.cpp</FILENAME><LINE>26</LINE><COLUMN>6</COLUMN></SFA><SFA><FILEPATH>e:\enlistcsa\sources\wincsa\src\ddsuites\src\vs\edtqa\static\xmlvalidation\advancedbranches\</FILEPATH><FILENAME>ab_secondloop.cpp</FILENAME><LINE>28</LINE><COLUMN>10</COLUMN></SFA><SFA><FILEPATH>e:\enlistcsa\sources\wincsa\src\ddsuites\src\vs\edtqa\static\xmlvalidation\advancedbranches\</FILEPATH><FILENAME>ab_secondloop.cpp</FILENAME><LINE>28</LINE><COLUMN>16</COLUMN><KEYEVENT><ID>2</ID><KIND>branch</KIND><IMPORTANCE>Full</IMPORTANCE><MESSAGE>Enter this loop, (assume 'i&lt;param')</MESSAGE></KEYEVENT></SFA><SFA><FILEPATH>e:\enlistcsa\sources\wincsa\src\ddsuites\src\vs\edtqa\static\xmlvalidation\advancedbranches\</FILEPATH><FILENAME>ab_secondloop.cpp</FILENAME><LINE>30</LINE><COLUMN>6</COLUMN><KEYEVENT><ID>3</ID><KIND>branch</KIND><IMPORTANCE>Full</IMPORTANCE><MESSAGE>Enter this branch, (assume '!flag')</MESSAGE></KEYEVENT></SFA><SFA><FILEPATH>e:\enlistcsa\sources\wincsa\src\ddsuites\src\vs\edtqa\static\xmlvalidation\advancedbranches\</FILEPATH><FILENAME>ab_secondloop.cpp</FILENAME><LINE>31</LINE><COLUMN>8</COLUMN></SFA><SFA><FILEPATH>e:\enlistcsa\sources\wincsa\src\ddsuites\src\vs\edtqa\static\xmlvalidation\advancedbranches\</FILEPATH><FILENAME>ab_secondloop.cpp</FILENAME><LINE>28</LINE><COLUMN>25</COLUMN></SFA><SFA><FILEPATH>e:\enlistcsa\sources\wincsa\src\ddsuites\src\vs\edtqa\static\xmlvalidation\advancedbranches\</FILEPATH><FILENAME>ab_secondloop.cpp</FILENAME><LINE>28</LINE><COLUMN>16</COLUMN><KEYEVENT><ID>4</ID><KIND>branch</KIND><IMPORTANCE>Full</IMPORTANCE><MESSAGE>Continue this loop, (assume 'i&lt;param')</MESSAGE></KEYEVENT></SFA><SFA><FILEPATH>e:\enlistcsa\sources\wincsa\src\ddsuites\src\vs\edtqa\static\xmlvalidation\advancedbranches\</FILEPATH><FILENAME>ab_secondloop.cpp</FILENAME><LINE>30</LINE><COLUMN>6</COLUMN><KEYEVENT><ID>5</ID><KIND>branch</KIND><IMPORTANCE>Full</IMPORTANCE><MESSAGE>Skip this branch, (assume '!flag' is false)</MESSAGE></KEYEVENT></SFA><SFA><FILEPATH>e:\enlistcsa\sources\wincsa\src\ddsuites\src\vs\edtqa\static\xmlvalidation\advancedbranches\</FILEPATH><FILENAME>ab_secondloop.cpp</FILENAME><LINE>33</LINE><COLUMN>7</COLUMN><KEYEVENT><ID>6</ID><KIND>usage</KIND><IMPORTANCE>Essential</IMPORTANCE><MESSAGE>'source' is dereferenced, but may still be NULL</MESSAGE></KEYEVENT></SFA></PATH></DEFECT><DEFECT><SFA><FILEPATH>e:\enlistcsa\sources\wincsa\src\ddsuites\src\vs\edtqa\static\xmlvalidation\advancedbranches\</FILEPATH><FILENAME>ab_secondloop.cpp</FILENAME><LINE>52</LINE><COLUMN>8</COLUMN></SFA><DEFECTCODE>6385</DEFECTCODE><DESCRIPTION>Reading invalid data from 'x':  the readable size is '8' bytes, but 'param' bytes may be read.</DESCRIPTION><FUNCTION>C6011_OnlyOnSecondLoopPlusRollbackDefect</FUNCTION><DECORATED>?C6011_OnlyOnSecondLoopPlusRollbackDefect@@YAXH@Z</DECORATED><FUNCLINE>38</FUNCLINE><PROBABILITY>1</PROBABILITY><RANK>4</RANK><CATEGORY><RULECATEGORY>mspft</RULECATEGORY></CATEGORY><PATH><SFA><FILEPATH>e:\enlistcsa\sources\wincsa\src\ddsuites\src\vs\edtqa\static\xmlvalidation\advancedbranches\</FILEPATH><FILENAME>ab_secondloop.cpp</FILENAME><LINE>40</LINE><COLUMN>7</COLUMN></SFA><SFA><FILEPATH>e:\enlistcsa\sources\wincsa\src\ddsuites\src\vs\edtqa\static\xmlvalidation\advancedbranches\</FILEPATH><FILENAME>ab_secondloop.cpp</FILENAME><LINE>41</LINE><COLUMN>6</COLUMN></SFA><SFA><FILEPATH>e:\enlistcsa\sources\wincsa\src\ddsuites\src\vs\edtqa\static\xmlvalidation\advancedbranches\</FILEPATH><FILENAME>ab_secondloop.cpp</FILENAME><LINE>42</LINE><COLUMN>8</COLUMN><KEYEVENT><ID>1</ID><KIND>declaration</KIND><IMPORTANCE>Essential</IMPORTANCE><MESSAGE>'x' is an array of 2 elements (8 bytes)</MESSAGE></KEYEVENT></SFA><SFA><FILEPATH>e:\enlistcsa\sources\wincsa\src\ddsuites\src\vs\edtqa\static\xmlvalidation\advancedbranches\</FILEPATH><FILENAME>ab_secondloop.cpp</FILENAME><LINE>42</LINE><COLUMN>22</COLUMN></SFA><SFA><FILEPATH>e:\enlistcsa\sources\wincsa\src\ddsuites\src\vs\edtqa\static\xmlvalidation\advancedbranches\</FILEPATH><FILENAME>ab_secondloop.cpp</FILENAME><LINE>44</LINE><COLUMN>10</COLUMN></SFA><SFA><FILEPATH>e:\enlistcsa\sources\wincsa\src\ddsuites\src\vs\edtqa\static\xmlvalidation\advancedbranches\</FILEPATH><FILENAME>ab_secondloop.cpp</FILENAME><LINE>44</LINE><COLUMN>16</COLUMN><KEYEVENT><ID>2</ID><KIND>branch</KIND><IMPORTANCE>Full</IMPORTANCE><MESSAGE>Enter this loop, (assume 'i&lt;param')</MESSAGE></KEYEVENT></SFA><SFA><FILEPATH>e:\enlistcsa\sources\wincsa\src\ddsuites\src\vs\edtqa\static\xmlvalidation\advancedbranches\</FILEPATH><FILENAME>ab_secondloop.cpp</FILENAME><LINE>46</LINE><COLUMN>6</COLUMN><KEYEVENT><ID>3</ID><KIND>branch</KIND><IMPORTANCE>Full</IMPORTANCE><MESSAGE>Enter this branch, (assume '!flag')</MESSAGE></KEYEVENT></SFA><SFA><FILEPATH>e:\enlistcsa\sources\wincsa\src\ddsuites\src\vs\edtqa\static\xmlvalidation\advancedbranches\</FILEPATH><FILENAME>ab_secondloop.cpp</FILENAME><LINE>47</LINE><COLUMN>8</COLUMN></SFA><SFA><FILEPATH>e:\enlistcsa\sources\wincsa\src\ddsuites\src\vs\edtqa\static\xmlvalidation\advancedbranches\</FILEPATH><FILENAME>ab_secondloop.cpp</FILENAME><LINE>44</LINE><COLUMN>25</COLUMN></SFA><SFA><FILEPATH>e:\enlistcsa\sources\wincsa\src\ddsuites\src\vs\edtqa\static\xmlvalidation\advancedbranches\</FILEPATH><FILENAME>ab_secondloop.cpp</FILENAME><LINE>44</LINE><COLUMN>16</COLUMN><KEYEVENT><ID>4</ID><KIND>branch</KIND><IMPORTANCE>Full</IMPORTANCE><MESSAGE>Continue this loop, (assume 'i&lt;param')</MESSAGE></KEYEVENT></SFA><SFA><FILEPATH>e:\enlistcsa\sources\wincsa\src\ddsuites\src\vs\edtqa\static\xmlvalidation\advancedbranches\</FILEPATH><FILENAME>ab_secondloop.cpp</FILENAME><LINE>46</LINE><COLUMN>6</COLUMN><KEYEVENT><ID>5</ID><KIND>branch</KIND><IMPORTANCE>Full</IMPORTANCE><MESSAGE>Skip this branch, (assume '!flag' is false)</MESSAGE></KEYEVENT></SFA><SFA><FILEPATH>e:\enlistcsa\sources\wincsa\src\ddsuites\src\vs\edtqa\static\xmlvalidation\advancedbranches\</FILEPATH><FILENAME>ab_secondloop.cpp</FILENAME><LINE>49</LINE><COLUMN>7</COLUMN></SFA><SFA><FILEPATH>e:\enlistcsa\sources\wincsa\src\ddsuites\src\vs\edtqa\static\xmlvalidation\advancedbranches\</FILEPATH><FILENAME>ab_secondloop.cpp</FILENAME><LINE>44</LINE><COLUMN>25</COLUMN></SFA><SFA><FILEPATH>e:\enlistcsa\sources\wincsa\src\ddsuites\src\vs\edtqa\static\xmlvalidation\advancedbranches\</FILEPATH><FILENAME>ab_secondloop.cpp</FILENAME><LINE>44</LINE><COLUMN>16</COLUMN><KEYEVENT><ID>6</ID><KIND>branch</KIND><IMPORTANCE>Full</IMPORTANCE><MESSAGE>'param' may equal 2 (Exit this loop)</MESSAGE></KEYEVENT></SFA><SFA><FILEPATH>e:\enlistcsa\sources\wincsa\src\ddsuites\src\vs\edtqa\static\xmlvalidation\advancedbranches\</FILEPATH><FILENAME>ab_secondloop.cpp</FILENAME><LINE>52</LINE><COLUMN>8</COLUMN><KEYEVENT><ID>7</ID><KIND>usage</KIND><IMPORTANCE>Essential</IMPORTANCE><MESSAGE>Invalid read from 'x[2]', (readable range is 0 to 1)</MESSAGE></KEYEVENT></SFA></PATH></DEFECT><DEFECT><SFA><FILEPATH>e:\enlistcsa\sources\wincsa\src\ddsuites\src\vs\edtqa\static\xmlvalidation\advancedbranches\</FILEPATH><FILENAME>ab_secondloop.cpp</FILENAME><LINE>53</LINE><COLUMN>8</COLUMN></SFA><DEFECTCODE>6385</DEFECTCODE><DESCRIPTION>Reading invalid data from 'y':  the readable size is '8' bytes, but '12' bytes may be read.</DESCRIPTION><FUNCTION>C6011_OnlyOnSecondLoopPlusRollbackDefect</FUNCTION><DECORATED>?C6011_OnlyOnSecondLoopPlusRollbackDefect@@YAXH@Z</DECORATED><FUNCLINE>38</FUNCLINE><PROBABILITY>1</PROBABILITY><RANK>4</RANK><CATEGORY><RULECATEGORY>mspft</RULECATEGORY></CATEGORY><PATH><SFA><FILEPATH>e:\enlistcsa\sources\wincsa\src\ddsuites\src\vs\edtqa\static\xmlvalidation\advancedbranches\</FILEPATH><FILENAME>ab_secondloop.cpp</FILENAME><LINE>40</LINE><COLUMN>7</COLUMN></SFA><SFA><FILEPATH>e:\enlistcsa\sources\wincsa\src\ddsuites\src\vs\edtqa\static\xmlvalidation\advancedbranches\</FILEPATH><FILENAME>ab_secondloop.cpp</FILENAME><LINE>41</LINE><COLUMN>6</COLUMN></SFA><SFA><FILEPATH>e:\enlistcsa\sources\wincsa\src\ddsuites\src\vs\edtqa\static\xmlvalidation\advancedbranches\</FILEPATH><FILENAME>ab_secondloop.cpp</FILENAME><LINE>42</LINE><COLUMN>8</COLUMN></SFA><SFA><FILEPATH>e:\enlistcsa\sources\wincsa\src\ddsuites\src\vs\edtqa\static\xmlvalidation\advancedbranches\</FILEPATH><FILENAME>ab_secondloop.cpp</FILENAME><LINE>42</LINE><COLUMN>22</COLUMN><KEYEVENT><ID>1</ID><KIND>declaration</KIND><IMPORTANCE>Essential</IMPORTANCE><MESSAGE>'y' is an array of 2 elements (8 bytes)</MESSAGE></KEYEVENT></SFA><SFA><FILEPATH>e:\enlistcsa\sources\wincsa\src\ddsuites\src\vs\edtqa\static\xmlvalidation\advancedbranches\</FILEPATH><FILENAME>ab_secondloop.cpp</FILENAME><LINE>44</LINE><COLUMN>10</COLUMN></SFA><SFA><FILEPATH>e:\enlistcsa\sources\wincsa\src\ddsuites\src\vs\edtqa\static\xmlvalidation\advancedbranches\</FILEPATH><FILENAME>ab_secondloop.cpp</FILENAME><LINE>44</LINE><COLUMN>16</COLUMN><KEYEVENT><ID>2</ID><KIND>branch</KIND><IMPORTANCE>Full</IMPORTANCE><MESSAGE>Enter this loop, (assume 'i&lt;param')</MESSAGE></KEYEVENT></SFA><SFA><FILEPATH>e:\enlistcsa\sources\wincsa\src\ddsuites\src\vs\edtqa\static\xmlvalidation\advancedbranches\</FILEPATH><FILENAME>ab_secondloop.cpp</FILENAME><LINE>46</LINE><COLUMN>6</COLUMN><KEYEVENT><ID>3</ID><KIND>branch</KIND><IMPORTANCE>Full</IMPORTANCE><MESSAGE>Enter this branch, (assume '!flag')</MESSAGE></KEYEVENT></SFA><SFA><FILEPATH>e:\enlistcsa\sources\wincsa\src\ddsuites\src\vs\edtqa\static\xmlvalidation\advancedbranches\</FILEPATH><FILENAME>ab_secondloop.cpp</FILENAME><LINE>47</LINE><COLUMN>8</COLUMN></SFA><SFA><FILEPATH>e:\enlistcsa\sources\wincsa\src\ddsuites\src\vs\edtqa\static\xmlvalidation\advancedbranches\</FILEPATH><FILENAME>ab_secondloop.cpp</FILENAME><LINE>44</LINE><COLUMN>25</COLUMN></SFA><SFA><FILEPATH>e:\enlistcsa\sources\wincsa\src\ddsuites\src\vs\edtqa\static\xmlvalidation\advancedbranches\</FILEPATH><FILENAME>ab_secondloop.cpp</FILENAME><LINE>44</LINE><COLUMN>16</COLUMN><KEYEVENT><ID>4</ID><KIND>branch</KIND><IMPORTANCE>Full</IMPORTANCE><MESSAGE>'param' may equal 1 (Exit this loop)</MESSAGE></KEYEVENT></SFA><SFA><FILEPATH>e:\enlistcsa\sources\wincsa\src\ddsuites\src\vs\edtqa\static\xmlvalidation\advancedbranches\</FILEPATH><FILENAME>ab_secondloop.cpp</FILENAME><LINE>52</LINE><COLUMN>8</COLUMN></SFA><SFA><FILEPATH>e:\enlistcsa\sources\wincsa\src\ddsuites\src\vs\edtqa\static\xmlvalidation\advancedbranches\</FILEPATH><FILENAME>ab_secondloop.cpp</FILENAME><LINE>53</LINE><COLUMN>8</COLUMN><KEYEVENT><ID>5</ID><KIND>usage</KIND><IMPORTANCE>Essential</IMPORTANCE><MESSAGE>Invalid read from 'y[2]', (readable range is 0 to 1)</MESSAGE></KEYEVENT></SFA></PATH></DEFECT><DEFECT><SFA><FILEPATH>e:\enlistcsa\sources\wincsa\src\ddsuites\src\vs\edtqa\static\xmlvalidation\advancedbranches\</FILEPATH><FILENAME>ab_secondloop.cpp</FILENAME><LINE>49</LINE><COLUMN>7</COLUMN></SFA><DEFECTCODE>6011</DEFECTCODE><DESCRIPTION>Dereferencing NULL pointer 'source'. </DESCRIPTION><FUNCTION>C6011_OnlyOnSecondLoopPlusRollbackDefect</FUNCTION><DECORATED>?C6011_OnlyOnSecondLoopPlusRollbackDefect@@YAXH@Z</DECORATED><FUNCLINE>38</FUNCLINE><PROBABILITY>1</PROBABILITY><RANK>4</RANK><CATEGORY><RULECATEGORY>mspft</RULECATEGORY></CATEGORY><PATH><SFA><FILEPATH>e:\enlistcsa\sources\wincsa\src\ddsuites\src\vs\edtqa\static\xmlvalidation\advancedbranches\</FILEPATH><FILENAME>ab_secondloop.cpp</FILENAME><LINE>40</LINE><COLUMN>7</COLUMN><KEYEVENT><ID>1</ID><KIND>declaration</KIND><IMPORTANCE>Essential</IMPORTANCE><MESSAGE>'source' is NULL</MESSAGE></KEYEVENT></SFA><SFA><FILEPATH>e:\enlistcsa\sources\wincsa\src\ddsuites\src\vs\edtqa\static\xmlvalidation\advancedbranches\</FILEPATH><FILENAME>ab_secondloop.cpp</FILENAME><LINE>41</LINE><COLUMN>6</COLUMN></SFA><SFA><FILEPATH>e:\enlistcsa\sources\wincsa\src\ddsuites\src\vs\edtqa\static\xmlvalidation\advancedbranches\</FILEPATH><FILENAME>ab_secondloop.cpp</FILENAME><LINE>42</LINE><COLUMN>8</COLUMN></SFA><SFA><FILEPATH>e:\enlistcsa\sources\wincsa\src\ddsuites\src\vs\edtqa\static\xmlvalidation\advancedbranches\</FILEPATH><FILENAME>ab_secondloop.cpp</FILENAME><LINE>42</LINE><COLUMN>22</COLUMN></SFA><SFA><FILEPATH>e:\enlistcsa\sources\wincsa\src\ddsuites\src\vs\edtqa\static\xmlvalidation\advancedbranches\</FILEPATH><FILENAME>ab_secondloop.cpp</FILENAME><LINE>44</LINE><COLUMN>10</COLUMN></SFA><SFA><FILEPATH>e:\enlistcsa\sources\wincsa\src\ddsuites\src\vs\edtqa\static\xmlvalidation\advancedbranches\</FILEPATH><FILENAME>ab_secondloop.cpp</FILENAME><LINE>44</LINE><COLUMN>16</COLUMN><KEYEVENT><ID>2</ID><KIND>branch</KIND><IMPORTANCE>Full</IMPORTANCE><MESSAGE>Enter this loop, (assume 'i&lt;param')</MESSAGE></KEYEVENT></SFA><SFA><FILEPATH>e:\enlistcsa\sources\wincsa\src\ddsuites\src\vs\edtqa\static\xmlvalidation\advancedbranches\</FILEPATH><FILENAME>ab_secondloop.cpp</FILENAME><LINE>46</LINE><COLUMN>6</COLUMN><KEYEVENT><ID>3</ID><KIND>branch</KIND><IMPORTANCE>Full</IMPORTANCE><MESSAGE>Enter this branch, (assume '!flag')</MESSAGE></KEYEVENT></SFA><SFA><FILEPATH>e:\enlistcsa\sources\wincsa\src\ddsuites\src\vs\edtqa\static\xmlvalidation\advancedbranches\</FILEPATH><FILENAME>ab_secondloop.cpp</FILENAME><LINE>47</LINE><COLUMN>8</COLUMN></SFA><SFA><FILEPATH>e:\enlistcsa\sources\wincsa\src\ddsuites\src\vs\edtqa\static\xmlvalidation\advancedbranches\</FILEPATH><FILENAME>ab_secondloop.cpp</FILENAME><LINE>44</LINE><COLUMN>25</COLUMN></SFA><SFA><FILEPATH>e:\enlistcsa\sources\wincsa\src\ddsuites\src\vs\edtqa\static\xmlvalidation\advancedbranches\</FILEPATH><FILENAME>ab_secondloop.cpp</FILENAME><LINE>44</LINE><COLUMN>16</COLUMN><KEYEVENT><ID>4</ID><KIND>branch</KIND><IMPORTANCE>Full</IMPORTANCE><MESSAGE>Continue this loop, (assume 'i&lt;param')</MESSAGE></KEYEVENT></SFA><SFA><FILEPATH>e:\enlistcsa\sources\wincsa\src\ddsuites\src\vs\edtqa\static\xmlvalidation\advancedbranches\</FILEPATH><FILENAME>ab_secondloop.cpp</FILENAME><LINE>46</LINE><COLUMN>6</COLUMN><KEYEVENT><ID>5</ID><KIND>branch</KIND><IMPORTANCE>Full</IMPORTANCE><MESSAGE>Skip this branch, (assume '!flag' is false)</MESSAGE></KEYEVENT></SFA><SFA><FILEPATH>e:\enlistcsa\sources\wincsa\src\ddsuites\src\vs\edtqa\static\xmlvalidation\advancedbranches\</FILEPATH><FILENAME>ab_secondloop.cpp</FILENAME><LINE>49</LINE><COLUMN>7</COLUMN><KEYEVENT><ID>6</ID><KIND>usage</KIND><IMPORTANCE>Essential</IMPORTANCE><MESSAGE>'source' is dereferenced, but may still be NULL</MESSAGE></KEYEVENT></SFA></PATH></DEFECT></DEFECTS>