<?xml version='1.0' encoding='UTF-8'?>
<DEFECTS><DEFECT><SFA><FILEPATH>e:\enlistcsa\sources\wincsa\src\ddsuites\src\vs\edtqa\static\xmlvalidation\advancedmerging\</FILEPATH><FILENAME>am_branchandmaybezero.cpp</FILENAME><LINE>8</LINE><COLUMN>5</COLUMN></SFA><DEFECTCODE>6011</DEFECTCODE><DESCRIPTION>Dereferencing NULL pointer 'p'. </DESCRIPTION><FUNCTION>CompareToZero</FUNCTION><DECORATED>?CompareToZero@@YAXPAH@Z</DECORATED><FUNCLINE>3</FUNCLINE><PROBABILITY>1</PROBABILITY><RANK>4</RANK><CATEGORY><RULECATEGORY>mspft</RULECATEGORY></CATEGORY><PATH><SFA><FILEPATH>e:\enlistcsa\sources\wincsa\src\ddsuites\src\vs\edtqa\static\xmlvalidation\advancedmerging\</FILEPATH><FILENAME>am_branchandmaybezero.cpp</FILENAME><LINE>5</LINE><COLUMN>7</COLUMN></SFA><SFA><FILEPATH>e:\enlistcsa\sources\wincsa\src\ddsuites\src\vs\edtqa\static\xmlvalidation\advancedmerging\</FILEPATH><FILENAME>am_branchandmaybezero.cpp</FILENAME><LINE>6</LINE><COLUMN>7</COLUMN><KEYEVENT><ID>1</ID><KIND>branch</KIND><IMPORTANCE>Full</IMPORTANCE><MESSAGE>'p' may be NULL (Enter this branch)</MESSAGE></KEYEVENT></SFA><SFA><FILEPATH>e:\enlistcsa\sources\wincsa\src\ddsuites\src\vs\edtqa\static\xmlvalidation\advancedmerging\</FILEPATH><FILENAME>am_branchandmaybezero.cpp</FILENAME><LINE>7</LINE><COLUMN>6</COLUMN></SFA><SFA><FILEPATH>e:\enlistcsa\sources\wincsa\src\ddsuites\src\vs\edtqa\static\xmlvalidation\advancedmerging\</FILEPATH><FILENAME>am_branchandmaybezero.cpp</FILENAME><LINE>8</LINE><COLUMN>5</COLUMN><KEYEVENT><ID>2</ID><KIND>usage</KIND><IMPORTANCE>Essential</IMPORTANCE><MESSAGE>'p' is dereferenced, but may still be NULL</MESSAGE></KEYEVENT></SFA></PATH></DEFECT><DEFECT><SFA><FILEPATH>e:\enlistcsa\sources\wincsa\src\ddsuites\src\vs\edtqa\static\xmlvalidation\advancedmerging\</FILEPATH><FILENAME>am_branchandmaybezero.cpp</FILENAME><LINE>15</LINE><COLUMN>5</COLUMN></SFA><DEFECTCODE>6011</DEFECTCODE><DESCRIPTION>Dereferencing NULL pointer 'input'. </DESCRIPTION><FUNCTION>CompareToZeroParam</FUNCTION><DECORATED>?CompareToZeroParam@@YAXPAH@Z</DECORATED><FUNCLINE>11</FUNCLINE><PROBABILITY>1</PROBABILITY><RANK>4</RANK><CATEGORY><RULECATEGORY>mspft</RULECATEGORY></CATEGORY><PATH><SFA><FILEPATH>e:\enlistcsa\sources\wincsa\src\ddsuites\src\vs\edtqa\static\xmlvalidation\advancedmerging\</FILEPATH><FILENAME>am_branchandmaybezero.cpp</FILENAME><LINE>13</LINE><COLUMN>11</COLUMN><KEYEVENT><ID>1</ID><KIND>branch</KIND><IMPORTANCE>Full</IMPORTANCE><MESSAGE>'input' may be NULL (Skip this branch)</MESSAGE></KEYEVENT></SFA><SFA><FILEPATH>e:\enlistcsa\sources\wincsa\src\ddsuites\src\vs\edtqa\static\xmlvalidation\advancedmerging\</FILEPATH><FILENAME>am_branchandmaybezero.cpp</FILENAME><LINE>15</LINE><COLUMN>5</COLUMN><KEYEVENT><ID>2</ID><KIND>usage</KIND><IMPORTANCE>Essential</IMPORTANCE><MESSAGE>'input' is dereferenced, but may still be NULL</MESSAGE></KEYEVENT></SFA></PATH></DEFECT><DEFECT><SFA><FILEPATH>e:\enlistcsa\sources\wincsa\src\ddsuites\src\vs\edtqa\static\xmlvalidation\advancedmerging\</FILEPATH><FILENAME>am_branchandmaybezero.cpp</FILENAME><LINE>24</LINE><COLUMN>5</COLUMN></SFA><DEFECTCODE>6011</DEFECTCODE><DESCRIPTION>Dereferencing NULL pointer 'p'. </DESCRIPTION><FUNCTION>ComplexCompareToZero</FUNCTION><DECORATED>?ComplexCompareToZero@@YAXPAH@Z</DECORATED><FUNCLINE>19</FUNCLINE><PROBABILITY>1</PROBABILITY><RANK>4</RANK><CATEGORY><RULECATEGORY>mspft</RULECATEGORY></CATEGORY><PATH><SFA><FILEPATH>e:\enlistcsa\sources\wincsa\src\ddsuites\src\vs\edtqa\static\xmlvalidation\advancedmerging\</FILEPATH><FILENAME>am_branchandmaybezero.cpp</FILENAME><LINE>21</LINE><COLUMN>7</COLUMN></SFA><SFA><FILEPATH>e:\enlistcsa\sources\wincsa\src\ddsuites\src\vs\edtqa\static\xmlvalidation\advancedmerging\</FILEPATH><FILENAME>am_branchandmaybezero.cpp</FILENAME><LINE>22</LINE><COLUMN>5</COLUMN><KEYEVENT><ID>1</ID><KIND>branch</KIND><IMPORTANCE>Full</IMPORTANCE><MESSAGE>'p' may be NULL (Skip this branch)</MESSAGE></KEYEVENT></SFA><SFA><FILEPATH>e:\enlistcsa\sources\wincsa\src\ddsuites\src\vs\edtqa\static\xmlvalidation\advancedmerging\</FILEPATH><FILENAME>am_branchandmaybezero.cpp</FILENAME><LINE>24</LINE><COLUMN>5</COLUMN><KEYEVENT><ID>2</ID><KIND>usage</KIND><IMPORTANCE>Essential</IMPORTANCE><MESSAGE>'p' is dereferenced, but may still be NULL</MESSAGE></KEYEVENT></SFA></PATH></DEFECT></DEFECTS>