<?xml version='1.0' encoding='UTF-8'?>
<DEFECTS><DEFECT><SFA><FILEPATH>e:\enlistcsa\sources\wincsa\src\ddsuites\src\vs\edtqa\static\xmlvalidation\advancedannotations\</FILEPATH><FILENAME>an_basic_c6387.cpp</FILENAME><LINE>16</LINE><COLUMN>19</COLUMN></SFA><DEFECTCODE>6387</DEFECTCODE><DESCRIPTION>'data' could be '0':  this does not adhere to the specification for the function 'RequiresNotNull'. </DESCRIPTION><FUNCTION>BasicC6387</FUNCTION><DECORATED>?BasicC6387@@YAXXZ</DECORATED><FUNCLINE>12</FUNCLINE><PROBABILITY>1</PROBABILITY><RANK>4</RANK><CATEGORY><RULECATEGORY>mspft</RULECATEGORY></CATEGORY><PATH><SFA><FILEPATH>e:\enlistcsa\sources\wincsa\src\ddsuites\src\vs\edtqa\static\xmlvalidation\advancedannotations\</FILEPATH><FILENAME>an_basic_c6387.cpp</FILENAME><LINE>14</LINE><COLUMN>10</COLUMN><KEYEVENT><ID>1</ID><KIND>declaration</KIND><IMPORTANCE>Essential</IMPORTANCE><MESSAGE>'data' is NULL</MESSAGE></KEYEVENT></SFA><SFA><FILEPATH>e:\enlistcsa\sources\wincsa\src\ddsuites\src\vs\edtqa\static\xmlvalidation\advancedannotations\</FILEPATH><FILENAME>an_basic_c6387.cpp</FILENAME><LINE>16</LINE><COLUMN>19</COLUMN><KEYEVENT><ID>2</ID><KIND>usage</KIND><IMPORTANCE>Full</IMPORTANCE><MESSAGE>'data' is an Input to 'RequiresNotNull' (declared on line 5)</MESSAGE></KEYEVENT></SFA><SFA><FILEPATH>e:\enlistcsa\sources\wincsa\src\ddsuites\src\vs\edtqa\static\xmlvalidation\advancedannotations\</FILEPATH><FILENAME>an_basic_c6387.cpp</FILENAME><LINE>16</LINE><COLUMN>19</COLUMN><KEYEVENT><ID>3</ID><KIND>usage</KIND><IMPORTANCE>Essential</IMPORTANCE><MESSAGE>'data' should not be NULL, because this is not consistent with the SAL annotation on 'RequiresNotNull'</MESSAGE></KEYEVENT></SFA></PATH></DEFECT><DEFECT><SFA><FILEPATH>e:\enlistcsa\sources\wincsa\src\ddsuites\src\vs\edtqa\static\xmlvalidation\advancedannotations\</FILEPATH><FILENAME>an_basic_c6387.cpp</FILENAME><LINE>22</LINE><COLUMN>19</COLUMN></SFA><DEFECTCODE>6387</DEFECTCODE><DESCRIPTION>'data' could be '0':  this does not adhere to the specification for the function 'RequiresNotNull'. </DESCRIPTION><FUNCTION>BasicC6387_Opt</FUNCTION><DECORATED>?BasicC6387_Opt@@YAXPAH@Z</DECORATED><FUNCLINE>20</FUNCLINE><PROBABILITY>1</PROBABILITY><RANK>4</RANK><CATEGORY><RULECATEGORY>mspft</RULECATEGORY></CATEGORY><PATH><SFA><FILEPATH>e:\enlistcsa\sources\wincsa\src\ddsuites\src\vs\edtqa\static\xmlvalidation\advancedannotations\</FILEPATH><FILENAME>an_basic_c6387.cpp</FILENAME><LINE>20</LINE><COLUMN>5</COLUMN><KEYEVENT><ID>1</ID><KIND>declaration</KIND><IMPORTANCE>Essential</IMPORTANCE><MESSAGE>'data' may be NULL</MESSAGE></KEYEVENT></SFA><SFA><FILEPATH>e:\enlistcsa\sources\wincsa\src\ddsuites\src\vs\edtqa\static\xmlvalidation\advancedannotations\</FILEPATH><FILENAME>an_basic_c6387.cpp</FILENAME><LINE>22</LINE><COLUMN>19</COLUMN><KEYEVENT><ID>2</ID><KIND>usage</KIND><IMPORTANCE>Full</IMPORTANCE><MESSAGE>'data' is an Input to 'RequiresNotNull' (declared on line 5)</MESSAGE></KEYEVENT></SFA><SFA><FILEPATH>e:\enlistcsa\sources\wincsa\src\ddsuites\src\vs\edtqa\static\xmlvalidation\advancedannotations\</FILEPATH><FILENAME>an_basic_c6387.cpp</FILENAME><LINE>22</LINE><COLUMN>19</COLUMN><KEYEVENT><ID>3</ID><KIND>usage</KIND><IMPORTANCE>Essential</IMPORTANCE><MESSAGE>'data' should not be NULL, because this is not consistent with the SAL annotation on 'RequiresNotNull'</MESSAGE></KEYEVENT></SFA></PATH></DEFECT><DEFECT><SFA><FILEPATH>e:\enlistcsa\sources\wincsa\src\ddsuites\src\vs\edtqa\static\xmlvalidation\advancedannotations\</FILEPATH><FILENAME>an_basic_c6387.cpp</FILENAME><LINE>30</LINE><COLUMN>19</COLUMN></SFA><DEFECTCODE>6387</DEFECTCODE><DESCRIPTION>'data' could be '0':  this does not adhere to the specification for the function 'RequiresNotNull'. </DESCRIPTION><FUNCTION>BasicC6387_PostNull</FUNCTION><DECORATED>?BasicC6387_PostNull@@YAXXZ</DECORATED><FUNCLINE>26</FUNCLINE><PROBABILITY>1</PROBABILITY><RANK>4</RANK><CATEGORY><RULECATEGORY>mspft</RULECATEGORY></CATEGORY><PATH><SFA><FILEPATH>e:\enlistcsa\sources\wincsa\src\ddsuites\src\vs\edtqa\static\xmlvalidation\advancedannotations\</FILEPATH><FILENAME>an_basic_c6387.cpp</FILENAME><LINE>28</LINE><COLUMN>10</COLUMN><KEYEVENT><ID>1</ID><KIND>declaration</KIND><IMPORTANCE>Essential</IMPORTANCE><MESSAGE>'data' may be NULL</MESSAGE></KEYEVENT></SFA><SFA><FILEPATH>e:\enlistcsa\sources\wincsa\src\ddsuites\src\vs\edtqa\static\xmlvalidation\advancedannotations\</FILEPATH><FILENAME>an_basic_c6387.cpp</FILENAME><LINE>30</LINE><COLUMN>19</COLUMN><KEYEVENT><ID>2</ID><KIND>usage</KIND><IMPORTANCE>Full</IMPORTANCE><MESSAGE>'data' is an Input to 'RequiresNotNull' (declared on line 5)</MESSAGE></KEYEVENT></SFA><SFA><FILEPATH>e:\enlistcsa\sources\wincsa\src\ddsuites\src\vs\edtqa\static\xmlvalidation\advancedannotations\</FILEPATH><FILENAME>an_basic_c6387.cpp</FILENAME><LINE>30</LINE><COLUMN>19</COLUMN><KEYEVENT><ID>3</ID><KIND>usage</KIND><IMPORTANCE>Essential</IMPORTANCE><MESSAGE>'data' should not be NULL, because this is not consistent with the SAL annotation on 'RequiresNotNull'</MESSAGE></KEYEVENT></SFA></PATH></DEFECT><DEFECT><SFA><FILEPATH>e:\enlistcsa\sources\wincsa\src\ddsuites\src\vs\edtqa\static\xmlvalidation\advancedannotations\</FILEPATH><FILENAME>an_basic_c6387.cpp</FILENAME><LINE>38</LINE><COLUMN>22</COLUMN></SFA><DEFECTCODE>6387</DEFECTCODE><DESCRIPTION>'data' could be '0':  this does not adhere to the specification for the function 'RequiresNotNullOut'. </DESCRIPTION><FUNCTION>BasicC6387_Out</FUNCTION><DECORATED>?BasicC6387_Out@@YAXXZ</DECORATED><FUNCLINE>34</FUNCLINE><PROBABILITY>1</PROBABILITY><RANK>4</RANK><CATEGORY><RULECATEGORY>mspft</RULECATEGORY></CATEGORY><PATH><SFA><FILEPATH>e:\enlistcsa\sources\wincsa\src\ddsuites\src\vs\edtqa\static\xmlvalidation\advancedannotations\</FILEPATH><FILENAME>an_basic_c6387.cpp</FILENAME><LINE>36</LINE><COLUMN>10</COLUMN><KEYEVENT><ID>1</ID><KIND>declaration</KIND><IMPORTANCE>Essential</IMPORTANCE><MESSAGE>'data' is NULL</MESSAGE></KEYEVENT></SFA><SFA><FILEPATH>e:\enlistcsa\sources\wincsa\src\ddsuites\src\vs\edtqa\static\xmlvalidation\advancedannotations\</FILEPATH><FILENAME>an_basic_c6387.cpp</FILENAME><LINE>38</LINE><COLUMN>22</COLUMN><KEYEVENT><ID>2</ID><KIND>declaration</KIND><IMPORTANCE>Full</IMPORTANCE><MESSAGE>'data' is an Output from 'RequiresNotNullOut' (declared on line 7)</MESSAGE></KEYEVENT></SFA><SFA><FILEPATH>e:\enlistcsa\sources\wincsa\src\ddsuites\src\vs\edtqa\static\xmlvalidation\advancedannotations\</FILEPATH><FILENAME>an_basic_c6387.cpp</FILENAME><LINE>38</LINE><COLUMN>22</COLUMN><KEYEVENT><ID>3</ID><KIND>usage</KIND><IMPORTANCE>Essential</IMPORTANCE><MESSAGE>'data' should not be NULL, because this is not consistent with the SAL annotation on 'RequiresNotNullOut'</MESSAGE></KEYEVENT></SFA></PATH></DEFECT><DEFECT><SFA><FILEPATH>e:\enlistcsa\sources\wincsa\src\ddsuites\src\vs\edtqa\static\xmlvalidation\advancedannotations\</FILEPATH><FILENAME>an_basic_c6387.cpp</FILENAME><LINE>43</LINE><COLUMN>5</COLUMN></SFA><DEFECTCODE>6387</DEFECTCODE><DESCRIPTION>'*pOut' could be '0':  this does not adhere to the specification for the function 'BasicC6387_OutNotNull'. </DESCRIPTION><FUNCTION>BasicC6387_OutNotNull</FUNCTION><DECORATED>?BasicC6387_OutNotNull@@YAXPAPAH@Z</DECORATED><FUNCLINE>43</FUNCLINE><PROBABILITY>1</PROBABILITY><RANK>4</RANK><CATEGORY><RULECATEGORY>mspft</RULECATEGORY></CATEGORY><PATH><SFA><FILEPATH>e:\enlistcsa\sources\wincsa\src\ddsuites\src\vs\edtqa\static\xmlvalidation\advancedannotations\</FILEPATH><FILENAME>an_basic_c6387.cpp</FILENAME><LINE>45</LINE><COLUMN>10</COLUMN></SFA><SFA><FILEPATH>e:\enlistcsa\sources\wincsa\src\ddsuites\src\vs\edtqa\static\xmlvalidation\advancedannotations\</FILEPATH><FILENAME>an_basic_c6387.cpp</FILENAME><LINE>47</LINE><COLUMN>10</COLUMN><KEYEVENT><ID>1</ID><KIND>declaration</KIND><IMPORTANCE>Essential</IMPORTANCE><MESSAGE>'*pOut' may be NULL</MESSAGE></KEYEVENT></SFA><SFA><FILEPATH>e:\enlistcsa\sources\wincsa\src\ddsuites\src\vs\edtqa\static\xmlvalidation\advancedannotations\</FILEPATH><FILENAME>an_basic_c6387.cpp</FILENAME><LINE>48</LINE><COLUMN>0</COLUMN></SFA><SFA><FILEPATH>e:\enlistcsa\sources\wincsa\src\ddsuites\src\vs\edtqa\static\xmlvalidation\advancedannotations\</FILEPATH><FILENAME>an_basic_c6387.cpp</FILENAME><LINE>43</LINE><COLUMN>5</COLUMN><KEYEVENT><ID>2</ID><KIND>usage</KIND><IMPORTANCE>Essential</IMPORTANCE><MESSAGE>'*pOut' should not be NULL, because this is not consistent with the SAL annotation on 'BasicC6387_OutNotNull'</MESSAGE></KEYEVENT></SFA></PATH></DEFECT></DEFECTS>