<?xml version='1.0' encoding='UTF-8'?>
<DEFECTS><DEFECT><SFA><FILEPATH>c:\wincsa\src\ddsuites\src\vs\edtqa\static\xmlvalidation\c6386\</FILEPATH><FILENAME>c6386example.cpp</FILENAME><LINE>9</LINE><COLUMN>11</COLUMN></SFA><DEFECTCODE>6386</DEFECTCODE><DESCRIPTION>Buffer overrun while writing to 'a':  the writable size is '4' bytes, but '5' bytes might be written.</DESCRIPTION><FUNCTION>C6386_Example</FUNCTION><DECORATED>?C6386_Example@@YAXXZ</DECORATED><FUNCLINE>1</FUNCLINE><PROBABILITY>1</PROBABILITY><RANK>4</RANK><CATEGORY><RULECATEGORY>mspft</RULECATEGORY></CATEGORY><PATH><SFA><FILEPATH>c:\wincsa\src\ddsuites\src\vs\edtqa\static\xmlvalidation\c6386\</FILEPATH><FILENAME>c6386example.cpp</FILENAME><LINE>3</LINE><COLUMN>8</COLUMN><KEYEVENT><ID>1</ID><KIND>declaration</KIND><IMPORTANCE>Essential</IMPORTANCE><MESSAGE>'a' is an array of 4 elements (4 bytes)</MESSAGE></KEYEVENT></SFA><SFA><FILEPATH>c:\wincsa\src\ddsuites\src\vs\edtqa\static\xmlvalidation\c6386\</FILEPATH><FILENAME>c6386example.cpp</FILENAME><LINE>4</LINE><COLUMN>7</COLUMN><KEYEVENT><ID>2</ID><KIND>declaration</KIND><IMPORTANCE>Essential</IMPORTANCE><MESSAGE>'j' is 4</MESSAGE></KEYEVENT></SFA><SFA><FILEPATH>c:\wincsa\src\ddsuites\src\vs\edtqa\static\xmlvalidation\c6386\</FILEPATH><FILENAME>c6386example.cpp</FILENAME><LINE>5</LINE><COLUMN>9</COLUMN><KEYEVENT><ID>3</ID><KIND>branch</KIND><IMPORTANCE>Full</IMPORTANCE><MESSAGE>Skip this branch, (assume 'j&lt;4' is false)</MESSAGE></KEYEVENT></SFA><SFA><FILEPATH>c:\wincsa\src\ddsuites\src\vs\edtqa\static\xmlvalidation\c6386\</FILEPATH><FILENAME>c6386example.cpp</FILENAME><LINE>9</LINE><COLUMN>11</COLUMN><KEYEVENT><ID>4</ID><KIND>usage</KIND><IMPORTANCE>Essential</IMPORTANCE><MESSAGE>Invalid write to 'a[4]', (writable range is 0 to 3)</MESSAGE></KEYEVENT></SFA></PATH></DEFECT></DEFECTS>