<?xml version="1.0" encoding="UTF-8"?>
<DEFECTS>
  <DEFECT>
    <SFA>
      <FILEPATH>d:\src\sarif-sdk\src\sarif.functionaltests\convertertestdata\prefast\src\advancedaliasing\</FILEPATH>
      <FILENAME>aa_indexalias.cpp</FILENAME>
      <LINE>15</LINE>
      <COLUMN>19</COLUMN>
    </SFA>
    <DEFECTCODE>6385</DEFECTCODE>
    <DESCRIPTION>Reading invalid data from 'contentStores':  the readable size is '2*4' bytes, but 'index' bytes may be read.</DESCRIPTION>
    <FUNCTION>C6385_IndexAlias</FUNCTION>
    <DECORATED>?C6385_IndexAlias@@YAXH@Z</DECORATED>
    <FUNCLINE>3</FUNCLINE>
    <PROBABILITY>1</PROBABILITY>
    <RANK>4</RANK>
    <CATEGORY>
      <RULECATEGORY>mspft</RULECATEGORY>
    </CATEGORY>
    <PATH>
      <SFA>
        <FILEPATH>d:\src\sarif-sdk\src\sarif.functionaltests\convertertestdata\prefast\src\advancedaliasing\</FILEPATH>
        <FILENAME>aa_indexalias.cpp</FILENAME>
        <LINE>5</LINE>
        <COLUMN>5</COLUMN>
        <KEYEVENT>
          <ID>1</ID>
          <KIND>declaration</KIND>
          <IMPORTANCE>Essential</IMPORTANCE>
          <MESSAGE>'contentStores' is an array of 2 elements (8 bytes)</MESSAGE>
        </KEYEVENT>
      </SFA>
      <SFA>
        <FILEPATH>d:\src\sarif-sdk\src\sarif.functionaltests\convertertestdata\prefast\src\advancedaliasing\</FILEPATH>
        <FILENAME>aa_indexalias.cpp</FILENAME>
        <LINE>7</LINE>
        <COLUMN>18</COLUMN>
      </SFA>
      <SFA>
        <FILEPATH>d:\src\sarif-sdk\src\sarif.functionaltests\convertertestdata\prefast\src\advancedaliasing\</FILEPATH>
        <FILENAME>aa_indexalias.cpp</FILENAME>
        <LINE>9</LINE>
        <COLUMN>18</COLUMN>
      </SFA>
      <SFA>
        <FILEPATH>d:\src\sarif-sdk\src\sarif.functionaltests\convertertestdata\prefast\src\advancedaliasing\</FILEPATH>
        <FILENAME>aa_indexalias.cpp</FILENAME>
        <LINE>11</LINE>
        <COLUMN>19</COLUMN>
        <KEYEVENT>
          <ID>2</ID>
          <KIND>branch</KIND>
          <IMPORTANCE>Full</IMPORTANCE>
          <MESSAGE>Enter this loop, (assume 'inputIndex&gt;1')</MESSAGE>
        </KEYEVENT>
      </SFA>
      <SFA>
        <FILEPATH>d:\src\sarif-sdk\src\sarif.functionaltests\convertertestdata\prefast\src\advancedaliasing\</FILEPATH>
        <FILENAME>aa_indexalias.cpp</FILENAME>
        <LINE>13</LINE>
        <COLUMN>6</COLUMN>
        <KEYEVENT>
          <ID>3</ID>
          <KIND>alias</KIND>
          <IMPORTANCE>Essential</IMPORTANCE>
          <MESSAGE>(alias) 'index' receives the value of 'inputIndex'</MESSAGE>
        </KEYEVENT>
      </SFA>
      <SFA>
        <FILEPATH>d:\src\sarif-sdk\src\sarif.functionaltests\convertertestdata\prefast\src\advancedaliasing\</FILEPATH>
        <FILENAME>aa_indexalias.cpp</FILENAME>
        <LINE>15</LINE>
        <COLUMN>19</COLUMN>
        <KEYEVENT>
          <ID>4</ID>
          <KIND>usage</KIND>
          <IMPORTANCE>Essential</IMPORTANCE>
          <MESSAGE>Invalid read from 'contentStores[2]', (readable range is 0 to 1)</MESSAGE>
        </KEYEVENT>
      </SFA>
    </PATH>
  </DEFECT>
</DEFECTS>