<?xml version="1.0" encoding="UTF-8"?>
<DEFECTS>
  <DEFECT>
    <SFA>
      <FILEPATH>d:\src\sarif-sdk\src\sarif.functionaltests\convertertestdata\prefast\src\advancedaliasing\</FILEPATH>
      <FILENAME>aa_rememberoldalias.cpp</FILENAME>
      <LINE>13</LINE>
      <COLUMN>9</COLUMN>
    </SFA>
    <DEFECTCODE>6001</DEFECTCODE>
    <DESCRIPTION>Using uninitialized memory 'data'.</DESCRIPTION>
    <FUNCTION>DontRememberOldAlias</FUNCTION>
    <DECORATED>?DontRememberOldAlias@@YAXPEAH@Z</DECORATED>
    <FUNCLINE>5</FUNCLINE>
    <PROBABILITY>1</PROBABILITY>
    <RANK>3</RANK>
    <CATEGORY>
      <RULECATEGORY>mspft</RULECATEGORY>
    </CATEGORY>
    <PATH>
      <SFA>
        <FILEPATH>d:\src\sarif-sdk\src\sarif.functionaltests\convertertestdata\prefast\src\advancedaliasing\</FILEPATH>
        <FILENAME>aa_rememberoldalias.cpp</FILENAME>
        <LINE>7</LINE>
        <COLUMN>5</COLUMN>
        <KEYEVENT>
          <ID>1</ID>
          <KIND>declaration</KIND>
          <IMPORTANCE>Essential</IMPORTANCE>
          <MESSAGE>'data' is not initialized</MESSAGE>
        </KEYEVENT>
      </SFA>
      <SFA>
        <FILEPATH>d:\src\sarif-sdk\src\sarif.functionaltests\convertertestdata\prefast\src\advancedaliasing\</FILEPATH>
        <FILENAME>aa_rememberoldalias.cpp</FILENAME>
        <LINE>9</LINE>
        <COLUMN>5</COLUMN>
      </SFA>
      <SFA>
        <FILEPATH>d:\src\sarif-sdk\src\sarif.functionaltests\convertertestdata\prefast\src\advancedaliasing\</FILEPATH>
        <FILENAME>aa_rememberoldalias.cpp</FILENAME>
        <LINE>10</LINE>
        <COLUMN>5</COLUMN>
      </SFA>
      <SFA>
        <FILEPATH>d:\src\sarif-sdk\src\sarif.functionaltests\convertertestdata\prefast\src\advancedaliasing\</FILEPATH>
        <FILENAME>aa_rememberoldalias.cpp</FILENAME>
        <LINE>11</LINE>
        <COLUMN>3</COLUMN>
      </SFA>
      <SFA>
        <FILEPATH>d:\src\sarif-sdk\src\sarif.functionaltests\convertertestdata\prefast\src\advancedaliasing\</FILEPATH>
        <FILENAME>aa_rememberoldalias.cpp</FILENAME>
        <LINE>13</LINE>
        <COLUMN>9</COLUMN>
        <KEYEVENT>
          <ID>2</ID>
          <KIND>usage</KIND>
          <IMPORTANCE>Essential</IMPORTANCE>
          <MESSAGE>'data' is used, but may not have been initialized</MESSAGE>
        </KEYEVENT>
      </SFA>
    </PATH>
  </DEFECT>
  <DEFECT>
    <SFA>
      <FILEPATH>d:\src\sarif-sdk\src\sarif.functionaltests\convertertestdata\prefast\src\advancedaliasing\</FILEPATH>
      <FILENAME>aa_rememberoldalias.cpp</FILENAME>
      <LINE>13</LINE>
      <COLUMN>9</COLUMN>
    </SFA>
    <DEFECTCODE>6385</DEFECTCODE>
    <DESCRIPTION>Reading invalid data from 'data':  the readable size is '40' bytes, but '44' bytes may be read.</DESCRIPTION>
    <FUNCTION>DontRememberOldAlias</FUNCTION>
    <DECORATED>?DontRememberOldAlias@@YAXPEAH@Z</DECORATED>
    <FUNCLINE>5</FUNCLINE>
    <PROBABILITY>1</PROBABILITY>
    <RANK>4</RANK>
    <CATEGORY>
      <RULECATEGORY>mspft</RULECATEGORY>
    </CATEGORY>
    <PATH>
      <SFA>
        <FILEPATH>d:\src\sarif-sdk\src\sarif.functionaltests\convertertestdata\prefast\src\advancedaliasing\</FILEPATH>
        <FILENAME>aa_rememberoldalias.cpp</FILENAME>
        <LINE>7</LINE>
        <COLUMN>5</COLUMN>
        <KEYEVENT>
          <ID>1</ID>
          <KIND>declaration</KIND>
          <IMPORTANCE>Essential</IMPORTANCE>
          <MESSAGE>'data' is an array of 10 elements (40 bytes)</MESSAGE>
        </KEYEVENT>
      </SFA>
      <SFA>
        <FILEPATH>d:\src\sarif-sdk\src\sarif.functionaltests\convertertestdata\prefast\src\advancedaliasing\</FILEPATH>
        <FILENAME>aa_rememberoldalias.cpp</FILENAME>
        <LINE>9</LINE>
        <COLUMN>5</COLUMN>
      </SFA>
      <SFA>
        <FILEPATH>d:\src\sarif-sdk\src\sarif.functionaltests\convertertestdata\prefast\src\advancedaliasing\</FILEPATH>
        <FILENAME>aa_rememberoldalias.cpp</FILENAME>
        <LINE>10</LINE>
        <COLUMN>5</COLUMN>
      </SFA>
      <SFA>
        <FILEPATH>d:\src\sarif-sdk\src\sarif.functionaltests\convertertestdata\prefast\src\advancedaliasing\</FILEPATH>
        <FILENAME>aa_rememberoldalias.cpp</FILENAME>
        <LINE>11</LINE>
        <COLUMN>3</COLUMN>
        <KEYEVENT>
          <ID>2</ID>
          <KIND>declaration</KIND>
          <IMPORTANCE>Essential</IMPORTANCE>
          <MESSAGE>'b' is equal to 10</MESSAGE>
        </KEYEVENT>
      </SFA>
      <SFA>
        <FILEPATH>d:\src\sarif-sdk\src\sarif.functionaltests\convertertestdata\prefast\src\advancedaliasing\</FILEPATH>
        <FILENAME>aa_rememberoldalias.cpp</FILENAME>
        <LINE>13</LINE>
        <COLUMN>9</COLUMN>
        <KEYEVENT>
          <ID>3</ID>
          <KIND>usage</KIND>
          <IMPORTANCE>Essential</IMPORTANCE>
          <MESSAGE>Invalid read from 'data[10]', (readable range is 0 to 9)</MESSAGE>
        </KEYEVENT>
      </SFA>
    </PATH>
  </DEFECT>
  <DEFECT>
    <SFA>
      <FILEPATH>d:\src\sarif-sdk\src\sarif.functionaltests\convertertestdata\prefast\src\advancedaliasing\</FILEPATH>
      <FILENAME>aa_rememberoldalias.cpp</FILENAME>
      <LINE>32</LINE>
      <COLUMN>11</COLUMN>
    </SFA>
    <DEFECTCODE>6011</DEFECTCODE>
    <DESCRIPTION>Dereferencing NULL pointer 'c'. </DESCRIPTION>
    <FUNCTION>RememberOldAlias</FUNCTION>
    <DECORATED>?RememberOldAlias@@YAXHHPEAH@Z</DECORATED>
    <FUNCLINE>16</FUNCLINE>
    <PROBABILITY>1</PROBABILITY>
    <RANK>4</RANK>
    <CATEGORY>
      <RULECATEGORY>mspft</RULECATEGORY>
    </CATEGORY>
    <PATH>
      <SFA>
        <FILEPATH>d:\src\sarif-sdk\src\sarif.functionaltests\convertertestdata\prefast\src\advancedaliasing\</FILEPATH>
        <FILENAME>aa_rememberoldalias.cpp</FILENAME>
        <LINE>18</LINE>
        <COLUMN>5</COLUMN>
        <KEYEVENT>
          <ID>1</ID>
          <KIND>declaration</KIND>
          <IMPORTANCE>Essential</IMPORTANCE>
          <MESSAGE>'a' is NULL</MESSAGE>
        </KEYEVENT>
      </SFA>
      <SFA>
        <FILEPATH>d:\src\sarif-sdk\src\sarif.functionaltests\convertertestdata\prefast\src\advancedaliasing\</FILEPATH>
        <FILENAME>aa_rememberoldalias.cpp</FILENAME>
        <LINE>19</LINE>
        <COLUMN>5</COLUMN>
      </SFA>
      <SFA>
        <FILEPATH>d:\src\sarif-sdk\src\sarif.functionaltests\convertertestdata\prefast\src\advancedaliasing\</FILEPATH>
        <FILENAME>aa_rememberoldalias.cpp</FILENAME>
        <LINE>20</LINE>
        <COLUMN>5</COLUMN>
      </SFA>
      <SFA>
        <FILEPATH>d:\src\sarif-sdk\src\sarif.functionaltests\convertertestdata\prefast\src\advancedaliasing\</FILEPATH>
        <FILENAME>aa_rememberoldalias.cpp</FILENAME>
        <LINE>21</LINE>
        <COLUMN>6</COLUMN>
      </SFA>
      <SFA>
        <FILEPATH>d:\src\sarif-sdk\src\sarif.functionaltests\convertertestdata\prefast\src\advancedaliasing\</FILEPATH>
        <FILENAME>aa_rememberoldalias.cpp</FILENAME>
        <LINE>23</LINE>
        <COLUMN>10</COLUMN>
      </SFA>
      <SFA>
        <FILEPATH>d:\src\sarif-sdk\src\sarif.functionaltests\convertertestdata\prefast\src\advancedaliasing\</FILEPATH>
        <FILENAME>aa_rememberoldalias.cpp</FILENAME>
        <LINE>23</LINE>
        <COLUMN>17</COLUMN>
        <KEYEVENT>
          <ID>2</ID>
          <KIND>branch</KIND>
          <IMPORTANCE>Full</IMPORTANCE>
          <MESSAGE>Enter this loop, (assume 'i&lt;2')</MESSAGE>
        </KEYEVENT>
      </SFA>
      <SFA>
        <FILEPATH>d:\src\sarif-sdk\src\sarif.functionaltests\convertertestdata\prefast\src\advancedaliasing\</FILEPATH>
        <FILENAME>aa_rememberoldalias.cpp</FILENAME>
        <LINE>25</LINE>
        <COLUMN>6</COLUMN>
        <KEYEVENT>
          <ID>3</ID>
          <KIND>branch</KIND>
          <IMPORTANCE>Full</IMPORTANCE>
          <MESSAGE>Enter this branch, (assume 'flag')</MESSAGE>
        </KEYEVENT>
      </SFA>
      <SFA>
        <FILEPATH>d:\src\sarif-sdk\src\sarif.functionaltests\convertertestdata\prefast\src\advancedaliasing\</FILEPATH>
        <FILENAME>aa_rememberoldalias.cpp</FILENAME>
        <LINE>26</LINE>
        <COLUMN>5</COLUMN>
        <KEYEVENT>
          <ID>4</ID>
          <KIND>alias</KIND>
          <IMPORTANCE>Essential</IMPORTANCE>
          <MESSAGE>(alias) 'b' receives the value of 'a' (which may be NULL)</MESSAGE>
        </KEYEVENT>
      </SFA>
      <SFA>
        <FILEPATH>d:\src\sarif-sdk\src\sarif.functionaltests\convertertestdata\prefast\src\advancedaliasing\</FILEPATH>
        <FILENAME>aa_rememberoldalias.cpp</FILENAME>
        <LINE>27</LINE>
        <COLUMN>5</COLUMN>
        <KEYEVENT>
          <ID>5</ID>
          <KIND>alias</KIND>
          <IMPORTANCE>Essential</IMPORTANCE>
          <MESSAGE>(alias) 'c' receives the value of 'b' (which may be NULL)</MESSAGE>
        </KEYEVENT>
      </SFA>
      <SFA>
        <FILEPATH>d:\src\sarif-sdk\src\sarif.functionaltests\convertertestdata\prefast\src\advancedaliasing\</FILEPATH>
        <FILENAME>aa_rememberoldalias.cpp</FILENAME>
        <LINE>28</LINE>
        <COLUMN>8</COLUMN>
      </SFA>
      <SFA>
        <FILEPATH>d:\src\sarif-sdk\src\sarif.functionaltests\convertertestdata\prefast\src\advancedaliasing\</FILEPATH>
        <FILENAME>aa_rememberoldalias.cpp</FILENAME>
        <LINE>23</LINE>
        <COLUMN>23</COLUMN>
      </SFA>
      <SFA>
        <FILEPATH>d:\src\sarif-sdk\src\sarif.functionaltests\convertertestdata\prefast\src\advancedaliasing\</FILEPATH>
        <FILENAME>aa_rememberoldalias.cpp</FILENAME>
        <LINE>23</LINE>
        <COLUMN>17</COLUMN>
        <KEYEVENT>
          <ID>6</ID>
          <KIND>branch</KIND>
          <IMPORTANCE>Full</IMPORTANCE>
          <MESSAGE>Continue this loop, (assume 'i&lt;2')</MESSAGE>
        </KEYEVENT>
      </SFA>
      <SFA>
        <FILEPATH>d:\src\sarif-sdk\src\sarif.functionaltests\convertertestdata\prefast\src\advancedaliasing\</FILEPATH>
        <FILENAME>aa_rememberoldalias.cpp</FILENAME>
        <LINE>25</LINE>
        <COLUMN>6</COLUMN>
        <KEYEVENT>
          <ID>7</ID>
          <KIND>branch</KIND>
          <IMPORTANCE>Full</IMPORTANCE>
          <MESSAGE>Skip this branch, (assume 'flag' is false)</MESSAGE>
        </KEYEVENT>
      </SFA>
      <SFA>
        <FILEPATH>d:\src\sarif-sdk\src\sarif.functionaltests\convertertestdata\prefast\src\advancedaliasing\</FILEPATH>
        <FILENAME>aa_rememberoldalias.cpp</FILENAME>
        <LINE>30</LINE>
        <COLUMN>5</COLUMN>
      </SFA>
      <SFA>
        <FILEPATH>d:\src\sarif-sdk\src\sarif.functionaltests\convertertestdata\prefast\src\advancedaliasing\</FILEPATH>
        <FILENAME>aa_rememberoldalias.cpp</FILENAME>
        <LINE>31</LINE>
        <COLUMN>5</COLUMN>
      </SFA>
      <SFA>
        <FILEPATH>d:\src\sarif-sdk\src\sarif.functionaltests\convertertestdata\prefast\src\advancedaliasing\</FILEPATH>
        <FILENAME>aa_rememberoldalias.cpp</FILENAME>
        <LINE>32</LINE>
        <COLUMN>11</COLUMN>
        <KEYEVENT>
          <ID>8</ID>
          <KIND>usage</KIND>
          <IMPORTANCE>Essential</IMPORTANCE>
          <MESSAGE>'c' is dereferenced, but may still be NULL</MESSAGE>
        </KEYEVENT>
      </SFA>
    </PATH>
  </DEFECT>
</DEFECTS>