<?xml version="1.0" encoding="UTF-8"?>
<DEFECTS>
  <DEFECT>
    <SFA>
      <FILEPATH>d:\src\sarif-sdk\src\sarif.functionaltests\convertertestdata\prefast\src\advancedbranches\</FILEPATH>
      <FILENAME>ab_irrelevantbranch.cpp</FILENAME>
      <LINE>12</LINE>
      <COLUMN>1</COLUMN>
    </SFA>
    <DEFECTCODE>6011</DEFECTCODE>
    <DESCRIPTION>Dereferencing NULL pointer 'target'. </DESCRIPTION>
    <FUNCTION>IrrelevantBranch_6011</FUNCTION>
    <DECORATED>?IrrelevantBranch_6011@@YAH_NH@Z</DECORATED>
    <FUNCLINE>3</FUNCLINE>
    <PROBABILITY>1</PROBABILITY>
    <RANK>4</RANK>
    <CATEGORY>
      <RULECATEGORY>mspft</RULECATEGORY>
    </CATEGORY>
    <PATH>
      <SFA>
        <FILEPATH>d:\src\sarif-sdk\src\sarif.functionaltests\convertertestdata\prefast\src\advancedbranches\</FILEPATH>
        <FILENAME>ab_irrelevantbranch.cpp</FILENAME>
        <LINE>5</LINE>
        <COLUMN>5</COLUMN>
        <KEYEVENT>
          <ID>1</ID>
          <KIND>declaration</KIND>
          <IMPORTANCE>Essential</IMPORTANCE>
          <MESSAGE>'source1' is NULL</MESSAGE>
        </KEYEVENT>
      </SFA>
      <SFA>
        <FILEPATH>d:\src\sarif-sdk\src\sarif.functionaltests\convertertestdata\prefast\src\advancedbranches\</FILEPATH>
        <FILENAME>ab_irrelevantbranch.cpp</FILENAME>
        <LINE>5</LINE>
        <COLUMN>19</COLUMN>
      </SFA>
      <SFA>
        <FILEPATH>d:\src\sarif-sdk\src\sarif.functionaltests\convertertestdata\prefast\src\advancedbranches\</FILEPATH>
        <FILENAME>ab_irrelevantbranch.cpp</FILENAME>
        <LINE>7</LINE>
        <COLUMN>5</COLUMN>
      </SFA>
      <SFA>
        <FILEPATH>d:\src\sarif-sdk\src\sarif.functionaltests\convertertestdata\prefast\src\advancedbranches\</FILEPATH>
        <FILENAME>ab_irrelevantbranch.cpp</FILENAME>
        <LINE>11</LINE>
        <COLUMN>5</COLUMN>
        <KEYEVENT>
          <ID>2</ID>
          <KIND>alias</KIND>
          <IMPORTANCE>Essential</IMPORTANCE>
          <MESSAGE>(alias) 'target' receives the value of 'source1' (which may be NULL)</MESSAGE>
        </KEYEVENT>
      </SFA>
      <SFA>
        <FILEPATH>d:\src\sarif-sdk\src\sarif.functionaltests\convertertestdata\prefast\src\advancedbranches\</FILEPATH>
        <FILENAME>ab_irrelevantbranch.cpp</FILENAME>
        <LINE>12</LINE>
        <COLUMN>1</COLUMN>
        <KEYEVENT>
          <ID>3</ID>
          <KIND>usage</KIND>
          <IMPORTANCE>Essential</IMPORTANCE>
          <MESSAGE>'target' is dereferenced, but may still be NULL</MESSAGE>
        </KEYEVENT>
      </SFA>
    </PATH>
  </DEFECT>
  <DEFECT>
    <SFA>
      <FILEPATH>d:\src\sarif-sdk\src\sarif.functionaltests\convertertestdata\prefast\src\advancedbranches\</FILEPATH>
      <FILENAME>ab_irrelevantbranch.cpp</FILENAME>
      <LINE>27</LINE>
      <COLUMN>5</COLUMN>
    </SFA>
    <DEFECTCODE>6001</DEFECTCODE>
    <DESCRIPTION>Using uninitialized memory 'data'.</DESCRIPTION>
    <FUNCTION>C6385_MaybeRelevantBranch</FUNCTION>
    <DECORATED>?C6385_MaybeRelevantBranch@@YAXH@Z</DECORATED>
    <FUNCLINE>18</FUNCLINE>
    <PROBABILITY>1</PROBABILITY>
    <RANK>3</RANK>
    <CATEGORY>
      <RULECATEGORY>mspft</RULECATEGORY>
    </CATEGORY>
    <PATH>
      <SFA>
        <FILEPATH>d:\src\sarif-sdk\src\sarif.functionaltests\convertertestdata\prefast\src\advancedbranches\</FILEPATH>
        <FILENAME>ab_irrelevantbranch.cpp</FILENAME>
        <LINE>20</LINE>
        <COLUMN>5</COLUMN>
        <KEYEVENT>
          <ID>1</ID>
          <KIND>declaration</KIND>
          <IMPORTANCE>Essential</IMPORTANCE>
          <MESSAGE>'data' is not initialized</MESSAGE>
        </KEYEVENT>
      </SFA>
      <SFA>
        <FILEPATH>d:\src\sarif-sdk\src\sarif.functionaltests\convertertestdata\prefast\src\advancedbranches\</FILEPATH>
        <FILENAME>ab_irrelevantbranch.cpp</FILENAME>
        <LINE>21</LINE>
        <COLUMN>5</COLUMN>
      </SFA>
      <SFA>
        <FILEPATH>d:\src\sarif-sdk\src\sarif.functionaltests\convertertestdata\prefast\src\advancedbranches\</FILEPATH>
        <FILENAME>ab_irrelevantbranch.cpp</FILENAME>
        <LINE>23</LINE>
        <COLUMN>9</COLUMN>
      </SFA>
      <SFA>
        <FILEPATH>d:\src\sarif-sdk\src\sarif.functionaltests\convertertestdata\prefast\src\advancedbranches\</FILEPATH>
        <FILENAME>ab_irrelevantbranch.cpp</FILENAME>
        <LINE>27</LINE>
        <COLUMN>5</COLUMN>
        <KEYEVENT>
          <ID>2</ID>
          <KIND>usage</KIND>
          <IMPORTANCE>Essential</IMPORTANCE>
          <MESSAGE>'data' is used, but may not have been initialized</MESSAGE>
        </KEYEVENT>
      </SFA>
    </PATH>
  </DEFECT>
  <DEFECT>
    <SFA>
      <FILEPATH>d:\src\sarif-sdk\src\sarif.functionaltests\convertertestdata\prefast\src\advancedbranches\</FILEPATH>
      <FILENAME>ab_irrelevantbranch.cpp</FILENAME>
      <LINE>27</LINE>
      <COLUMN>5</COLUMN>
    </SFA>
    <DEFECTCODE>6385</DEFECTCODE>
    <DESCRIPTION>Reading invalid data from 'data':  the readable size is '40' bytes, but '44' bytes may be read.</DESCRIPTION>
    <FUNCTION>C6385_MaybeRelevantBranch</FUNCTION>
    <DECORATED>?C6385_MaybeRelevantBranch@@YAXH@Z</DECORATED>
    <FUNCLINE>18</FUNCLINE>
    <PROBABILITY>1</PROBABILITY>
    <RANK>4</RANK>
    <CATEGORY>
      <RULECATEGORY>mspft</RULECATEGORY>
    </CATEGORY>
    <PATH>
      <SFA>
        <FILEPATH>d:\src\sarif-sdk\src\sarif.functionaltests\convertertestdata\prefast\src\advancedbranches\</FILEPATH>
        <FILENAME>ab_irrelevantbranch.cpp</FILENAME>
        <LINE>20</LINE>
        <COLUMN>5</COLUMN>
        <KEYEVENT>
          <ID>1</ID>
          <KIND>declaration</KIND>
          <IMPORTANCE>Essential</IMPORTANCE>
          <MESSAGE>'data' is an array of 10 elements (40 bytes)</MESSAGE>
        </KEYEVENT>
      </SFA>
      <SFA>
        <FILEPATH>d:\src\sarif-sdk\src\sarif.functionaltests\convertertestdata\prefast\src\advancedbranches\</FILEPATH>
        <FILENAME>ab_irrelevantbranch.cpp</FILENAME>
        <LINE>21</LINE>
        <COLUMN>5</COLUMN>
        <KEYEVENT>
          <ID>2</ID>
          <KIND>declaration</KIND>
          <IMPORTANCE>Essential</IMPORTANCE>
          <MESSAGE>'index' is equal to 10</MESSAGE>
        </KEYEVENT>
      </SFA>
      <SFA>
        <FILEPATH>d:\src\sarif-sdk\src\sarif.functionaltests\convertertestdata\prefast\src\advancedbranches\</FILEPATH>
        <FILENAME>ab_irrelevantbranch.cpp</FILENAME>
        <LINE>23</LINE>
        <COLUMN>9</COLUMN>
        <KEYEVENT>
          <ID>3</ID>
          <KIND>branch</KIND>
          <IMPORTANCE>Full</IMPORTANCE>
          <MESSAGE>Skip this branch, (assume 'flag&lt;10' is false)</MESSAGE>
        </KEYEVENT>
      </SFA>
      <SFA>
        <FILEPATH>d:\src\sarif-sdk\src\sarif.functionaltests\convertertestdata\prefast\src\advancedbranches\</FILEPATH>
        <FILENAME>ab_irrelevantbranch.cpp</FILENAME>
        <LINE>27</LINE>
        <COLUMN>5</COLUMN>
        <KEYEVENT>
          <ID>4</ID>
          <KIND>usage</KIND>
          <IMPORTANCE>Essential</IMPORTANCE>
          <MESSAGE>Invalid read from 'data[10]', (readable range is 0 to 9)</MESSAGE>
        </KEYEVENT>
      </SFA>
    </PATH>
  </DEFECT>
</DEFECTS>