<?xml version="1.0" encoding="UTF-8"?>
<DEFECTS>
  <DEFECT>
    <SFA>
      <FILEPATH>d:\src\sarif-sdk\src\sarif.functionaltests\convertertestdata\prefast\src\advancedbranches\</FILEPATH>
      <FILENAME>ab_irrelevantloop.cpp</FILENAME>
      <LINE>14</LINE>
      <COLUMN>5</COLUMN>
    </SFA>
    <DEFECTCODE>6385</DEFECTCODE>
    <DESCRIPTION>Reading invalid data from 'data':  the readable size is '40' bytes, but '44' bytes may be read.</DESCRIPTION>
    <FUNCTION>C6385_IrrelevantLoop</FUNCTION>
    <DECORATED>?C6385_IrrelevantLoop@@YAXXZ</DECORATED>
    <FUNCLINE>6</FUNCLINE>
    <PROBABILITY>1</PROBABILITY>
    <RANK>4</RANK>
    <CATEGORY>
      <RULECATEGORY>mspft</RULECATEGORY>
    </CATEGORY>
    <PATH>
      <SFA>
        <FILEPATH>d:\src\sarif-sdk\src\sarif.functionaltests\convertertestdata\prefast\src\advancedbranches\</FILEPATH>
        <FILENAME>ab_irrelevantloop.cpp</FILENAME>
        <LINE>8</LINE>
        <COLUMN>5</COLUMN>
        <KEYEVENT>
          <ID>1</ID>
          <KIND>declaration</KIND>
          <IMPORTANCE>Essential</IMPORTANCE>
          <MESSAGE>'data' is an array of 10 elements (40 bytes)</MESSAGE>
        </KEYEVENT>
      </SFA>
      <SFA>
        <FILEPATH>d:\src\sarif-sdk\src\sarif.functionaltests\convertertestdata\prefast\src\advancedbranches\</FILEPATH>
        <FILENAME>ab_irrelevantloop.cpp</FILENAME>
        <LINE>9</LINE>
        <COLUMN>5</COLUMN>
        <KEYEVENT>
          <ID>2</ID>
          <KIND>declaration</KIND>
          <IMPORTANCE>Essential</IMPORTANCE>
          <MESSAGE>'maxSize' is equal to 10</MESSAGE>
        </KEYEVENT>
      </SFA>
      <SFA>
        <FILEPATH>d:\src\sarif-sdk\src\sarif.functionaltests\convertertestdata\prefast\src\advancedbranches\</FILEPATH>
        <FILENAME>ab_irrelevantloop.cpp</FILENAME>
        <LINE>11</LINE>
        <COLUMN>10</COLUMN>
      </SFA>
      <SFA>
        <FILEPATH>d:\src\sarif-sdk\src\sarif.functionaltests\convertertestdata\prefast\src\advancedbranches\</FILEPATH>
        <FILENAME>ab_irrelevantloop.cpp</FILENAME>
        <LINE>11</LINE>
        <COLUMN>16</COLUMN>
      </SFA>
      <SFA>
        <FILEPATH>d:\src\sarif-sdk\src\sarif.functionaltests\convertertestdata\prefast\src\advancedbranches\</FILEPATH>
        <FILENAME>ab_irrelevantloop.cpp</FILENAME>
        <LINE>12</LINE>
        <COLUMN>10</COLUMN>
      </SFA>
      <SFA>
        <FILEPATH>d:\src\sarif-sdk\src\sarif.functionaltests\convertertestdata\prefast\src\advancedbranches\</FILEPATH>
        <FILENAME>ab_irrelevantloop.cpp</FILENAME>
        <LINE>11</LINE>
        <COLUMN>27</COLUMN>
      </SFA>
      <SFA>
        <FILEPATH>d:\src\sarif-sdk\src\sarif.functionaltests\convertertestdata\prefast\src\advancedbranches\</FILEPATH>
        <FILENAME>ab_irrelevantloop.cpp</FILENAME>
        <LINE>11</LINE>
        <COLUMN>16</COLUMN>
      </SFA>
      <SFA>
        <FILEPATH>d:\src\sarif-sdk\src\sarif.functionaltests\convertertestdata\prefast\src\advancedbranches\</FILEPATH>
        <FILENAME>ab_irrelevantloop.cpp</FILENAME>
        <LINE>12</LINE>
        <COLUMN>10</COLUMN>
      </SFA>
      <SFA>
        <FILEPATH>d:\src\sarif-sdk\src\sarif.functionaltests\convertertestdata\prefast\src\advancedbranches\</FILEPATH>
        <FILENAME>ab_irrelevantloop.cpp</FILENAME>
        <LINE>11</LINE>
        <COLUMN>27</COLUMN>
      </SFA>
      <SFA>
        <FILEPATH>d:\src\sarif-sdk\src\sarif.functionaltests\convertertestdata\prefast\src\advancedbranches\</FILEPATH>
        <FILENAME>ab_irrelevantloop.cpp</FILENAME>
        <LINE>11</LINE>
        <COLUMN>16</COLUMN>
      </SFA>
      <SFA>
        <FILEPATH>d:\src\sarif-sdk\src\sarif.functionaltests\convertertestdata\prefast\src\advancedbranches\</FILEPATH>
        <FILENAME>ab_irrelevantloop.cpp</FILENAME>
        <LINE>14</LINE>
        <COLUMN>5</COLUMN>
        <KEYEVENT>
          <ID>3</ID>
          <KIND>usage</KIND>
          <IMPORTANCE>Essential</IMPORTANCE>
          <MESSAGE>Invalid read from 'data[10]', (readable range is 0 to 9)</MESSAGE>
        </KEYEVENT>
      </SFA>
    </PATH>
  </DEFECT>
</DEFECTS>