<?xml version="1.0" encoding="UTF-8"?>
<DEFECTS>
  <DEFECT>
    <SFA>
      <FILEPATH>d:\src\sarif-sdk\src\sarif.functionaltests\convertertestdata\prefast\src\c6305\</FILEPATH>
      <FILENAME>advancedc6305.cpp</FILENAME>
      <LINE>12</LINE>
      <COLUMN>5</COLUMN>
    </SFA>
    <DEFECTCODE>6305</DEFECTCODE>
    <DESCRIPTION>Potential mismatch between sizeof and countof quantities. Use sizeof() to scale byte sizes.</DESCRIPTION>
    <FUNCTION>C6305FromAnnotation</FUNCTION>
    <DECORATED>?C6305FromAnnotation@@YAXPEAHH_N@Z</DECORATED>
    <FUNCLINE>5</FUNCLINE>
    <PROBABILITY>1</PROBABILITY>
    <RANK>2</RANK>
    <CATEGORY>
      <RULECATEGORY>mspft</RULECATEGORY>
    </CATEGORY>
    <PATH>
      <SFA>
        <FILEPATH>d:\src\sarif-sdk\src\sarif.functionaltests\convertertestdata\prefast\src\c6305\</FILEPATH>
        <FILENAME>advancedc6305.cpp</FILENAME>
        <LINE>5</LINE>
        <COLUMN>24</COLUMN>
        <KEYEVENT>
          <ID>1</ID>
          <KIND>declaration</KIND>
          <IMPORTANCE>Essential</IMPORTANCE>
          <MESSAGE>'inc' is a byte quantity</MESSAGE>
        </KEYEVENT>
      </SFA>
      <SFA>
        <FILEPATH>d:\src\sarif-sdk\src\sarif.functionaltests\convertertestdata\prefast\src\c6305\</FILEPATH>
        <FILENAME>advancedc6305.cpp</FILENAME>
        <LINE>10</LINE>
        <COLUMN>6</COLUMN>
      </SFA>
      <SFA>
        <FILEPATH>d:\src\sarif-sdk\src\sarif.functionaltests\convertertestdata\prefast\src\c6305\</FILEPATH>
        <FILENAME>advancedc6305.cpp</FILENAME>
        <LINE>11</LINE>
        <COLUMN>6</COLUMN>
        <KEYEVENT>
          <ID>2</ID>
          <KIND>branch</KIND>
          <IMPORTANCE>Full</IMPORTANCE>
          <MESSAGE>Enter this branch, (assume 'b')</MESSAGE>
        </KEYEVENT>
      </SFA>
      <SFA>
        <FILEPATH>d:\src\sarif-sdk\src\sarif.functionaltests\convertertestdata\prefast\src\c6305\</FILEPATH>
        <FILENAME>advancedc6305.cpp</FILENAME>
        <LINE>12</LINE>
        <COLUMN>5</COLUMN>
        <KEYEVENT>
          <ID>3</ID>
          <KIND>usage</KIND>
          <IMPORTANCE>Essential</IMPORTANCE>
          <MESSAGE>Expression mixes element counts and byte quantities</MESSAGE>
        </KEYEVENT>
      </SFA>
    </PATH>
  </DEFECT>
  <DEFECT>
    <SFA>
      <FILEPATH>d:\src\sarif-sdk\src\sarif.functionaltests\convertertestdata\prefast\src\c6305\</FILEPATH>
      <FILENAME>advancedc6305.cpp</FILENAME>
      <LINE>24</LINE>
      <COLUMN>6</COLUMN>
    </SFA>
    <DEFECTCODE>6305</DEFECTCODE>
    <DESCRIPTION>Potential mismatch between sizeof and countof quantities. Use sizeof() to scale byte sizes.</DESCRIPTION>
    <FUNCTION>RemoveRedundantKeyEvents1</FUNCTION>
    <DECORATED>?RemoveRedundantKeyEvents1@@YAHPEA_W@Z</DECORATED>
    <FUNCLINE>18</FUNCLINE>
    <PROBABILITY>1</PROBABILITY>
    <RANK>2</RANK>
    <CATEGORY>
      <RULECATEGORY>mspft</RULECATEGORY>
    </CATEGORY>
    <PATH>
      <SFA>
        <FILEPATH>d:\src\sarif-sdk\src\sarif.functionaltests\convertertestdata\prefast\src\c6305\</FILEPATH>
        <FILENAME>advancedc6305.cpp</FILENAME>
        <LINE>20</LINE>
        <COLUMN>8</COLUMN>
      </SFA>
      <SFA>
        <FILEPATH>d:\src\sarif-sdk\src\sarif.functionaltests\convertertestdata\prefast\src\c6305\</FILEPATH>
        <FILENAME>advancedc6305.cpp</FILENAME>
        <LINE>22</LINE>
        <COLUMN>8</COLUMN>
        <KEYEVENT>
          <ID>1</ID>
          <KIND>declaration</KIND>
          <IMPORTANCE>Essential</IMPORTANCE>
          <MESSAGE>'j' is a byte quantity</MESSAGE>
        </KEYEVENT>
      </SFA>
      <SFA>
        <FILEPATH>d:\src\sarif-sdk\src\sarif.functionaltests\convertertestdata\prefast\src\c6305\</FILEPATH>
        <FILENAME>advancedc6305.cpp</FILENAME>
        <LINE>24</LINE>
        <COLUMN>6</COLUMN>
        <KEYEVENT>
          <ID>2</ID>
          <KIND>usage</KIND>
          <IMPORTANCE>Essential</IMPORTANCE>
          <MESSAGE>Expression mixes element counts and byte quantities</MESSAGE>
        </KEYEVENT>
      </SFA>
    </PATH>
  </DEFECT>
  <DEFECT>
    <SFA>
      <FILEPATH>d:\src\sarif-sdk\src\sarif.functionaltests\convertertestdata\prefast\src\c6305\</FILEPATH>
      <FILENAME>advancedc6305.cpp</FILENAME>
      <LINE>38</LINE>
      <COLUMN>3</COLUMN>
    </SFA>
    <DEFECTCODE>6305</DEFECTCODE>
    <DESCRIPTION>Potential mismatch between sizeof and countof quantities. Use sizeof() to scale byte sizes.</DESCRIPTION>
    <FUNCTION>RemoveRedundantKeyEvents2</FUNCTION>
    <DECORATED>?RemoveRedundantKeyEvents2@@YAHPEA_W@Z</DECORATED>
    <FUNCLINE>29</FUNCLINE>
    <PROBABILITY>1</PROBABILITY>
    <RANK>2</RANK>
    <CATEGORY>
      <RULECATEGORY>mspft</RULECATEGORY>
    </CATEGORY>
    <PATH>
      <SFA>
        <FILEPATH>d:\src\sarif-sdk\src\sarif.functionaltests\convertertestdata\prefast\src\c6305\</FILEPATH>
        <FILENAME>advancedc6305.cpp</FILENAME>
        <LINE>31</LINE>
        <COLUMN>5</COLUMN>
      </SFA>
      <SFA>
        <FILEPATH>d:\src\sarif-sdk\src\sarif.functionaltests\convertertestdata\prefast\src\c6305\</FILEPATH>
        <FILENAME>advancedc6305.cpp</FILENAME>
        <LINE>33</LINE>
        <COLUMN>3</COLUMN>
      </SFA>
      <SFA>
        <FILEPATH>d:\src\sarif-sdk\src\sarif.functionaltests\convertertestdata\prefast\src\c6305\</FILEPATH>
        <FILENAME>advancedc6305.cpp</FILENAME>
        <LINE>34</LINE>
        <COLUMN>5</COLUMN>
      </SFA>
      <SFA>
        <FILEPATH>d:\src\sarif-sdk\src\sarif.functionaltests\convertertestdata\prefast\src\c6305\</FILEPATH>
        <FILENAME>advancedc6305.cpp</FILENAME>
        <LINE>35</LINE>
        <COLUMN>3</COLUMN>
      </SFA>
      <SFA>
        <FILEPATH>d:\src\sarif-sdk\src\sarif.functionaltests\convertertestdata\prefast\src\c6305\</FILEPATH>
        <FILENAME>advancedc6305.cpp</FILENAME>
        <LINE>36</LINE>
        <COLUMN>3</COLUMN>
        <KEYEVENT>
          <ID>1</ID>
          <KIND>declaration</KIND>
          <IMPORTANCE>Essential</IMPORTANCE>
          <MESSAGE>'i' is a byte quantity</MESSAGE>
        </KEYEVENT>
      </SFA>
      <SFA>
        <FILEPATH>d:\src\sarif-sdk\src\sarif.functionaltests\convertertestdata\prefast\src\c6305\</FILEPATH>
        <FILENAME>advancedc6305.cpp</FILENAME>
        <LINE>38</LINE>
        <COLUMN>3</COLUMN>
        <KEYEVENT>
          <ID>2</ID>
          <KIND>usage</KIND>
          <IMPORTANCE>Essential</IMPORTANCE>
          <MESSAGE>Expression mixes element counts and byte quantities</MESSAGE>
        </KEYEVENT>
      </SFA>
    </PATH>
  </DEFECT>
  <DEFECT>
    <SFA>
      <FILEPATH>d:\src\sarif-sdk\src\sarif.functionaltests\convertertestdata\prefast\src\c6305\</FILEPATH>
      <FILENAME>advancedc6305.cpp</FILENAME>
      <LINE>35</LINE>
      <COLUMN>3</COLUMN>
    </SFA>
    <DEFECTCODE>6305</DEFECTCODE>
    <DESCRIPTION>Potential mismatch between sizeof and countof quantities. Use sizeof() to scale byte sizes.</DESCRIPTION>
    <FUNCTION>RemoveRedundantKeyEvents2</FUNCTION>
    <DECORATED>?RemoveRedundantKeyEvents2@@YAHPEA_W@Z</DECORATED>
    <FUNCLINE>29</FUNCLINE>
    <PROBABILITY>1</PROBABILITY>
    <RANK>2</RANK>
    <CATEGORY>
      <RULECATEGORY>mspft</RULECATEGORY>
    </CATEGORY>
    <PATH>
      <SFA>
        <FILEPATH>d:\src\sarif-sdk\src\sarif.functionaltests\convertertestdata\prefast\src\c6305\</FILEPATH>
        <FILENAME>advancedc6305.cpp</FILENAME>
        <LINE>31</LINE>
        <COLUMN>5</COLUMN>
      </SFA>
      <SFA>
        <FILEPATH>d:\src\sarif-sdk\src\sarif.functionaltests\convertertestdata\prefast\src\c6305\</FILEPATH>
        <FILENAME>advancedc6305.cpp</FILENAME>
        <LINE>33</LINE>
        <COLUMN>3</COLUMN>
        <KEYEVENT>
          <ID>1</ID>
          <KIND>declaration</KIND>
          <IMPORTANCE>Essential</IMPORTANCE>
          <MESSAGE>'i' is a byte quantity</MESSAGE>
        </KEYEVENT>
      </SFA>
      <SFA>
        <FILEPATH>d:\src\sarif-sdk\src\sarif.functionaltests\convertertestdata\prefast\src\c6305\</FILEPATH>
        <FILENAME>advancedc6305.cpp</FILENAME>
        <LINE>34</LINE>
        <COLUMN>5</COLUMN>
      </SFA>
      <SFA>
        <FILEPATH>d:\src\sarif-sdk\src\sarif.functionaltests\convertertestdata\prefast\src\c6305\</FILEPATH>
        <FILENAME>advancedc6305.cpp</FILENAME>
        <LINE>35</LINE>
        <COLUMN>3</COLUMN>
        <KEYEVENT>
          <ID>2</ID>
          <KIND>usage</KIND>
          <IMPORTANCE>Essential</IMPORTANCE>
          <MESSAGE>Expression mixes element counts and byte quantities</MESSAGE>
        </KEYEVENT>
      </SFA>
    </PATH>
  </DEFECT>
  <DEFECT>
    <SFA>
      <FILEPATH>d:\src\sarif-sdk\src\sarif.functionaltests\convertertestdata\prefast\src\c6305\</FILEPATH>
      <FILENAME>advancedc6305.cpp</FILENAME>
      <LINE>36</LINE>
      <COLUMN>3</COLUMN>
    </SFA>
    <DEFECTCODE>6305</DEFECTCODE>
    <DESCRIPTION>Potential mismatch between sizeof and countof quantities. Use sizeof() to scale byte sizes.</DESCRIPTION>
    <FUNCTION>RemoveRedundantKeyEvents2</FUNCTION>
    <DECORATED>?RemoveRedundantKeyEvents2@@YAHPEA_W@Z</DECORATED>
    <FUNCLINE>29</FUNCLINE>
    <PROBABILITY>1</PROBABILITY>
    <RANK>2</RANK>
    <CATEGORY>
      <RULECATEGORY>mspft</RULECATEGORY>
    </CATEGORY>
    <PATH>
      <SFA>
        <FILEPATH>d:\src\sarif-sdk\src\sarif.functionaltests\convertertestdata\prefast\src\c6305\</FILEPATH>
        <FILENAME>advancedc6305.cpp</FILENAME>
        <LINE>31</LINE>
        <COLUMN>5</COLUMN>
      </SFA>
      <SFA>
        <FILEPATH>d:\src\sarif-sdk\src\sarif.functionaltests\convertertestdata\prefast\src\c6305\</FILEPATH>
        <FILENAME>advancedc6305.cpp</FILENAME>
        <LINE>33</LINE>
        <COLUMN>3</COLUMN>
      </SFA>
      <SFA>
        <FILEPATH>d:\src\sarif-sdk\src\sarif.functionaltests\convertertestdata\prefast\src\c6305\</FILEPATH>
        <FILENAME>advancedc6305.cpp</FILENAME>
        <LINE>34</LINE>
        <COLUMN>5</COLUMN>
      </SFA>
      <SFA>
        <FILEPATH>d:\src\sarif-sdk\src\sarif.functionaltests\convertertestdata\prefast\src\c6305\</FILEPATH>
        <FILENAME>advancedc6305.cpp</FILENAME>
        <LINE>35</LINE>
        <COLUMN>3</COLUMN>
        <KEYEVENT>
          <ID>1</ID>
          <KIND>declaration</KIND>
          <IMPORTANCE>Essential</IMPORTANCE>
          <MESSAGE>'i' is a byte quantity</MESSAGE>
        </KEYEVENT>
      </SFA>
      <SFA>
        <FILEPATH>d:\src\sarif-sdk\src\sarif.functionaltests\convertertestdata\prefast\src\c6305\</FILEPATH>
        <FILENAME>advancedc6305.cpp</FILENAME>
        <LINE>36</LINE>
        <COLUMN>3</COLUMN>
        <KEYEVENT>
          <ID>2</ID>
          <KIND>usage</KIND>
          <IMPORTANCE>Essential</IMPORTANCE>
          <MESSAGE>Expression mixes element counts and byte quantities</MESSAGE>
        </KEYEVENT>
      </SFA>
    </PATH>
  </DEFECT>
  <DEFECT>
    <SFA>
      <FILEPATH>d:\src\sarif-sdk\src\sarif.functionaltests\convertertestdata\prefast\src\c6305\</FILEPATH>
      <FILENAME>advancedc6305.cpp</FILENAME>
      <LINE>33</LINE>
      <COLUMN>3</COLUMN>
    </SFA>
    <DEFECTCODE>6305</DEFECTCODE>
    <DESCRIPTION>Potential mismatch between sizeof and countof quantities. Use sizeof() to scale byte sizes.</DESCRIPTION>
    <FUNCTION>RemoveRedundantKeyEvents2</FUNCTION>
    <DECORATED>?RemoveRedundantKeyEvents2@@YAHPEA_W@Z</DECORATED>
    <FUNCLINE>29</FUNCLINE>
    <PROBABILITY>1</PROBABILITY>
    <RANK>2</RANK>
    <CATEGORY>
      <RULECATEGORY>mspft</RULECATEGORY>
    </CATEGORY>
    <PATH>
      <SFA>
        <FILEPATH>d:\src\sarif-sdk\src\sarif.functionaltests\convertertestdata\prefast\src\c6305\</FILEPATH>
        <FILENAME>advancedc6305.cpp</FILENAME>
        <LINE>31</LINE>
        <COLUMN>5</COLUMN>
        <KEYEVENT>
          <ID>1</ID>
          <KIND>declaration</KIND>
          <IMPORTANCE>Essential</IMPORTANCE>
          <MESSAGE>'i' is a byte quantity</MESSAGE>
        </KEYEVENT>
      </SFA>
      <SFA>
        <FILEPATH>d:\src\sarif-sdk\src\sarif.functionaltests\convertertestdata\prefast\src\c6305\</FILEPATH>
        <FILENAME>advancedc6305.cpp</FILENAME>
        <LINE>33</LINE>
        <COLUMN>3</COLUMN>
        <KEYEVENT>
          <ID>2</ID>
          <KIND>usage</KIND>
          <IMPORTANCE>Essential</IMPORTANCE>
          <MESSAGE>Expression mixes element counts and byte quantities</MESSAGE>
        </KEYEVENT>
      </SFA>
    </PATH>
  </DEFECT>
  <DEFECT>
    <SFA>
      <FILEPATH>d:\src\sarif-sdk\src\sarif.functionaltests\convertertestdata\prefast\src\c6305\</FILEPATH>
      <FILENAME>advancedc6305.cpp</FILENAME>
      <LINE>39</LINE>
      <COLUMN>3</COLUMN>
    </SFA>
    <DEFECTCODE>6305</DEFECTCODE>
    <DESCRIPTION>Potential mismatch between sizeof and countof quantities. Use sizeof() to scale byte sizes.</DESCRIPTION>
    <FUNCTION>RemoveRedundantKeyEvents2</FUNCTION>
    <DECORATED>?RemoveRedundantKeyEvents2@@YAHPEA_W@Z</DECORATED>
    <FUNCLINE>29</FUNCLINE>
    <PROBABILITY>1</PROBABILITY>
    <RANK>2</RANK>
    <CATEGORY>
      <RULECATEGORY>mspft</RULECATEGORY>
    </CATEGORY>
    <PATH>
      <SFA>
        <FILEPATH>d:\src\sarif-sdk\src\sarif.functionaltests\convertertestdata\prefast\src\c6305\</FILEPATH>
        <FILENAME>advancedc6305.cpp</FILENAME>
        <LINE>31</LINE>
        <COLUMN>5</COLUMN>
      </SFA>
      <SFA>
        <FILEPATH>d:\src\sarif-sdk\src\sarif.functionaltests\convertertestdata\prefast\src\c6305\</FILEPATH>
        <FILENAME>advancedc6305.cpp</FILENAME>
        <LINE>33</LINE>
        <COLUMN>3</COLUMN>
      </SFA>
      <SFA>
        <FILEPATH>d:\src\sarif-sdk\src\sarif.functionaltests\convertertestdata\prefast\src\c6305\</FILEPATH>
        <FILENAME>advancedc6305.cpp</FILENAME>
        <LINE>34</LINE>
        <COLUMN>5</COLUMN>
      </SFA>
      <SFA>
        <FILEPATH>d:\src\sarif-sdk\src\sarif.functionaltests\convertertestdata\prefast\src\c6305\</FILEPATH>
        <FILENAME>advancedc6305.cpp</FILENAME>
        <LINE>35</LINE>
        <COLUMN>3</COLUMN>
      </SFA>
      <SFA>
        <FILEPATH>d:\src\sarif-sdk\src\sarif.functionaltests\convertertestdata\prefast\src\c6305\</FILEPATH>
        <FILENAME>advancedc6305.cpp</FILENAME>
        <LINE>36</LINE>
        <COLUMN>3</COLUMN>
      </SFA>
      <SFA>
        <FILEPATH>d:\src\sarif-sdk\src\sarif.functionaltests\convertertestdata\prefast\src\c6305\</FILEPATH>
        <FILENAME>advancedc6305.cpp</FILENAME>
        <LINE>38</LINE>
        <COLUMN>3</COLUMN>
        <KEYEVENT>
          <ID>1</ID>
          <KIND>declaration</KIND>
          <IMPORTANCE>Essential</IMPORTANCE>
          <MESSAGE>'i' is a byte quantity</MESSAGE>
        </KEYEVENT>
      </SFA>
      <SFA>
        <FILEPATH>d:\src\sarif-sdk\src\sarif.functionaltests\convertertestdata\prefast\src\c6305\</FILEPATH>
        <FILENAME>advancedc6305.cpp</FILENAME>
        <LINE>39</LINE>
        <COLUMN>3</COLUMN>
        <KEYEVENT>
          <ID>2</ID>
          <KIND>usage</KIND>
          <IMPORTANCE>Essential</IMPORTANCE>
          <MESSAGE>Expression mixes element counts and byte quantities</MESSAGE>
        </KEYEVENT>
      </SFA>
    </PATH>
  </DEFECT>
  <DEFECT>
    <SFA>
      <FILEPATH>d:\src\sarif-sdk\src\sarif.functionaltests\convertertestdata\prefast\src\c6305\</FILEPATH>
      <FILENAME>advancedc6305.cpp</FILENAME>
      <LINE>51</LINE>
      <COLUMN>8</COLUMN>
    </SFA>
    <DEFECTCODE>6305</DEFECTCODE>
    <DESCRIPTION>Potential mismatch between sizeof and countof quantities. Use sizeof() to scale byte sizes.</DESCRIPTION>
    <FUNCTION>CorrectAliasing</FUNCTION>
    <DECORATED>?CorrectAliasing@@YAHPEA_W@Z</DECORATED>
    <FUNCLINE>44</FUNCLINE>
    <PROBABILITY>1</PROBABILITY>
    <RANK>2</RANK>
    <CATEGORY>
      <RULECATEGORY>mspft</RULECATEGORY>
    </CATEGORY>
    <PATH>
      <SFA>
        <FILEPATH>d:\src\sarif-sdk\src\sarif.functionaltests\convertertestdata\prefast\src\c6305\</FILEPATH>
        <FILENAME>advancedc6305.cpp</FILENAME>
        <LINE>46</LINE>
        <COLUMN>8</COLUMN>
      </SFA>
      <SFA>
        <FILEPATH>d:\src\sarif-sdk\src\sarif.functionaltests\convertertestdata\prefast\src\c6305\</FILEPATH>
        <FILENAME>advancedc6305.cpp</FILENAME>
        <LINE>47</LINE>
        <COLUMN>8</COLUMN>
        <KEYEVENT>
          <ID>1</ID>
          <KIND>declaration</KIND>
          <IMPORTANCE>Essential</IMPORTANCE>
          <MESSAGE>'j' is a byte quantity</MESSAGE>
        </KEYEVENT>
      </SFA>
      <SFA>
        <FILEPATH>d:\src\sarif-sdk\src\sarif.functionaltests\convertertestdata\prefast\src\c6305\</FILEPATH>
        <FILENAME>advancedc6305.cpp</FILENAME>
        <LINE>49</LINE>
        <COLUMN>6</COLUMN>
        <KEYEVENT>
          <ID>2</ID>
          <KIND>alias</KIND>
          <IMPORTANCE>Essential</IMPORTANCE>
          <MESSAGE>(alias) 'i' receives a byte quantity from 'j'</MESSAGE>
        </KEYEVENT>
      </SFA>
      <SFA>
        <FILEPATH>d:\src\sarif-sdk\src\sarif.functionaltests\convertertestdata\prefast\src\c6305\</FILEPATH>
        <FILENAME>advancedc6305.cpp</FILENAME>
        <LINE>51</LINE>
        <COLUMN>8</COLUMN>
        <KEYEVENT>
          <ID>3</ID>
          <KIND>usage</KIND>
          <IMPORTANCE>Essential</IMPORTANCE>
          <MESSAGE>Expression mixes element counts and byte quantities</MESSAGE>
        </KEYEVENT>
      </SFA>
    </PATH>
  </DEFECT>
  <DEFECT>
    <SFA>
      <FILEPATH>d:\src\sarif-sdk\src\sarif.functionaltests\convertertestdata\prefast\src\c6305\</FILEPATH>
      <FILENAME>advancedc6305.cpp</FILENAME>
      <LINE>61</LINE>
      <COLUMN>6</COLUMN>
    </SFA>
    <DEFECTCODE>6305</DEFECTCODE>
    <DESCRIPTION>Potential mismatch between sizeof and countof quantities. Use sizeof() to scale byte sizes.</DESCRIPTION>
    <FUNCTION>ShowKeyEventsWhenNoLocation</FUNCTION>
    <DECORATED>?ShowKeyEventsWhenNoLocation@@YAHXZ</DECORATED>
    <FUNCLINE>56</FUNCLINE>
    <PROBABILITY>1</PROBABILITY>
    <RANK>2</RANK>
    <CATEGORY>
      <RULECATEGORY>mspft</RULECATEGORY>
    </CATEGORY>
    <PATH>
      <SFA>
        <FILEPATH>d:\src\sarif-sdk\src\sarif.functionaltests\convertertestdata\prefast\src\c6305\</FILEPATH>
        <FILENAME>advancedc6305.cpp</FILENAME>
        <LINE>58</LINE>
        <COLUMN>8</COLUMN>
      </SFA>
      <SFA>
        <FILEPATH>d:\src\sarif-sdk\src\sarif.functionaltests\convertertestdata\prefast\src\c6305\</FILEPATH>
        <FILENAME>advancedc6305.cpp</FILENAME>
        <LINE>59</LINE>
        <COLUMN>8</COLUMN>
      </SFA>
      <SFA>
        <FILEPATH>d:\src\sarif-sdk\src\sarif.functionaltests\convertertestdata\prefast\src\c6305\</FILEPATH>
        <FILENAME>advancedc6305.cpp</FILENAME>
        <LINE>61</LINE>
        <COLUMN>6</COLUMN>
        <KEYEVENT>
          <ID>1</ID>
          <KIND>usage</KIND>
          <IMPORTANCE>Essential</IMPORTANCE>
          <MESSAGE>Expression mixes element counts and byte quantities</MESSAGE>
        </KEYEVENT>
      </SFA>
    </PATH>
  </DEFECT>
  <DEFECT>
    <SFA>
      <FILEPATH>d:\src\sarif-sdk\src\sarif.functionaltests\convertertestdata\prefast\src\c6305\</FILEPATH>
      <FILENAME>advancedc6305.cpp</FILENAME>
      <LINE>70</LINE>
      <COLUMN>4</COLUMN>
    </SFA>
    <DEFECTCODE>6305</DEFECTCODE>
    <DESCRIPTION>Potential mismatch between sizeof and countof quantities. Use sizeof() to scale byte sizes.</DESCRIPTION>
    <FUNCTION>ShowKeyEventsWhenNoLocation2</FUNCTION>
    <DECORATED>?ShowKeyEventsWhenNoLocation2@@YAXXZ</DECORATED>
    <FUNCLINE>66</FUNCLINE>
    <PROBABILITY>1</PROBABILITY>
    <RANK>2</RANK>
    <CATEGORY>
      <RULECATEGORY>mspft</RULECATEGORY>
    </CATEGORY>
    <PATH>
      <SFA>
        <FILEPATH>d:\src\sarif-sdk\src\sarif.functionaltests\convertertestdata\prefast\src\c6305\</FILEPATH>
        <FILENAME>advancedc6305.cpp</FILENAME>
        <LINE>68</LINE>
        <COLUMN>5</COLUMN>
      </SFA>
      <SFA>
        <FILEPATH>d:\src\sarif-sdk\src\sarif.functionaltests\convertertestdata\prefast\src\c6305\</FILEPATH>
        <FILENAME>advancedc6305.cpp</FILENAME>
        <LINE>69</LINE>
        <COLUMN>4</COLUMN>
      </SFA>
      <SFA>
        <FILEPATH>d:\src\sarif-sdk\src\sarif.functionaltests\convertertestdata\prefast\src\c6305\</FILEPATH>
        <FILENAME>advancedc6305.cpp</FILENAME>
        <LINE>70</LINE>
        <COLUMN>4</COLUMN>
        <KEYEVENT>
          <ID>1</ID>
          <KIND>usage</KIND>
          <IMPORTANCE>Essential</IMPORTANCE>
          <MESSAGE>Expression mixes element counts and byte quantities</MESSAGE>
        </KEYEVENT>
      </SFA>
    </PATH>
  </DEFECT>
  <DEFECT>
    <SFA>
      <FILEPATH>d:\src\sarif-sdk\src\sarif.functionaltests\convertertestdata\prefast\src\c6305\</FILEPATH>
      <FILENAME>advancedc6305.cpp</FILENAME>
      <LINE>77</LINE>
      <COLUMN>5</COLUMN>
    </SFA>
    <DEFECTCODE>6305</DEFECTCODE>
    <DESCRIPTION>Potential mismatch between sizeof and countof quantities. Use sizeof() to scale byte sizes.</DESCRIPTION>
    <FUNCTION>ShowKeyEventsForPointerArithmetic</FUNCTION>
    <DECORATED>?ShowKeyEventsForPointerArithmetic@@YAXPEAH@Z</DECORATED>
    <FUNCLINE>73</FUNCLINE>
    <PROBABILITY>1</PROBABILITY>
    <RANK>2</RANK>
    <CATEGORY>
      <RULECATEGORY>mspft</RULECATEGORY>
    </CATEGORY>
    <PATH>
      <SFA>
        <FILEPATH>d:\src\sarif-sdk\src\sarif.functionaltests\convertertestdata\prefast\src\c6305\</FILEPATH>
        <FILENAME>advancedc6305.cpp</FILENAME>
        <LINE>75</LINE>
        <COLUMN>7</COLUMN>
        <KEYEVENT>
          <ID>1</ID>
          <KIND>declaration</KIND>
          <IMPORTANCE>Essential</IMPORTANCE>
          <MESSAGE>'cb' is a byte quantity</MESSAGE>
        </KEYEVENT>
      </SFA>
      <SFA>
        <FILEPATH>d:\src\sarif-sdk\src\sarif.functionaltests\convertertestdata\prefast\src\c6305\</FILEPATH>
        <FILENAME>advancedc6305.cpp</FILENAME>
        <LINE>77</LINE>
        <COLUMN>5</COLUMN>
        <KEYEVENT>
          <ID>2</ID>
          <KIND>usage</KIND>
          <IMPORTANCE>Essential</IMPORTANCE>
          <MESSAGE>Expression mixes element counts and byte quantities</MESSAGE>
        </KEYEVENT>
      </SFA>
    </PATH>
  </DEFECT>
</DEFECTS>