<?xml version="1.0" encoding="UTF-8"?>
<DEFECTS>
  <DEFECT>
    <SFA>
      <FILEPATH>d:\src\sarif-sdk\src\sarif.functionaltests\convertertestdata\prefast\src\advancedmerging\</FILEPATH>
      <FILENAME>am_aliasandsetvalue.cpp</FILENAME>
      <LINE>9</LINE>
      <COLUMN>9</COLUMN>
    </SFA>
    <DEFECTCODE>6385</DEFECTCODE>
    <DESCRIPTION>Reading invalid data from 'TwoElementArray':  the readable size is '8' bytes, but 'index' bytes may be read.</DESCRIPTION>
    <FUNCTION>MergeAliasAndTen</FUNCTION>
    <DECORATED>?MergeAliasAndTen@@YAXPEAHH@Z</DECORATED>
    <FUNCLINE>1</FUNCLINE>
    <PROBABILITY>1</PROBABILITY>
    <RANK>4</RANK>
    <CATEGORY>
      <RULECATEGORY>mspft</RULECATEGORY>
    </CATEGORY>
    <PATH>
      <SFA>
        <FILEPATH>d:\src\sarif-sdk\src\sarif.functionaltests\convertertestdata\prefast\src\advancedmerging\</FILEPATH>
        <FILENAME>am_aliasandsetvalue.cpp</FILENAME>
        <LINE>3</LINE>
        <COLUMN>8</COLUMN>
        <KEYEVENT>
          <ID>1</ID>
          <KIND>declaration</KIND>
          <IMPORTANCE>Essential</IMPORTANCE>
          <MESSAGE>'TwoElementArray' is an array of 2 elements (8 bytes)</MESSAGE>
        </KEYEVENT>
      </SFA>
      <SFA>
        <FILEPATH>d:\src\sarif-sdk\src\sarif.functionaltests\convertertestdata\prefast\src\advancedmerging\</FILEPATH>
        <FILENAME>am_aliasandsetvalue.cpp</FILENAME>
        <LINE>5</LINE>
        <COLUMN>7</COLUMN>
        <KEYEVENT>
          <ID>2</ID>
          <KIND>branch</KIND>
          <IMPORTANCE>Full</IMPORTANCE>
          <MESSAGE>'b' may equal 10 (Enter this branch)</MESSAGE>
        </KEYEVENT>
      </SFA>
      <SFA>
        <FILEPATH>d:\src\sarif-sdk\src\sarif.functionaltests\convertertestdata\prefast\src\advancedmerging\</FILEPATH>
        <FILENAME>am_aliasandsetvalue.cpp</FILENAME>
        <LINE>7</LINE>
        <COLUMN>8</COLUMN>
        <KEYEVENT>
          <ID>3</ID>
          <KIND>alias</KIND>
          <IMPORTANCE>Essential</IMPORTANCE>
          <MESSAGE>(alias) 'index' receives the value of 'b' (which may be 10)</MESSAGE>
        </KEYEVENT>
      </SFA>
      <SFA>
        <FILEPATH>d:\src\sarif-sdk\src\sarif.functionaltests\convertertestdata\prefast\src\advancedmerging\</FILEPATH>
        <FILENAME>am_aliasandsetvalue.cpp</FILENAME>
        <LINE>9</LINE>
        <COLUMN>9</COLUMN>
        <KEYEVENT>
          <ID>4</ID>
          <KIND>usage</KIND>
          <IMPORTANCE>Essential</IMPORTANCE>
          <MESSAGE>Invalid read from 'TwoElementArray[10]', (readable range is 0 to 1)</MESSAGE>
        </KEYEVENT>
      </SFA>
    </PATH>
  </DEFECT>
</DEFECTS>