<?xml version="1.0" encoding="UTF-8"?>
<DEFECTS>
  <DEFECT>
    <SFA>
      <FILEPATH>d:\src\sarif-sdk\src\sarif.functionaltests\convertertestdata\prefast\src\advancedannotations\</FILEPATH>
      <FILENAME>an_basic_c6053_4.cpp</FILENAME>
      <LINE>13</LINE>
      <COLUMN>13</COLUMN>
    </SFA>
    <DEFECTCODE>6053</DEFECTCODE>
    <DESCRIPTION>The prior call to 'DoesNotZ' might not zero-terminate string 'x'.</DESCRIPTION>
    <FUNCTION>BasicC6053</FUNCTION>
    <DECORATED>?BasicC6053@@YAXPEAD@Z</DECORATED>
    <FUNCLINE>9</FUNCLINE>
    <PROBABILITY>1</PROBABILITY>
    <RANK>1</RANK>
    <CATEGORY>
      <RULECATEGORY>mspft</RULECATEGORY>
    </CATEGORY>
    <PATH>
      <SFA>
        <FILEPATH>d:\src\sarif-sdk\src\sarif.functionaltests\convertertestdata\prefast\src\advancedannotations\</FILEPATH>
        <FILENAME>an_basic_c6053_4.cpp</FILENAME>
        <LINE>11</LINE>
        <COLUMN>12</COLUMN>
        <KEYEVENT>
          <ID>1</ID>
          <KIND>declaration</KIND>
          <IMPORTANCE>Essential</IMPORTANCE>
          <MESSAGE>'x' is Output from 'DoesNotZ', which may not zero-terminate it</MESSAGE>
        </KEYEVENT>
      </SFA>
      <SFA>
        <FILEPATH>d:\src\sarif-sdk\src\sarif.functionaltests\convertertestdata\prefast\src\advancedannotations\</FILEPATH>
        <FILENAME>an_basic_c6053_4.cpp</FILENAME>
        <LINE>13</LINE>
        <COLUMN>13</COLUMN>
        <KEYEVENT>
          <ID>2</ID>
          <KIND>usage</KIND>
          <IMPORTANCE>Full</IMPORTANCE>
          <MESSAGE>'x' is an Input to 'RequiresZ' (declared on line 5)</MESSAGE>
        </KEYEVENT>
      </SFA>
      <SFA>
        <FILEPATH>d:\src\sarif-sdk\src\sarif.functionaltests\convertertestdata\prefast\src\advancedannotations\</FILEPATH>
        <FILENAME>an_basic_c6053_4.cpp</FILENAME>
        <LINE>13</LINE>
        <COLUMN>13</COLUMN>
        <KEYEVENT>
          <ID>3</ID>
          <KIND>usage</KIND>
          <IMPORTANCE>Essential</IMPORTANCE>
          <MESSAGE>'x' is required to be zero-terminated by a SAL annotation on 'RequiresZ'</MESSAGE>
        </KEYEVENT>
      </SFA>
    </PATH>
  </DEFECT>
  <DEFECT>
    <SFA>
      <FILEPATH>d:\src\sarif-sdk\src\sarif.functionaltests\convertertestdata\prefast\src\advancedannotations\</FILEPATH>
      <FILENAME>an_basic_c6053_4.cpp</FILENAME>
      <LINE>21</LINE>
      <COLUMN>13</COLUMN>
    </SFA>
    <DEFECTCODE>6054</DEFECTCODE>
    <DESCRIPTION>String 'a' might not be zero-terminated.</DESCRIPTION>
    <FUNCTION>BasicC6054</FUNCTION>
    <DECORATED>?BasicC6054@@YAXXZ</DECORATED>
    <FUNCLINE>17</FUNCLINE>
    <PROBABILITY>1</PROBABILITY>
    <RANK>3</RANK>
    <CATEGORY>
      <RULECATEGORY>mspft</RULECATEGORY>
    </CATEGORY>
    <PATH>
      <SFA>
        <FILEPATH>d:\src\sarif-sdk\src\sarif.functionaltests\convertertestdata\prefast\src\advancedannotations\</FILEPATH>
        <FILENAME>an_basic_c6053_4.cpp</FILENAME>
        <LINE>19</LINE>
        <COLUMN>9</COLUMN>
        <KEYEVENT>
          <ID>1</ID>
          <KIND>declaration</KIND>
          <IMPORTANCE>Essential</IMPORTANCE>
          <MESSAGE>This expression may not zero-terminate 'a'</MESSAGE>
        </KEYEVENT>
      </SFA>
      <SFA>
        <FILEPATH>d:\src\sarif-sdk\src\sarif.functionaltests\convertertestdata\prefast\src\advancedannotations\</FILEPATH>
        <FILENAME>an_basic_c6053_4.cpp</FILENAME>
        <LINE>21</LINE>
        <COLUMN>13</COLUMN>
        <KEYEVENT>
          <ID>2</ID>
          <KIND>usage</KIND>
          <IMPORTANCE>Full</IMPORTANCE>
          <MESSAGE>'a' is an Input to 'RequiresZ' (declared on line 5)</MESSAGE>
        </KEYEVENT>
      </SFA>
      <SFA>
        <FILEPATH>d:\src\sarif-sdk\src\sarif.functionaltests\convertertestdata\prefast\src\advancedannotations\</FILEPATH>
        <FILENAME>an_basic_c6053_4.cpp</FILENAME>
        <LINE>21</LINE>
        <COLUMN>13</COLUMN>
        <KEYEVENT>
          <ID>3</ID>
          <KIND>usage</KIND>
          <IMPORTANCE>Essential</IMPORTANCE>
          <MESSAGE>'a' is required to be zero-terminated by a SAL annotation on 'RequiresZ'</MESSAGE>
        </KEYEVENT>
      </SFA>
    </PATH>
  </DEFECT>
</DEFECTS>