<?xml version="1.0" encoding="UTF-8"?>
<DEFECTS>
  <DEFECT>
    <SFA>
      <FILEPATH>d:\src\sarif-sdk\src\sarif.functionaltests\convertertestdata\prefast\src\combinedwarnings\</FILEPATH>
      <FILENAME>c28182example.cpp</FILENAME>
      <LINE>16</LINE>
      <COLUMN>22</COLUMN>
    </SFA>
    <DEFECTCODE>28182</DEFECTCODE>
    <DESCRIPTION>Dereferencing NULL pointer. 'pNode' contains the same NULL value as 'pNodeFree' did. </DESCRIPTION>
    <FUNCTION>C28182Example</FUNCTION>
    <DECORATED>?C28182Example@@YAXXZ</DECORATED>
    <FUNCLINE>11</FUNCLINE>
    <PROBABILITY>1</PROBABILITY>
    <RANK>3</RANK>
    <CATEGORY>
      <RULECATEGORY>mspft</RULECATEGORY>
    </CATEGORY>
    <PATH>
      <SFA>
        <FILEPATH>d:\src\sarif-sdk\src\sarif.functionaltests\convertertestdata\prefast\src\combinedwarnings\</FILEPATH>
        <FILENAME>c28182example.cpp</FILENAME>
        <LINE>13</LINE>
        <COLUMN>18</COLUMN>
        <KEYEVENT>
          <ID>1</ID>
          <KIND>branch</KIND>
          <IMPORTANCE>Full</IMPORTANCE>
          <MESSAGE>'pNodeFree' may be NULL (Enter this branch)</MESSAGE>
        </KEYEVENT>
      </SFA>
      <SFA>
        <FILEPATH>d:\src\sarif-sdk\src\sarif.functionaltests\convertertestdata\prefast\src\combinedwarnings\</FILEPATH>
        <FILENAME>c28182example.cpp</FILENAME>
        <LINE>15</LINE>
        <COLUMN>7</COLUMN>
        <KEYEVENT>
          <ID>2</ID>
          <KIND>alias</KIND>
          <IMPORTANCE>Essential</IMPORTANCE>
          <MESSAGE>(alias) 'pNode' receives the value of 'pNodeFree' (which may be NULL)</MESSAGE>
        </KEYEVENT>
      </SFA>
      <SFA>
        <FILEPATH>d:\src\sarif-sdk\src\sarif.functionaltests\convertertestdata\prefast\src\combinedwarnings\</FILEPATH>
        <FILENAME>c28182example.cpp</FILENAME>
        <LINE>16</LINE>
        <COLUMN>22</COLUMN>
        <KEYEVENT>
          <ID>3</ID>
          <KIND>usage</KIND>
          <IMPORTANCE>Essential</IMPORTANCE>
          <MESSAGE>'pNode' is dereferenced, but may still be NULL</MESSAGE>
        </KEYEVENT>
      </SFA>
    </PATH>
  </DEFECT>
</DEFECTS>