<?xml version="1.0" encoding="UTF-8"?>
<DEFECTS>
  <DEFECT>
    <SFA>
      <FILEPATH>d:\src\sarif-sdk\src\sarif.functionaltests\convertertestdata\prefast\src\complex\c6001\</FILEPATH>
      <FILENAME>c6001example3.cpp</FILENAME>
      <LINE>11</LINE>
      <COLUMN>5</COLUMN>
    </SFA>
    <DEFECTCODE>6001</DEFECTCODE>
    <DESCRIPTION>Using uninitialized memory 'i'.</DESCRIPTION>
    <FUNCTION>C6001_Example3</FUNCTION>
    <DECORATED>?C6001_Example3@@YAH_N0@Z</DECORATED>
    <FUNCLINE>2</FUNCLINE>
    <PROBABILITY>1</PROBABILITY>
    <RANK>3</RANK>
    <CATEGORY>
      <RULECATEGORY>mspft</RULECATEGORY>
    </CATEGORY>
    <PATH>
      <SFA>
        <FILEPATH>d:\src\sarif-sdk\src\sarif.functionaltests\convertertestdata\prefast\src\complex\c6001\</FILEPATH>
        <FILENAME>c6001example3.cpp</FILENAME>
        <LINE>4</LINE>
        <COLUMN>5</COLUMN>
        <KEYEVENT>
          <ID>1</ID>
          <KIND>declaration</KIND>
          <IMPORTANCE>Essential</IMPORTANCE>
          <MESSAGE>'i' is not initialized</MESSAGE>
        </KEYEVENT>
      </SFA>
      <SFA>
        <FILEPATH>d:\src\sarif-sdk\src\sarif.functionaltests\convertertestdata\prefast\src\complex\c6001\</FILEPATH>
        <FILENAME>c6001example3.cpp</FILENAME>
        <LINE>5</LINE>
        <COLUMN>1</COLUMN>
        <KEYEVENT>
          <ID>2</ID>
          <KIND>branch</KIND>
          <IMPORTANCE>Full</IMPORTANCE>
          <MESSAGE>Go to labelb</MESSAGE>
        </KEYEVENT>
      </SFA>
      <SFA>
        <FILEPATH>d:\src\sarif-sdk\src\sarif.functionaltests\convertertestdata\prefast\src\complex\c6001\</FILEPATH>
        <FILENAME>c6001example3.cpp</FILENAME>
        <LINE>8</LINE>
        <COLUMN>0</COLUMN>
      </SFA>
      <SFA>
        <FILEPATH>d:\src\sarif-sdk\src\sarif.functionaltests\convertertestdata\prefast\src\complex\c6001\</FILEPATH>
        <FILENAME>c6001example3.cpp</FILENAME>
        <LINE>9</LINE>
        <COLUMN>1</COLUMN>
        <KEYEVENT>
          <ID>3</ID>
          <KIND>branch</KIND>
          <IMPORTANCE>Full</IMPORTANCE>
          <MESSAGE>Go to labela</MESSAGE>
        </KEYEVENT>
      </SFA>
      <SFA>
        <FILEPATH>d:\src\sarif-sdk\src\sarif.functionaltests\convertertestdata\prefast\src\complex\c6001\</FILEPATH>
        <FILENAME>c6001example3.cpp</FILENAME>
        <LINE>6</LINE>
        <COLUMN>0</COLUMN>
      </SFA>
      <SFA>
        <FILEPATH>d:\src\sarif-sdk\src\sarif.functionaltests\convertertestdata\prefast\src\complex\c6001\</FILEPATH>
        <FILENAME>c6001example3.cpp</FILENAME>
        <LINE>7</LINE>
        <COLUMN>1</COLUMN>
        <KEYEVENT>
          <ID>4</ID>
          <KIND>branch</KIND>
          <IMPORTANCE>Full</IMPORTANCE>
          <MESSAGE>Go to labelc</MESSAGE>
        </KEYEVENT>
      </SFA>
      <SFA>
        <FILEPATH>d:\src\sarif-sdk\src\sarif.functionaltests\convertertestdata\prefast\src\complex\c6001\</FILEPATH>
        <FILENAME>c6001example3.cpp</FILENAME>
        <LINE>10</LINE>
        <COLUMN>0</COLUMN>
      </SFA>
      <SFA>
        <FILEPATH>d:\src\sarif-sdk\src\sarif.functionaltests\convertertestdata\prefast\src\complex\c6001\</FILEPATH>
        <FILENAME>c6001example3.cpp</FILENAME>
        <LINE>11</LINE>
        <COLUMN>5</COLUMN>
        <KEYEVENT>
          <ID>5</ID>
          <KIND>usage</KIND>
          <IMPORTANCE>Essential</IMPORTANCE>
          <MESSAGE>'i' is used, but may not have been initialized</MESSAGE>
        </KEYEVENT>
      </SFA>
    </PATH>
  </DEFECT>
</DEFECTS>