<?xml version="1.0" encoding="UTF-8"?>
<DEFECTS>
  <DEFECT>
    <SFA>
      <FILEPATH>d:\src\sarif-sdk\src\sarif.functionaltests\convertertestdata\prefast\src\complex\c6386\</FILEPATH>
      <FILENAME>c6386example3.cpp</FILENAME>
      <LINE>8</LINE>
      <COLUMN>11</COLUMN>
    </SFA>
    <DEFECTCODE>6386</DEFECTCODE>
    <DESCRIPTION>Buffer overrun while writing to 'a':  the writable size is '4' bytes, but 'i' bytes might be written.</DESCRIPTION>
    <FUNCTION>C6386_Example</FUNCTION>
    <DECORATED>?C6386_Example@@YAXH@Z</DECORATED>
    <FUNCLINE>1</FUNCLINE>
    <PROBABILITY>1</PROBABILITY>
    <RANK>4</RANK>
    <CATEGORY>
      <RULECATEGORY>mspft</RULECATEGORY>
    </CATEGORY>
    <PATH>
      <SFA>
        <FILEPATH>d:\src\sarif-sdk\src\sarif.functionaltests\convertertestdata\prefast\src\complex\c6386\</FILEPATH>
        <FILENAME>c6386example3.cpp</FILENAME>
        <LINE>3</LINE>
        <COLUMN>8</COLUMN>
        <KEYEVENT>
          <ID>1</ID>
          <KIND>declaration</KIND>
          <IMPORTANCE>Essential</IMPORTANCE>
          <MESSAGE>'a' is an array of 4 elements (4 bytes)</MESSAGE>
        </KEYEVENT>
      </SFA>
      <SFA>
        <FILEPATH>d:\src\sarif-sdk\src\sarif.functionaltests\convertertestdata\prefast\src\complex\c6386\</FILEPATH>
        <FILENAME>c6386example3.cpp</FILENAME>
        <LINE>4</LINE>
        <COLUMN>7</COLUMN>
      </SFA>
      <SFA>
        <FILEPATH>d:\src\sarif-sdk\src\sarif.functionaltests\convertertestdata\prefast\src\complex\c6386\</FILEPATH>
        <FILENAME>c6386example3.cpp</FILENAME>
        <LINE>4</LINE>
        <COLUMN>12</COLUMN>
      </SFA>
      <SFA>
        <FILEPATH>d:\src\sarif-sdk\src\sarif.functionaltests\convertertestdata\prefast\src\complex\c6386\</FILEPATH>
        <FILENAME>c6386example3.cpp</FILENAME>
        <LINE>8</LINE>
        <COLUMN>11</COLUMN>
        <KEYEVENT>
          <ID>2</ID>
          <KIND>usage</KIND>
          <IMPORTANCE>Essential</IMPORTANCE>
          <MESSAGE>Invalid write to 'a[4]', (writable range is 0 to 3)</MESSAGE>
        </KEYEVENT>
      </SFA>
    </PATH>
  </DEFECT>
</DEFECTS>