<?xml version="1.0" encoding="UTF-8"?>
<DEFECTS>
  <DEFECT>
    <SFA>
      <FILEPATH>d:\src\sarif-sdk\src\sarif.functionaltests\convertertestdata\prefast\src\combinedwarnings\</FILEPATH>
      <FILENAME>c6385example.cpp</FILENAME>
      <LINE>8</LINE>
      <COLUMN>8</COLUMN>
    </SFA>
    <DEFECTCODE>6385</DEFECTCODE>
    <DESCRIPTION>Reading invalid data from 'a':  the readable size is '5' bytes, but 'i' bytes may be read.</DESCRIPTION>
    <FUNCTION>C6385_Example</FUNCTION>
    <DECORATED>?C6385_Example@@YAXH@Z</DECORATED>
    <FUNCLINE>1</FUNCLINE>
    <PROBABILITY>1</PROBABILITY>
    <RANK>4</RANK>
    <CATEGORY>
      <RULECATEGORY>mspft</RULECATEGORY>
    </CATEGORY>
    <PATH>
      <SFA>
        <FILEPATH>d:\src\sarif-sdk\src\sarif.functionaltests\convertertestdata\prefast\src\combinedwarnings\</FILEPATH>
        <FILENAME>c6385example.cpp</FILENAME>
        <LINE>3</LINE>
        <COLUMN>8</COLUMN>
        <KEYEVENT>
          <ID>1</ID>
          <KIND>declaration</KIND>
          <IMPORTANCE>Essential</IMPORTANCE>
          <MESSAGE>'a' is an array of 5 elements (5 bytes)</MESSAGE>
        </KEYEVENT>
      </SFA>
      <SFA>
        <FILEPATH>d:\src\sarif-sdk\src\sarif.functionaltests\convertertestdata\prefast\src\combinedwarnings\</FILEPATH>
        <FILENAME>c6385example.cpp</FILENAME>
        <LINE>4</LINE>
        <COLUMN>12</COLUMN>
      </SFA>
      <SFA>
        <FILEPATH>d:\src\sarif-sdk\src\sarif.functionaltests\convertertestdata\prefast\src\combinedwarnings\</FILEPATH>
        <FILENAME>c6385example.cpp</FILENAME>
        <LINE>4</LINE>
        <COLUMN>18</COLUMN>
      </SFA>
      <SFA>
        <FILEPATH>d:\src\sarif-sdk\src\sarif.functionaltests\convertertestdata\prefast\src\combinedwarnings\</FILEPATH>
        <FILENAME>c6385example.cpp</FILENAME>
        <LINE>4</LINE>
        <COLUMN>32</COLUMN>
      </SFA>
      <SFA>
        <FILEPATH>d:\src\sarif-sdk\src\sarif.functionaltests\convertertestdata\prefast\src\combinedwarnings\</FILEPATH>
        <FILENAME>c6385example.cpp</FILENAME>
        <LINE>4</LINE>
        <COLUMN>23</COLUMN>
      </SFA>
      <SFA>
        <FILEPATH>d:\src\sarif-sdk\src\sarif.functionaltests\convertertestdata\prefast\src\combinedwarnings\</FILEPATH>
        <FILENAME>c6385example.cpp</FILENAME>
        <LINE>4</LINE>
        <COLUMN>18</COLUMN>
      </SFA>
      <SFA>
        <FILEPATH>d:\src\sarif-sdk\src\sarif.functionaltests\convertertestdata\prefast\src\combinedwarnings\</FILEPATH>
        <FILENAME>c6385example.cpp</FILENAME>
        <LINE>4</LINE>
        <COLUMN>32</COLUMN>
      </SFA>
      <SFA>
        <FILEPATH>d:\src\sarif-sdk\src\sarif.functionaltests\convertertestdata\prefast\src\combinedwarnings\</FILEPATH>
        <FILENAME>c6385example.cpp</FILENAME>
        <LINE>4</LINE>
        <COLUMN>23</COLUMN>
      </SFA>
      <SFA>
        <FILEPATH>d:\src\sarif-sdk\src\sarif.functionaltests\convertertestdata\prefast\src\combinedwarnings\</FILEPATH>
        <FILENAME>c6385example.cpp</FILENAME>
        <LINE>4</LINE>
        <COLUMN>18</COLUMN>
      </SFA>
      <SFA>
        <FILEPATH>d:\src\sarif-sdk\src\sarif.functionaltests\convertertestdata\prefast\src\combinedwarnings\</FILEPATH>
        <FILENAME>c6385example.cpp</FILENAME>
        <LINE>5</LINE>
        <COLUMN>8</COLUMN>
      </SFA>
      <SFA>
        <FILEPATH>d:\src\sarif-sdk\src\sarif.functionaltests\convertertestdata\prefast\src\combinedwarnings\</FILEPATH>
        <FILENAME>c6385example.cpp</FILENAME>
        <LINE>6</LINE>
        <COLUMN>9</COLUMN>
        <KEYEVENT>
          <ID>2</ID>
          <KIND>branch</KIND>
          <IMPORTANCE>Full</IMPORTANCE>
          <MESSAGE>Enter this branch, (assume 'i&lt;=5')</MESSAGE>
        </KEYEVENT>
      </SFA>
      <SFA>
        <FILEPATH>d:\src\sarif-sdk\src\sarif.functionaltests\convertertestdata\prefast\src\combinedwarnings\</FILEPATH>
        <FILENAME>c6385example.cpp</FILENAME>
        <LINE>8</LINE>
        <COLUMN>8</COLUMN>
        <KEYEVENT>
          <ID>3</ID>
          <KIND>usage</KIND>
          <IMPORTANCE>Essential</IMPORTANCE>
          <MESSAGE>Invalid read from 'a[5]', (readable range is 0 to 4)</MESSAGE>
        </KEYEVENT>
      </SFA>
    </PATH>
  </DEFECT>
</DEFECTS>