<?xml version='1.0' encoding='UTF-8'?>
<DEFECTS><DEFECT><SFA><FILEPATH>c:\somepath\</FILEPATH><FILENAME>test042.cpp</FILENAME><LINE>13</LINE><COLUMN>4</COLUMN></SFA><DEFECTCODE>26030</DEFECTCODE><DESCRIPTION>Postcondition violation that could result in overflow
PREFAST_NEWLINE
Buffer result.new[] created during call to operator new[] on line 7
PREFAST_NEWLINE
Buffer is of length 4*n`5 - 4 bytes [from annotation _Post_writable_byte_size_(byteCount({parameter 1})) on function operator new[] called at line 7]
PREFAST_NEWLINE
Accessing 8 bytes starting at byte offset 0
PREFAST_NEWLINE
Annotation on function f requires that result.f is of length &gt;= n elements (4 bytes/element)
PREFAST_NEWLINE
[Annotation SAL_writableTo(elementCount(n)) at c:\somepath\test042.cpp(5)]
PREFAST_NEWLINE

PREFAST_NEWLINE

PREFAST_NEWLINE
Values of variables:
PREFAST_NEWLINE
Pointer p is at offset 0 bytes from the start of the buffer
PREFAST_NEWLINE
n = 2
PREFAST_NEWLINE
result.f = p
PREFAST_NEWLINE

PREFAST_NEWLINE
where
PREFAST_NEWLINE
n`5 == 2
PREFAST_NEWLINE
offset(result.new[])`7a == 0
PREFAST_NEWLINE
{loop iterations}'10 == 0
PREFAST_NEWLINE
</DESCRIPTION><FUNCTION>f</FUNCTION><DECORATED>?f@@YAPAHH@Z</DECORATED><FUNCLINE>5</FUNCLINE><PATH><SFA><FILEPATH>c:\somepath\</FILEPATH><FILENAME>test042.cpp</FILENAME><LINE>5</LINE><COLUMN>17</COLUMN></SFA><SFA><FILEPATH>c:\somepath\</FILEPATH><FILENAME>test042.cpp</FILENAME><LINE>7</LINE><COLUMN>9</COLUMN></SFA><SFA><FILEPATH>c:\somepath\</FILEPATH><FILENAME>test042.cpp</FILENAME><LINE>7</LINE><COLUMN>13</COLUMN></SFA><SFA><FILEPATH>c:\somepath\</FILEPATH><FILENAME>test042.cpp</FILENAME><LINE>7</LINE><COLUMN>13</COLUMN></SFA><SFA><FILEPATH>c:\somepath\</FILEPATH><FILENAME>test042.cpp</FILENAME><LINE>8</LINE><COLUMN>8</COLUMN></SFA><SFA><FILEPATH>c:\somepath\</FILEPATH><FILENAME>test042.cpp</FILENAME><LINE>10</LINE><COLUMN>17</COLUMN></SFA><SFA><FILEPATH>c:\somepath\</FILEPATH><FILENAME>test042.cpp</FILENAME><LINE>10</LINE><COLUMN>21</COLUMN></SFA><SFA><FILEPATH>c:\somepath\</FILEPATH><FILENAME>test042.cpp</FILENAME><LINE>10</LINE><COLUMN>26</COLUMN></SFA><SFA><FILEPATH>c:\somepath\</FILEPATH><FILENAME>test042.cpp</FILENAME><LINE>11</LINE><COLUMN>17</COLUMN></SFA><SFA><FILEPATH>c:\somepath\</FILEPATH><FILENAME>test042.cpp</FILENAME><LINE>10</LINE><COLUMN>33</COLUMN></SFA><SFA><FILEPATH>c:\somepath\</FILEPATH><FILENAME>test042.cpp</FILENAME><LINE>10</LINE><COLUMN>26</COLUMN></SFA><SFA><FILEPATH>c:\somepath\</FILEPATH><FILENAME>test042.cpp</FILENAME><LINE>13</LINE><COLUMN>4</COLUMN></SFA></PATH></DEFECT><DEFECT><SFA><FILEPATH>c:\somepath\</FILEPATH><FILENAME>test042.cpp</FILENAME><LINE>24</LINE><COLUMN>9</COLUMN></SFA><DEFECTCODE>26030</DEFECTCODE><DESCRIPTION>Postcondition violation that could result in overflow
PREFAST_NEWLINE
Buffer result.new[] created during call to operator new[] on line 18
PREFAST_NEWLINE
Buffer is of length 4*n`16 - 4 bytes [from annotation _Post_writable_byte_size_(byteCount({parameter 1})) on function operator new[] called at line 18]
PREFAST_NEWLINE
Accessing 8 bytes starting at byte offset 0
PREFAST_NEWLINE
Annotation on function g requires that * buf is of length &gt;= n elements (4 bytes/element)
PREFAST_NEWLINE
[Annotation SAL_writableTo(elementCount(n)) at c:\somepath\test042.cpp(16)]
PREFAST_NEWLINE

PREFAST_NEWLINE

PREFAST_NEWLINE
Values of variables:
PREFAST_NEWLINE
Pointer p is at offset 0 bytes from the start of the buffer
PREFAST_NEWLINE
n = 2
PREFAST_NEWLINE
(*buf) = p
PREFAST_NEWLINE

PREFAST_NEWLINE
where
PREFAST_NEWLINE
n`16 == 2
PREFAST_NEWLINE
offset(result.new[])`18a == 0
PREFAST_NEWLINE
{loop iterations}'21 == 0
PREFAST_NEWLINE
</DESCRIPTION><FUNCTION>g</FUNCTION><DECORATED>?g@@YAXPAPAHH@Z</DECORATED><FUNCLINE>16</FUNCLINE><PATH><SFA><FILEPATH>c:\somepath\</FILEPATH><FILENAME>test042.cpp</FILENAME><LINE>16</LINE><COLUMN>5</COLUMN></SFA><SFA><FILEPATH>c:\somepath\</FILEPATH><FILENAME>test042.cpp</FILENAME><LINE>18</LINE><COLUMN>9</COLUMN></SFA><SFA><FILEPATH>c:\somepath\</FILEPATH><FILENAME>test042.cpp</FILENAME><LINE>18</LINE><COLUMN>13</COLUMN></SFA><SFA><FILEPATH>c:\somepath\</FILEPATH><FILENAME>test042.cpp</FILENAME><LINE>18</LINE><COLUMN>13</COLUMN></SFA><SFA><FILEPATH>c:\somepath\</FILEPATH><FILENAME>test042.cpp</FILENAME><LINE>19</LINE><COLUMN>8</COLUMN></SFA><SFA><FILEPATH>c:\somepath\</FILEPATH><FILENAME>test042.cpp</FILENAME><LINE>21</LINE><COLUMN>17</COLUMN></SFA><SFA><FILEPATH>c:\somepath\</FILEPATH><FILENAME>test042.cpp</FILENAME><LINE>21</LINE><COLUMN>21</COLUMN></SFA><SFA><FILEPATH>c:\somepath\</FILEPATH><FILENAME>test042.cpp</FILENAME><LINE>21</LINE><COLUMN>26</COLUMN></SFA><SFA><FILEPATH>c:\somepath\</FILEPATH><FILENAME>test042.cpp</FILENAME><LINE>22</LINE><COLUMN>17</COLUMN></SFA><SFA><FILEPATH>c:\somepath\</FILEPATH><FILENAME>test042.cpp</FILENAME><LINE>21</LINE><COLUMN>33</COLUMN></SFA><SFA><FILEPATH>c:\somepath\</FILEPATH><FILENAME>test042.cpp</FILENAME><LINE>21</LINE><COLUMN>26</COLUMN></SFA><SFA><FILEPATH>c:\somepath\</FILEPATH><FILENAME>test042.cpp</FILENAME><LINE>24</LINE><COLUMN>9</COLUMN></SFA></PATH></DEFECT><DEFECT><SFA><FILEPATH>c:\somepath\</FILEPATH><FILENAME>test042.cpp</FILENAME><LINE>31</LINE><COLUMN>11</COLUMN></SFA><DEFECTCODE>26030</DEFECTCODE><DESCRIPTION>Postcondition violation that could result in overflow
PREFAST_NEWLINE
Buffer pbuf is a parameter to this function declared on line 27
PREFAST_NEWLINE
Buffer is of length offset(pbuf)`27 + 4*n`27 bytes [from annotation SAL_readableTo(elementCount(n)) at c:\somepath\test042.cpp(27)]
PREFAST_NEWLINE
Accessing 4*n`27 bytes starting at byte offset 4
PREFAST_NEWLINE
Annotation on function h requires that * ppbuf is of length &gt;= n elements (4 bytes/element)
PREFAST_NEWLINE
[Annotation SAL_writableTo(elementCount(n)) at c:\somepath\test042.cpp(27)]
PREFAST_NEWLINE

PREFAST_NEWLINE

PREFAST_NEWLINE
Values of variables:
PREFAST_NEWLINE
Pointer (*ppbuf) is at offset 4 bytes from the start of the buffer
PREFAST_NEWLINE
n = n`27
PREFAST_NEWLINE

PREFAST_NEWLINE
where
PREFAST_NEWLINE
offset(pbuf)`27 == 0
PREFAST_NEWLINE
n`27 &gt;= 1
PREFAST_NEWLINE
</DESCRIPTION><FUNCTION>h</FUNCTION><DECORATED>?h@@YAXPAPAHPAHH@Z</DECORATED><FUNCLINE>27</FUNCLINE><PATH><SFA><FILEPATH>c:\somepath\</FILEPATH><FILENAME>test042.cpp</FILENAME><LINE>27</LINE><COLUMN>5</COLUMN></SFA><SFA><FILEPATH>c:\somepath\</FILEPATH><FILENAME>test042.cpp</FILENAME><LINE>29</LINE><COLUMN>8</COLUMN></SFA><SFA><FILEPATH>c:\somepath\</FILEPATH><FILENAME>test042.cpp</FILENAME><LINE>29</LINE><COLUMN>28</COLUMN></SFA><SFA><FILEPATH>c:\somepath\</FILEPATH><FILENAME>test042.cpp</FILENAME><LINE>29</LINE><COLUMN>49</COLUMN></SFA><SFA><FILEPATH>c:\somepath\</FILEPATH><FILENAME>test042.cpp</FILENAME><LINE>31</LINE><COLUMN>11</COLUMN></SFA></PATH></DEFECT><DEFECT><SFA><FILEPATH>c:\somepath\</FILEPATH><FILENAME>test042.cpp</FILENAME><LINE>36</LINE><COLUMN>4</COLUMN></SFA><DEFECTCODE>26045</DEFECTCODE><DESCRIPTION>Potential postcondition violation that could result in overflow
PREFAST_NEWLINE
Buffer access is apparently unbounded by the buffer size.  
PREFAST_NEWLINE

PREFAST_NEWLINE
In particular: n`34 is not constrained by any constant
PREFAST_NEWLINE

PREFAST_NEWLINE
Buffer result.new[] created during call to operator new[] on line 36
PREFAST_NEWLINE
Buffer is of length 40 bytes [from annotation _Post_writable_byte_size_(byteCount({parameter 1})) on function operator new[] called at line 36]
PREFAST_NEWLINE
Accessing n`34 bytes starting at byte offset 0
PREFAST_NEWLINE
Annotation on function g1 requires that result.g1 is of length &gt;= n bytes
PREFAST_NEWLINE
[Annotation SAL_writableTo(byteCount(n)) at c:\somepath\test042.cpp(34)]
PREFAST_NEWLINE

PREFAST_NEWLINE

PREFAST_NEWLINE
Values of variables:
PREFAST_NEWLINE
Pointer result.g1 is at offset 0 bytes from the start of the buffer
PREFAST_NEWLINE
n = n`34
PREFAST_NEWLINE

PREFAST_NEWLINE
Overrun access occurs when
PREFAST_NEWLINE
offset(result.new[])`36a == 0
PREFAST_NEWLINE
n`34 &gt;= 41
PREFAST_NEWLINE
</DESCRIPTION><FUNCTION>g1</FUNCTION><DECORATED>?g1@@YAPAXH@Z</DECORATED><FUNCLINE>34</FUNCLINE><PATH><SFA><FILEPATH>c:\somepath\</FILEPATH><FILENAME>test042.cpp</FILENAME><LINE>34</LINE><COLUMN>18</COLUMN></SFA><SFA><FILEPATH>c:\somepath\</FILEPATH><FILENAME>test042.cpp</FILENAME><LINE>36</LINE><COLUMN>11</COLUMN></SFA><SFA><FILEPATH>c:\somepath\</FILEPATH><FILENAME>test042.cpp</FILENAME><LINE>36</LINE><COLUMN>4</COLUMN></SFA></PATH></DEFECT><DEFECT><SFA><FILEPATH>c:\somepath\</FILEPATH><FILENAME>test042.cpp</FILENAME><LINE>42</LINE><COLUMN>4</COLUMN></SFA><DEFECTCODE>26040</DEFECTCODE><DESCRIPTION>Potential postcondition violation that could result in overflow
PREFAST_NEWLINE
Buffer accessed is `g2'::`2'::a
PREFAST_NEWLINE
Buffer is of length 40 bytes [size of variable]
PREFAST_NEWLINE
Accessing n`39 bytes starting at byte offset -4
PREFAST_NEWLINE
Annotation on function g2 requires that result.g2 is of length &gt;= n bytes
PREFAST_NEWLINE
[Annotation SAL_writableTo(byteCount(n)) at c:\somepath\test042.cpp(39)]
PREFAST_NEWLINE

PREFAST_NEWLINE

PREFAST_NEWLINE
Values of variables:
PREFAST_NEWLINE
Pointer result.g2 is at offset -4 bytes from the start of the buffer
PREFAST_NEWLINE
n = n`39
PREFAST_NEWLINE

PREFAST_NEWLINE
Overrun access occurs when
PREFAST_NEWLINE
n`39 &gt;= 45
PREFAST_NEWLINE
</DESCRIPTION><FUNCTION>g2</FUNCTION><DECORATED>?g2@@YAPAHH@Z</DECORATED><FUNCLINE>39</FUNCLINE><PATH><SFA><FILEPATH>c:\somepath\</FILEPATH><FILENAME>test042.cpp</FILENAME><LINE>39</LINE><COLUMN>17</COLUMN></SFA><SFA><FILEPATH>c:\somepath\</FILEPATH><FILENAME>test042.cpp</FILENAME><LINE>42</LINE><COLUMN>4</COLUMN></SFA></PATH></DEFECT><DEFECT><SFA><FILEPATH>c:\somepath\</FILEPATH><FILENAME>test042.cpp</FILENAME><LINE>42</LINE><COLUMN>4</COLUMN></SFA><DEFECTCODE>26031</DEFECTCODE><DESCRIPTION>Postcondition violation that could result in underflow
PREFAST_NEWLINE
Buffer accessed is `g2'::`2'::a
PREFAST_NEWLINE
Buffer is of length 40 bytes [size of variable]
PREFAST_NEWLINE
Accessing n`39 bytes starting at byte offset -4
PREFAST_NEWLINE
Annotation on function g2 requires that result.g2 is of length &gt;= n bytes
PREFAST_NEWLINE
[Annotation SAL_writableTo(byteCount(n)) at c:\somepath\test042.cpp(39)]
PREFAST_NEWLINE

PREFAST_NEWLINE

PREFAST_NEWLINE
Values of variables:
PREFAST_NEWLINE
Pointer result.g2 is at offset -4 bytes from the start of the buffer
PREFAST_NEWLINE
n = n`39
PREFAST_NEWLINE
</DESCRIPTION><FUNCTION>g2</FUNCTION><DECORATED>?g2@@YAPAHH@Z</DECORATED><FUNCLINE>39</FUNCLINE><PATH><SFA><FILEPATH>c:\somepath\</FILEPATH><FILENAME>test042.cpp</FILENAME><LINE>39</LINE><COLUMN>17</COLUMN></SFA><SFA><FILEPATH>c:\somepath\</FILEPATH><FILENAME>test042.cpp</FILENAME><LINE>42</LINE><COLUMN>4</COLUMN></SFA></PATH></DEFECT><DEFECT><SFA><FILEPATH>c:\somepath\</FILEPATH><FILENAME>test042.cpp</FILENAME><LINE>64</LINE><COLUMN>7</COLUMN></SFA><DEFECTCODE>26030</DEFECTCODE><DESCRIPTION>Postcondition violation that could result in overflow
PREFAST_NEWLINE
Buffer a is a parameter to this function declared on line 56
PREFAST_NEWLINE
Buffer is of length offset(a)`56 + 4*(*n)`56 bytes [from annotation SAL_writableTo(elementCount(* n)) at c:\somepath\test042.cpp(56)]
PREFAST_NEWLINE
Accessing 44 bytes starting at byte offset 0
PREFAST_NEWLINE
Annotation on function bar requires that a is of length &gt;= * n elements (4 bytes/element)
PREFAST_NEWLINE
[Annotation SAL_readableTo(elementCount(* n)) at c:\somepath\test042.cpp(56)]
PREFAST_NEWLINE

PREFAST_NEWLINE

PREFAST_NEWLINE
Values of variables:
PREFAST_NEWLINE
(*n) = 11
PREFAST_NEWLINE
Pointer a is at offset 0 bytes from the start of the buffer
PREFAST_NEWLINE

PREFAST_NEWLINE
where
PREFAST_NEWLINE
(*n)`56 == 1
PREFAST_NEWLINE
offset(a)`56 == 0
PREFAST_NEWLINE
{loop iterations}'61 == 0
PREFAST_NEWLINE
</DESCRIPTION><FUNCTION>bar</FUNCTION><DECORATED>?bar@@YAXPAH0@Z</DECORATED><FUNCLINE>56</FUNCLINE><PATH><SFA><FILEPATH>c:\somepath\</FILEPATH><FILENAME>test042.cpp</FILENAME><LINE>56</LINE><COLUMN>5</COLUMN></SFA><SFA><FILEPATH>c:\somepath\</FILEPATH><FILENAME>test042.cpp</FILENAME><LINE>58</LINE><COLUMN>8</COLUMN></SFA><SFA><FILEPATH>c:\somepath\</FILEPATH><FILENAME>test042.cpp</FILENAME><LINE>58</LINE><COLUMN>24</COLUMN></SFA><SFA><FILEPATH>c:\somepath\</FILEPATH><FILENAME>test042.cpp</FILENAME><LINE>61</LINE><COLUMN>13</COLUMN></SFA><SFA><FILEPATH>c:\somepath\</FILEPATH><FILENAME>test042.cpp</FILENAME><LINE>61</LINE><COLUMN>17</COLUMN></SFA><SFA><FILEPATH>c:\somepath\</FILEPATH><FILENAME>test042.cpp</FILENAME><LINE>61</LINE><COLUMN>22</COLUMN></SFA><SFA><FILEPATH>c:\somepath\</FILEPATH><FILENAME>test042.cpp</FILENAME><LINE>62</LINE><COLUMN>13</COLUMN></SFA><SFA><FILEPATH>c:\somepath\</FILEPATH><FILENAME>test042.cpp</FILENAME><LINE>61</LINE><COLUMN>29</COLUMN></SFA><SFA><FILEPATH>c:\somepath\</FILEPATH><FILENAME>test042.cpp</FILENAME><LINE>61</LINE><COLUMN>22</COLUMN></SFA><SFA><FILEPATH>c:\somepath\</FILEPATH><FILENAME>test042.cpp</FILENAME><LINE>64</LINE><COLUMN>7</COLUMN></SFA></PATH></DEFECT><DEFECT><SFA><FILEPATH>c:\somepath\</FILEPATH><FILENAME>test042.cpp</FILENAME><LINE>82</LINE><COLUMN>19</COLUMN></SFA><DEFECTCODE>26011</DEFECTCODE><DESCRIPTION>Potential Underflow using expression 'a[(int )(i ++)]'
PREFAST_NEWLINE
Buffer a is a parameter to this function declared on line 72
PREFAST_NEWLINE
Buffer is of length offset(a)`72 + 4*size`72 bytes [from annotation SAL_writableTo(elementCount(size)) at c:\somepath\test042.cpp(72)]
PREFAST_NEWLINE
Accessing 4 bytes starting at byte offset 4*i`79
PREFAST_NEWLINE

PREFAST_NEWLINE
Values of variables:
PREFAST_NEWLINE
Pointer a is at offset 0 bytes from the start of the buffer
PREFAST_NEWLINE
i = i`79 + 1
PREFAST_NEWLINE

PREFAST_NEWLINE
where
PREFAST_NEWLINE
offset(a)`72 == 0
PREFAST_NEWLINE
i`79 &lt;= {loop iterations}'79 + 1
PREFAST_NEWLINE
size`72 &gt;= 1
PREFAST_NEWLINE
size`72 &gt;= i`79 + 1
PREFAST_NEWLINE

PREFAST_NEWLINE
Underflow access occurs when
PREFAST_NEWLINE
4*i`79 + 1 &lt;= 0
PREFAST_NEWLINE
</DESCRIPTION><FUNCTION>Next</FUNCTION><DECORATED>?Next@@YAXPAHIPAI@Z</DECORATED><FUNCLINE>72</FUNCLINE><PATH><SFA><FILEPATH>c:\somepath\</FILEPATH><FILENAME>test042.cpp</FILENAME><LINE>72</LINE><COLUMN>5</COLUMN></SFA><SFA><FILEPATH>c:\somepath\</FILEPATH><FILENAME>test042.cpp</FILENAME><LINE>74</LINE><COLUMN>8</COLUMN></SFA><SFA><FILEPATH>c:\somepath\</FILEPATH><FILENAME>test042.cpp</FILENAME><LINE>78</LINE><COLUMN>14</COLUMN></SFA><SFA><FILEPATH>c:\somepath\</FILEPATH><FILENAME>test042.cpp</FILENAME><LINE>78</LINE><COLUMN>18</COLUMN></SFA><SFA><FILEPATH>c:\somepath\</FILEPATH><FILENAME>test042.cpp</FILENAME><LINE>79</LINE><COLUMN>13</COLUMN></SFA><SFA><FILEPATH>c:\somepath\</FILEPATH><FILENAME>test042.cpp</FILENAME><LINE>80</LINE><COLUMN>12</COLUMN></SFA><SFA><FILEPATH>c:\somepath\</FILEPATH><FILENAME>test042.cpp</FILENAME><LINE>80</LINE><COLUMN>20</COLUMN></SFA><SFA><FILEPATH>c:\somepath\</FILEPATH><FILENAME>test042.cpp</FILENAME><LINE>80</LINE><COLUMN>20</COLUMN></SFA><SFA><FILEPATH>c:\somepath\</FILEPATH><FILENAME>test042.cpp</FILENAME><LINE>81</LINE><COLUMN>14</COLUMN></SFA><SFA><FILEPATH>c:\somepath\</FILEPATH><FILENAME>test042.cpp</FILENAME><LINE>79</LINE><COLUMN>13</COLUMN></SFA><SFA><FILEPATH>c:\somepath\</FILEPATH><FILENAME>test042.cpp</FILENAME><LINE>80</LINE><COLUMN>12</COLUMN></SFA><SFA><FILEPATH>c:\somepath\</FILEPATH><FILENAME>test042.cpp</FILENAME><LINE>80</LINE><COLUMN>20</COLUMN></SFA><SFA><FILEPATH>c:\somepath\</FILEPATH><FILENAME>test042.cpp</FILENAME><LINE>80</LINE><COLUMN>20</COLUMN></SFA><SFA><FILEPATH>c:\somepath\</FILEPATH><FILENAME>test042.cpp</FILENAME><LINE>81</LINE><COLUMN>14</COLUMN></SFA><SFA><FILEPATH>c:\somepath\</FILEPATH><FILENAME>test042.cpp</FILENAME><LINE>82</LINE><COLUMN>19</COLUMN></SFA><SFA><FILEPATH>c:\somepath\</FILEPATH><FILENAME>test042.cpp</FILENAME><LINE>79</LINE><COLUMN>13</COLUMN></SFA><SFA><FILEPATH>c:\somepath\</FILEPATH><FILENAME>test042.cpp</FILENAME><LINE>80</LINE><COLUMN>12</COLUMN></SFA><SFA><FILEPATH>c:\somepath\</FILEPATH><FILENAME>test042.cpp</FILENAME><LINE>80</LINE><COLUMN>20</COLUMN></SFA><SFA><FILEPATH>c:\somepath\</FILEPATH><FILENAME>test042.cpp</FILENAME><LINE>80</LINE><COLUMN>20</COLUMN></SFA><SFA><FILEPATH>c:\somepath\</FILEPATH><FILENAME>test042.cpp</FILENAME><LINE>81</LINE><COLUMN>14</COLUMN></SFA><SFA><FILEPATH>c:\somepath\</FILEPATH><FILENAME>test042.cpp</FILENAME><LINE>82</LINE><COLUMN>19</COLUMN></SFA></PATH></DEFECT><DEFECT><SFA><FILEPATH>c:\somepath\</FILEPATH><FILENAME>test042.cpp</FILENAME><LINE>98</LINE><COLUMN>19</COLUMN></SFA><DEFECTCODE>26011</DEFECTCODE><DESCRIPTION>Potential Underflow using expression 'a[(int )(i ++)]'
PREFAST_NEWLINE
Buffer a is a parameter to this function declared on line 88
PREFAST_NEWLINE
Buffer is of length offset(a)`88 + 4*size`88 bytes [from annotation SAL_writableTo(elementCount(size)) at c:\somepath\test042.cpp(88)]
PREFAST_NEWLINE
Accessing 4 bytes starting at byte offset 4*i`95
PREFAST_NEWLINE

PREFAST_NEWLINE
Values of variables:
PREFAST_NEWLINE
Pointer a is at offset 0 bytes from the start of the buffer
PREFAST_NEWLINE
i = i`95 + 1
PREFAST_NEWLINE

PREFAST_NEWLINE
where
PREFAST_NEWLINE
offset(a)`88 == 0
PREFAST_NEWLINE
i`95 &lt;= {loop iterations}'95 + 1
PREFAST_NEWLINE
size`88 &gt;= 1
PREFAST_NEWLINE
size`88 &gt;= i`95 + 1
PREFAST_NEWLINE

PREFAST_NEWLINE
Underflow access occurs when
PREFAST_NEWLINE
4*i`95 + 1 &lt;= 0
PREFAST_NEWLINE
</DESCRIPTION><FUNCTION>NextUnannotated</FUNCTION><DECORATED>?NextUnannotated@@YAXPAHIPAI@Z</DECORATED><FUNCLINE>88</FUNCLINE><PATH><SFA><FILEPATH>c:\somepath\</FILEPATH><FILENAME>test042.cpp</FILENAME><LINE>88</LINE><COLUMN>5</COLUMN></SFA><SFA><FILEPATH>c:\somepath\</FILEPATH><FILENAME>test042.cpp</FILENAME><LINE>90</LINE><COLUMN>8</COLUMN></SFA><SFA><FILEPATH>c:\somepath\</FILEPATH><FILENAME>test042.cpp</FILENAME><LINE>94</LINE><COLUMN>14</COLUMN></SFA><SFA><FILEPATH>c:\somepath\</FILEPATH><FILENAME>test042.cpp</FILENAME><LINE>94</LINE><COLUMN>18</COLUMN></SFA><SFA><FILEPATH>c:\somepath\</FILEPATH><FILENAME>test042.cpp</FILENAME><LINE>95</LINE><COLUMN>13</COLUMN></SFA><SFA><FILEPATH>c:\somepath\</FILEPATH><FILENAME>test042.cpp</FILENAME><LINE>96</LINE><COLUMN>12</COLUMN></SFA><SFA><FILEPATH>c:\somepath\</FILEPATH><FILENAME>test042.cpp</FILENAME><LINE>96</LINE><COLUMN>20</COLUMN></SFA><SFA><FILEPATH>c:\somepath\</FILEPATH><FILENAME>test042.cpp</FILENAME><LINE>96</LINE><COLUMN>20</COLUMN></SFA><SFA><FILEPATH>c:\somepath\</FILEPATH><FILENAME>test042.cpp</FILENAME><LINE>97</LINE><COLUMN>14</COLUMN></SFA><SFA><FILEPATH>c:\somepath\</FILEPATH><FILENAME>test042.cpp</FILENAME><LINE>95</LINE><COLUMN>13</COLUMN></SFA><SFA><FILEPATH>c:\somepath\</FILEPATH><FILENAME>test042.cpp</FILENAME><LINE>96</LINE><COLUMN>12</COLUMN></SFA><SFA><FILEPATH>c:\somepath\</FILEPATH><FILENAME>test042.cpp</FILENAME><LINE>96</LINE><COLUMN>20</COLUMN></SFA><SFA><FILEPATH>c:\somepath\</FILEPATH><FILENAME>test042.cpp</FILENAME><LINE>96</LINE><COLUMN>20</COLUMN></SFA><SFA><FILEPATH>c:\somepath\</FILEPATH><FILENAME>test042.cpp</FILENAME><LINE>97</LINE><COLUMN>14</COLUMN></SFA><SFA><FILEPATH>c:\somepath\</FILEPATH><FILENAME>test042.cpp</FILENAME><LINE>98</LINE><COLUMN>19</COLUMN></SFA><SFA><FILEPATH>c:\somepath\</FILEPATH><FILENAME>test042.cpp</FILENAME><LINE>95</LINE><COLUMN>13</COLUMN></SFA><SFA><FILEPATH>c:\somepath\</FILEPATH><FILENAME>test042.cpp</FILENAME><LINE>96</LINE><COLUMN>12</COLUMN></SFA><SFA><FILEPATH>c:\somepath\</FILEPATH><FILENAME>test042.cpp</FILENAME><LINE>96</LINE><COLUMN>20</COLUMN></SFA><SFA><FILEPATH>c:\somepath\</FILEPATH><FILENAME>test042.cpp</FILENAME><LINE>96</LINE><COLUMN>20</COLUMN></SFA><SFA><FILEPATH>c:\somepath\</FILEPATH><FILENAME>test042.cpp</FILENAME><LINE>97</LINE><COLUMN>14</COLUMN></SFA><SFA><FILEPATH>c:\somepath\</FILEPATH><FILENAME>test042.cpp</FILENAME><LINE>98</LINE><COLUMN>19</COLUMN></SFA></PATH></DEFECT><DEFECT><SFA><FILEPATH>c:\somepath\</FILEPATH><FILENAME>test042.cpp</FILENAME><LINE>163</LINE><COLUMN>11</COLUMN></SFA><DEFECTCODE>26011</DEFECTCODE><DESCRIPTION>Potential read underflow using expression 'a[size - 1]'
PREFAST_NEWLINE
Buffer accessed is a
PREFAST_NEWLINE
Buffer is of length 20 elements (4 bytes/element) [size of variable]
PREFAST_NEWLINE
Accessing the element (4 bytes/element) at element offset size`162a - 1
PREFAST_NEWLINE

PREFAST_NEWLINE
Values of variables:
PREFAST_NEWLINE
size = size`162a
PREFAST_NEWLINE

PREFAST_NEWLINE
where
PREFAST_NEWLINE
size`162a &lt;= 20
PREFAST_NEWLINE
size`162a &gt;= 0
PREFAST_NEWLINE

PREFAST_NEWLINE
Underflow access occurs when
PREFAST_NEWLINE
size`162a == 0
PREFAST_NEWLINE
</DESCRIPTION><FUNCTION>main</FUNCTION><DECORATED>main</DECORATED><FUNCLINE>127</FUNCLINE><PATH><SFA><FILEPATH>c:\somepath\</FILEPATH><FILENAME>test042.cpp</FILENAME><LINE>127</LINE><COLUMN>5</COLUMN></SFA><SFA><FILEPATH>c:\somepath\</FILEPATH><FILENAME>test042.cpp</FILENAME><LINE>129</LINE><COLUMN>9</COLUMN></SFA><SFA><FILEPATH>c:\somepath\</FILEPATH><FILENAME>test042.cpp</FILENAME><LINE>130</LINE><COLUMN>8</COLUMN></SFA><SFA><FILEPATH>c:\somepath\</FILEPATH><FILENAME>test042.cpp</FILENAME><LINE>131</LINE><COLUMN>8</COLUMN></SFA><SFA><FILEPATH>c:\somepath\</FILEPATH><FILENAME>test042.cpp</FILENAME><LINE>133</LINE><COLUMN>9</COLUMN></SFA><SFA><FILEPATH>c:\somepath\</FILEPATH><FILENAME>test042.cpp</FILENAME><LINE>134</LINE><COLUMN>9</COLUMN></SFA><SFA><FILEPATH>c:\somepath\</FILEPATH><FILENAME>test042.cpp</FILENAME><LINE>134</LINE><COLUMN>6</COLUMN></SFA><SFA><FILEPATH>c:\somepath\</FILEPATH><FILENAME>test042.cpp</FILENAME><LINE>135</LINE><COLUMN>8</COLUMN></SFA><SFA><FILEPATH>c:\somepath\</FILEPATH><FILENAME>test042.cpp</FILENAME><LINE>136</LINE><COLUMN>15</COLUMN></SFA><SFA><FILEPATH>c:\somepath\</FILEPATH><FILENAME>test042.cpp</FILENAME><LINE>138</LINE><COLUMN>5</COLUMN></SFA><SFA><FILEPATH>c:\somepath\</FILEPATH><FILENAME>test042.cpp</FILENAME><LINE>139</LINE><COLUMN>8</COLUMN></SFA><SFA><FILEPATH>c:\somepath\</FILEPATH><FILENAME>test042.cpp</FILENAME><LINE>140</LINE><COLUMN>15</COLUMN></SFA><SFA><FILEPATH>c:\somepath\</FILEPATH><FILENAME>test042.cpp</FILENAME><LINE>142</LINE><COLUMN>8</COLUMN></SFA><SFA><FILEPATH>c:\somepath\</FILEPATH><FILENAME>test042.cpp</FILENAME><LINE>143</LINE><COLUMN>9</COLUMN></SFA><SFA><FILEPATH>c:\somepath\</FILEPATH><FILENAME>test042.cpp</FILENAME><LINE>145</LINE><COLUMN>5</COLUMN></SFA><SFA><FILEPATH>c:\somepath\</FILEPATH><FILENAME>test042.cpp</FILENAME><LINE>146</LINE><COLUMN>16</COLUMN></SFA><SFA><FILEPATH>c:\somepath\</FILEPATH><FILENAME>test042.cpp</FILENAME><LINE>148</LINE><COLUMN>16</COLUMN></SFA><SFA><FILEPATH>c:\somepath\</FILEPATH><FILENAME>test042.cpp</FILENAME><LINE>148</LINE><COLUMN>6</COLUMN></SFA><SFA><FILEPATH>c:\somepath\</FILEPATH><FILENAME>test042.cpp</FILENAME><LINE>149</LINE><COLUMN>8</COLUMN></SFA><SFA><FILEPATH>c:\somepath\</FILEPATH><FILENAME>test042.cpp</FILENAME><LINE>150</LINE><COLUMN>20</COLUMN></SFA><SFA><FILEPATH>c:\somepath\</FILEPATH><FILENAME>test042.cpp</FILENAME><LINE>152</LINE><COLUMN>10</COLUMN></SFA><SFA><FILEPATH>c:\somepath\</FILEPATH><FILENAME>test042.cpp</FILENAME><LINE>152</LINE><COLUMN>6</COLUMN></SFA><SFA><FILEPATH>c:\somepath\</FILEPATH><FILENAME>test042.cpp</FILENAME><LINE>153</LINE><COLUMN>8</COLUMN></SFA><SFA><FILEPATH>c:\somepath\</FILEPATH><FILENAME>test042.cpp</FILENAME><LINE>155</LINE><COLUMN>13</COLUMN></SFA><SFA><FILEPATH>c:\somepath\</FILEPATH><FILENAME>test042.cpp</FILENAME><LINE>156</LINE><COLUMN>14</COLUMN></SFA><SFA><FILEPATH>c:\somepath\</FILEPATH><FILENAME>test042.cpp</FILENAME><LINE>159</LINE><COLUMN>7</COLUMN></SFA><SFA><FILEPATH>c:\somepath\</FILEPATH><FILENAME>test042.cpp</FILENAME><LINE>160</LINE><COLUMN>11</COLUMN></SFA><SFA><FILEPATH>c:\somepath\</FILEPATH><FILENAME>test042.cpp</FILENAME><LINE>162</LINE><COLUMN>7</COLUMN></SFA><SFA><FILEPATH>c:\somepath\</FILEPATH><FILENAME>test042.cpp</FILENAME><LINE>163</LINE><COLUMN>11</COLUMN></SFA></PATH></DEFECT></DEFECTS>