<?xml version='1.0' encoding='UTF-8'?>
<DEFECTS><DEFECT><SFA><FILEPATH>c:\somepath\</FILEPATH><FILENAME>test001.cpp</FILENAME><LINE>9</LINE><COLUMN>17</COLUMN></SFA><DEFECTCODE>26011</DEFECTCODE><DESCRIPTION>Potential read underflow using expression 'vec[i]'
PREFAST_NEWLINE
Buffer vec is a parameter to this function declared on line 4
PREFAST_NEWLINE
Buffer is of length offset(vec)`4 + 4*count`4 bytes [from annotation SAL_writableTo(elementCount(count)) at c:\somepath\test001.cpp(4)]
PREFAST_NEWLINE
Accessing 4 bytes starting at byte offset 4*i`4
PREFAST_NEWLINE

PREFAST_NEWLINE
Values of variables:
PREFAST_NEWLINE
Pointer vec is at offset 0 bytes from the start of the buffer
PREFAST_NEWLINE
i = i`4
PREFAST_NEWLINE

PREFAST_NEWLINE
Underflow access occurs when
PREFAST_NEWLINE
offset(vec)`4 == 0
PREFAST_NEWLINE
4*i`4 + 1 &lt;= 0
PREFAST_NEWLINE

PREFAST_NEWLINE
There are other instances of this error:
PREFAST_NEWLINE
Potential read underflow using expression 'vec[(count - i) - 1]' at line 17
PREFAST_NEWLINE
</DESCRIPTION><FUNCTION>index</FUNCTION><DECORATED>?index@@YAHPAHHH@Z</DECORATED><FUNCLINE>4</FUNCLINE><PATH><SFA><FILEPATH>c:\somepath\</FILEPATH><FILENAME>test001.cpp</FILENAME><LINE>4</LINE><COLUMN>4</COLUMN></SFA><SFA><FILEPATH>c:\somepath\</FILEPATH><FILENAME>test001.cpp</FILENAME><LINE>6</LINE><COLUMN>8</COLUMN></SFA><SFA><FILEPATH>c:\somepath\</FILEPATH><FILENAME>test001.cpp</FILENAME><LINE>9</LINE><COLUMN>8</COLUMN></SFA><SFA><FILEPATH>c:\somepath\</FILEPATH><FILENAME>test001.cpp</FILENAME><LINE>9</LINE><COLUMN>17</COLUMN></SFA></PATH></DEFECT><DEFECT><SFA><FILEPATH>c:\somepath\</FILEPATH><FILENAME>test001.cpp</FILENAME><LINE>13</LINE><COLUMN>29</COLUMN></SFA><DEFECTCODE>26014</DEFECTCODE><DESCRIPTION>Potential read overflow using expression 'vec[count - i]'
PREFAST_NEWLINE
This is likely to be due to incorrect or insufficient validation of the buffer access
PREFAST_NEWLINE
Buffer vec is a parameter to this function declared on line 4
PREFAST_NEWLINE
Buffer is of length offset(vec)`4 + 4*count`4 bytes [from annotation SAL_writableTo(elementCount(count)) at c:\somepath\test001.cpp(4)]
PREFAST_NEWLINE
Accessing 4 bytes starting at byte offset 4*count`4 - 4*i`4
PREFAST_NEWLINE

PREFAST_NEWLINE
Values of variables:
PREFAST_NEWLINE
Pointer vec is at offset 0 bytes from the start of the buffer
PREFAST_NEWLINE
count = count`4
PREFAST_NEWLINE
i = i`4
PREFAST_NEWLINE

PREFAST_NEWLINE
where
PREFAST_NEWLINE
offset(vec)`4 == 0
PREFAST_NEWLINE
count`4 &gt;= 1
PREFAST_NEWLINE
count`4 &gt;= i`4 + 1
PREFAST_NEWLINE
i`4 &gt;= 0
PREFAST_NEWLINE

PREFAST_NEWLINE
Overrun access occurs when
PREFAST_NEWLINE
i`4 == 0
PREFAST_NEWLINE

PREFAST_NEWLINE
There are other instances of this error:
PREFAST_NEWLINE
Potential read overflow using expression 'vec[i]' at line 9
PREFAST_NEWLINE
Potential read overflow using expression 'vec[i + 1]' at line 20
PREFAST_NEWLINE
</DESCRIPTION><FUNCTION>index</FUNCTION><DECORATED>?index@@YAHPAHHH@Z</DECORATED><FUNCLINE>4</FUNCLINE><PATH><SFA><FILEPATH>c:\somepath\</FILEPATH><FILENAME>test001.cpp</FILENAME><LINE>4</LINE><COLUMN>4</COLUMN></SFA><SFA><FILEPATH>c:\somepath\</FILEPATH><FILENAME>test001.cpp</FILENAME><LINE>6</LINE><COLUMN>8</COLUMN></SFA><SFA><FILEPATH>c:\somepath\</FILEPATH><FILENAME>test001.cpp</FILENAME><LINE>9</LINE><COLUMN>8</COLUMN></SFA><SFA><FILEPATH>c:\somepath\</FILEPATH><FILENAME>test001.cpp</FILENAME><LINE>9</LINE><COLUMN>17</COLUMN></SFA><SFA><FILEPATH>c:\somepath\</FILEPATH><FILENAME>test001.cpp</FILENAME><LINE>11</LINE><COLUMN>10</COLUMN></SFA><SFA><FILEPATH>c:\somepath\</FILEPATH><FILENAME>test001.cpp</FILENAME><LINE>11</LINE><COLUMN>20</COLUMN></SFA><SFA><FILEPATH>c:\somepath\</FILEPATH><FILENAME>test001.cpp</FILENAME><LINE>13</LINE><COLUMN>12</COLUMN></SFA><SFA><FILEPATH>c:\somepath\</FILEPATH><FILENAME>test001.cpp</FILENAME><LINE>13</LINE><COLUMN>29</COLUMN></SFA></PATH></DEFECT><DEFECT><SFA><FILEPATH>c:\somepath\</FILEPATH><FILENAME>test001.cpp</FILENAME><LINE>41</LINE><COLUMN>13</COLUMN></SFA><DEFECTCODE>26000</DEFECTCODE><DESCRIPTION>Overflow using expression 'b[7]'
PREFAST_NEWLINE
Buffer result.mallocInt created during call to mallocInt on line 33
PREFAST_NEWLINE
Buffer is of length 40 bytes [from annotation SAL_writableTo(elementCount({parameter 1})) at c:\somepath\test001.cpp(26) on function mallocInt called at line 33]
PREFAST_NEWLINE
Accessing 4 bytes starting at byte offset 40
PREFAST_NEWLINE

PREFAST_NEWLINE
Values of variables:
PREFAST_NEWLINE
Pointer b is at offset 12 bytes from the start of the buffer
PREFAST_NEWLINE
</DESCRIPTION><FUNCTION>main</FUNCTION><DECORATED>main</DECORATED><FUNCLINE>31</FUNCLINE><PATH><SFA><FILEPATH>c:\somepath\</FILEPATH><FILENAME>test001.cpp</FILENAME><LINE>31</LINE><COLUMN>4</COLUMN></SFA><SFA><FILEPATH>c:\somepath\</FILEPATH><FILENAME>test001.cpp</FILENAME><LINE>33</LINE><COLUMN>9</COLUMN></SFA><SFA><FILEPATH>c:\somepath\</FILEPATH><FILENAME>test001.cpp</FILENAME><LINE>33</LINE><COLUMN>22</COLUMN></SFA><SFA><FILEPATH>c:\somepath\</FILEPATH><FILENAME>test001.cpp</FILENAME><LINE>33</LINE><COLUMN>22</COLUMN></SFA><SFA><FILEPATH>c:\somepath\</FILEPATH><FILENAME>test001.cpp</FILENAME><LINE>34</LINE><COLUMN>8</COLUMN></SFA><SFA><FILEPATH>c:\somepath\</FILEPATH><FILENAME>test001.cpp</FILENAME><LINE>36</LINE><COLUMN>13</COLUMN></SFA><SFA><FILEPATH>c:\somepath\</FILEPATH><FILENAME>test001.cpp</FILENAME><LINE>36</LINE><COLUMN>18</COLUMN></SFA><SFA><FILEPATH>c:\somepath\</FILEPATH><FILENAME>test001.cpp</FILENAME><LINE>37</LINE><COLUMN>14</COLUMN></SFA><SFA><FILEPATH>c:\somepath\</FILEPATH><FILENAME>test001.cpp</FILENAME><LINE>37</LINE><COLUMN>18</COLUMN></SFA><SFA><FILEPATH>c:\somepath\</FILEPATH><FILENAME>test001.cpp</FILENAME><LINE>38</LINE><COLUMN>16</COLUMN></SFA><SFA><FILEPATH>c:\somepath\</FILEPATH><FILENAME>test001.cpp</FILENAME><LINE>40</LINE><COLUMN>13</COLUMN></SFA><SFA><FILEPATH>c:\somepath\</FILEPATH><FILENAME>test001.cpp</FILENAME><LINE>41</LINE><COLUMN>13</COLUMN></SFA></PATH></DEFECT><DEFECT><SFA><FILEPATH>c:\somepath\</FILEPATH><FILENAME>test001.cpp</FILENAME><LINE>54</LINE><COLUMN>25</COLUMN></SFA><DEFECTCODE>26000</DEFECTCODE><DESCRIPTION>Overflow using expression '(dInChars + 5)[35]'
PREFAST_NEWLINE
Buffer result.malloc created during call to malloc on line 50
PREFAST_NEWLINE
Buffer is of length 40 bytes [from annotation _Post_writable_byte_size_(byteCount({parameter 1})) on function malloc called at line 50]
PREFAST_NEWLINE
Accessing the byte at byte offset 40
PREFAST_NEWLINE

PREFAST_NEWLINE
Values of variables:
PREFAST_NEWLINE
Pointer d is at offset 0 bytes from the start of the buffer
PREFAST_NEWLINE
dInChars = d
PREFAST_NEWLINE

PREFAST_NEWLINE
There are other instances of this error:
PREFAST_NEWLINE
Overflow using expression '(d + 7)[44]' at line 55
PREFAST_NEWLINE
</DESCRIPTION><FUNCTION>main</FUNCTION><DECORATED>main</DECORATED><FUNCLINE>31</FUNCLINE><PATH><SFA><FILEPATH>c:\somepath\</FILEPATH><FILENAME>test001.cpp</FILENAME><LINE>31</LINE><COLUMN>4</COLUMN></SFA><SFA><FILEPATH>c:\somepath\</FILEPATH><FILENAME>test001.cpp</FILENAME><LINE>33</LINE><COLUMN>9</COLUMN></SFA><SFA><FILEPATH>c:\somepath\</FILEPATH><FILENAME>test001.cpp</FILENAME><LINE>33</LINE><COLUMN>22</COLUMN></SFA><SFA><FILEPATH>c:\somepath\</FILEPATH><FILENAME>test001.cpp</FILENAME><LINE>33</LINE><COLUMN>22</COLUMN></SFA><SFA><FILEPATH>c:\somepath\</FILEPATH><FILENAME>test001.cpp</FILENAME><LINE>34</LINE><COLUMN>8</COLUMN></SFA><SFA><FILEPATH>c:\somepath\</FILEPATH><FILENAME>test001.cpp</FILENAME><LINE>49</LINE><COLUMN>8</COLUMN></SFA><SFA><FILEPATH>c:\somepath\</FILEPATH><FILENAME>test001.cpp</FILENAME><LINE>49</LINE><COLUMN>17</COLUMN></SFA><SFA><FILEPATH>c:\somepath\</FILEPATH><FILENAME>test001.cpp</FILENAME><LINE>50</LINE><COLUMN>9</COLUMN></SFA><SFA><FILEPATH>c:\somepath\</FILEPATH><FILENAME>test001.cpp</FILENAME><LINE>50</LINE><COLUMN>27</COLUMN></SFA><SFA><FILEPATH>c:\somepath\</FILEPATH><FILENAME>test001.cpp</FILENAME><LINE>50</LINE><COLUMN>13</COLUMN></SFA><SFA><FILEPATH>c:\somepath\</FILEPATH><FILENAME>test001.cpp</FILENAME><LINE>51</LINE><COLUMN>8</COLUMN></SFA><SFA><FILEPATH>c:\somepath\</FILEPATH><FILENAME>test001.cpp</FILENAME><LINE>53</LINE><COLUMN>14</COLUMN></SFA><SFA><FILEPATH>c:\somepath\</FILEPATH><FILENAME>test001.cpp</FILENAME><LINE>53</LINE><COLUMN>25</COLUMN></SFA><SFA><FILEPATH>c:\somepath\</FILEPATH><FILENAME>test001.cpp</FILENAME><LINE>54</LINE><COLUMN>25</COLUMN></SFA></PATH></DEFECT></DEFECTS>