<?xml version='1.0' encoding='UTF-8'?>
<DEFECTS><DEFECT><SFA><FILEPATH>c:\somepath\</FILEPATH><FILENAME>test008.cpp</FILENAME><LINE>42</LINE><COLUMN>32</COLUMN></SFA><DEFECTCODE>26014</DEFECTCODE><DESCRIPTION>Potential overflow using expression '(myBuffer.content)[j + 2]'
PREFAST_NEWLINE
This is likely to be due to incorrect or insufficient validation of the buffer access
PREFAST_NEWLINE
Buffer result.mallocChar created during call to mallocChar on line 28
PREFAST_NEWLINE
Buffer is of length sizeA`15 + sizeB`15 bytes [from annotation SAL_writableTo(elementCount({parameter 1})) at c:\somepath\test008.cpp(4) on function mallocChar called at line 28]
PREFAST_NEWLINE
Accessing the byte at byte offset 2
PREFAST_NEWLINE

PREFAST_NEWLINE
Values of variables:
PREFAST_NEWLINE
Pointer myBuffer.buffer::content is at offset 0 bytes from the start of the buffer
PREFAST_NEWLINE
j = 0
PREFAST_NEWLINE

PREFAST_NEWLINE
where
PREFAST_NEWLINE
offset(result.mallocChar)`28a == 0
PREFAST_NEWLINE
sizeA`15 == 1
PREFAST_NEWLINE
{loop iterations}'35 == 0
PREFAST_NEWLINE
{loop iterations}'40 == 0
PREFAST_NEWLINE
sizeB`15 &gt;= 1
PREFAST_NEWLINE

PREFAST_NEWLINE
Overrun access occurs when
PREFAST_NEWLINE
sizeB`15 == 1
PREFAST_NEWLINE
</DESCRIPTION><FUNCTION>myConcat</FUNCTION><DECORATED>?myConcat@@YA?AUbuffer@@PADH0H@Z</DECORATED><FUNCLINE>15</FUNCLINE><PATH><SFA><FILEPATH>c:\somepath\</FILEPATH><FILENAME>test008.cpp</FILENAME><LINE>15</LINE><COLUMN>7</COLUMN></SFA><SFA><FILEPATH>c:\somepath\</FILEPATH><FILENAME>test008.cpp</FILENAME><LINE>18</LINE><COLUMN>11</COLUMN></SFA><SFA><FILEPATH>c:\somepath\</FILEPATH><FILENAME>test008.cpp</FILENAME><LINE>20</LINE><COLUMN>8</COLUMN></SFA><SFA><FILEPATH>c:\somepath\</FILEPATH><FILENAME>test008.cpp</FILENAME><LINE>20</LINE><COLUMN>30</COLUMN></SFA><SFA><FILEPATH>c:\somepath\</FILEPATH><FILENAME>test008.cpp</FILENAME><LINE>27</LINE><COLUMN>18</COLUMN></SFA><SFA><FILEPATH>c:\somepath\</FILEPATH><FILENAME>test008.cpp</FILENAME><LINE>28</LINE><COLUMN>33</COLUMN></SFA><SFA><FILEPATH>c:\somepath\</FILEPATH><FILENAME>test008.cpp</FILENAME><LINE>28</LINE><COLUMN>21</COLUMN></SFA><SFA><FILEPATH>c:\somepath\</FILEPATH><FILENAME>test008.cpp</FILENAME><LINE>29</LINE><COLUMN>16</COLUMN></SFA><SFA><FILEPATH>c:\somepath\</FILEPATH><FILENAME>test008.cpp</FILENAME><LINE>35</LINE><COLUMN>13</COLUMN></SFA><SFA><FILEPATH>c:\somepath\</FILEPATH><FILENAME>test008.cpp</FILENAME><LINE>35</LINE><COLUMN>17</COLUMN></SFA><SFA><FILEPATH>c:\somepath\</FILEPATH><FILENAME>test008.cpp</FILENAME><LINE>35</LINE><COLUMN>22</COLUMN></SFA><SFA><FILEPATH>c:\somepath\</FILEPATH><FILENAME>test008.cpp</FILENAME><LINE>37</LINE><COLUMN>28</COLUMN></SFA><SFA><FILEPATH>c:\somepath\</FILEPATH><FILENAME>test008.cpp</FILENAME><LINE>35</LINE><COLUMN>33</COLUMN></SFA><SFA><FILEPATH>c:\somepath\</FILEPATH><FILENAME>test008.cpp</FILENAME><LINE>35</LINE><COLUMN>22</COLUMN></SFA><SFA><FILEPATH>c:\somepath\</FILEPATH><FILENAME>test008.cpp</FILENAME><LINE>40</LINE><COLUMN>13</COLUMN></SFA><SFA><FILEPATH>c:\somepath\</FILEPATH><FILENAME>test008.cpp</FILENAME><LINE>40</LINE><COLUMN>17</COLUMN></SFA><SFA><FILEPATH>c:\somepath\</FILEPATH><FILENAME>test008.cpp</FILENAME><LINE>40</LINE><COLUMN>22</COLUMN></SFA><SFA><FILEPATH>c:\somepath\</FILEPATH><FILENAME>test008.cpp</FILENAME><LINE>42</LINE><COLUMN>32</COLUMN></SFA></PATH></DEFECT></DEFECTS>