<?xml version='1.0' encoding='UTF-8'?>
<DEFECTS><DEFECT><SFA><FILEPATH>c:\somepath\</FILEPATH><FILENAME>test140.cpp</FILENAME><LINE>64</LINE><COLUMN>9</COLUMN></SFA><DEFECTCODE>26011</DEFECTCODE><DESCRIPTION>Potential Underflow using expression 'p[n]'
PREFAST_NEWLINE
Buffer result.ReallocInts created during call to ReallocInts on line 53
PREFAST_NEWLINE
Buffer is of length 4*result.NewSize`52a bytes [from annotation SAL_writableTo(elementCount({parameter 2})) at c:\somepath\test140.cpp(39) on function ReallocInts called at line 53]
PREFAST_NEWLINE
Accessing 4 bytes starting at byte offset 4*n`48
PREFAST_NEWLINE

PREFAST_NEWLINE
Values of variables:
PREFAST_NEWLINE
Pointer p is at offset 0 bytes from the start of the buffer
PREFAST_NEWLINE
n = n`48
PREFAST_NEWLINE

PREFAST_NEWLINE
where
PREFAST_NEWLINE
offset(result.ReallocInts)`46a == 0
PREFAST_NEWLINE
n`48 &lt;= 0
PREFAST_NEWLINE

PREFAST_NEWLINE
Underflow access occurs when
PREFAST_NEWLINE
4*n`48 + 1 &lt;= 0
PREFAST_NEWLINE
</DESCRIPTION><FUNCTION>Test</FUNCTION><DECORATED>?Test@@YAXH@Z</DECORATED><FUNCLINE>43</FUNCLINE><PATH><SFA><FILEPATH>c:\somepath\</FILEPATH><FILENAME>test140.cpp</FILENAME><LINE>43</LINE><COLUMN>9</COLUMN></SFA><SFA><FILEPATH>c:\somepath\</FILEPATH><FILENAME>test140.cpp</FILENAME><LINE>45</LINE><COLUMN>8</COLUMN></SFA><SFA><FILEPATH>c:\somepath\</FILEPATH><FILENAME>test140.cpp</FILENAME><LINE>45</LINE><COLUMN>12</COLUMN></SFA><SFA><FILEPATH>c:\somepath\</FILEPATH><FILENAME>test140.cpp</FILENAME><LINE>46</LINE><COLUMN>8</COLUMN></SFA><SFA><FILEPATH>c:\somepath\</FILEPATH><FILENAME>test140.cpp</FILENAME><LINE>46</LINE><COLUMN>24</COLUMN></SFA><SFA><FILEPATH>c:\somepath\</FILEPATH><FILENAME>test140.cpp</FILENAME><LINE>46</LINE><COLUMN>24</COLUMN></SFA><SFA><FILEPATH>c:\somepath\</FILEPATH><FILENAME>test140.cpp</FILENAME><LINE>48</LINE><COLUMN>15</COLUMN></SFA><SFA><FILEPATH>c:\somepath\</FILEPATH><FILENAME>test140.cpp</FILENAME><LINE>48</LINE><COLUMN>15</COLUMN></SFA><SFA><FILEPATH>c:\somepath\</FILEPATH><FILENAME>test140.cpp</FILENAME><LINE>50</LINE><COLUMN>16</COLUMN></SFA><SFA><FILEPATH>c:\somepath\</FILEPATH><FILENAME>test140.cpp</FILENAME><LINE>50</LINE><COLUMN>16</COLUMN></SFA><SFA><FILEPATH>c:\somepath\</FILEPATH><FILENAME>test140.cpp</FILENAME><LINE>55</LINE><COLUMN>16</COLUMN></SFA><SFA><FILEPATH>c:\somepath\</FILEPATH><FILENAME>test140.cpp</FILENAME><LINE>55</LINE><COLUMN>16</COLUMN></SFA><SFA><FILEPATH>c:\somepath\</FILEPATH><FILENAME>test140.cpp</FILENAME><LINE>48</LINE><COLUMN>15</COLUMN></SFA><SFA><FILEPATH>c:\somepath\</FILEPATH><FILENAME>test140.cpp</FILENAME><LINE>48</LINE><COLUMN>15</COLUMN></SFA><SFA><FILEPATH>c:\somepath\</FILEPATH><FILENAME>test140.cpp</FILENAME><LINE>50</LINE><COLUMN>16</COLUMN></SFA><SFA><FILEPATH>c:\somepath\</FILEPATH><FILENAME>test140.cpp</FILENAME><LINE>50</LINE><COLUMN>16</COLUMN></SFA><SFA><FILEPATH>c:\somepath\</FILEPATH><FILENAME>test140.cpp</FILENAME><LINE>52</LINE><COLUMN>23</COLUMN></SFA><SFA><FILEPATH>c:\somepath\</FILEPATH><FILENAME>test140.cpp</FILENAME><LINE>52</LINE><COLUMN>14</COLUMN></SFA><SFA><FILEPATH>c:\somepath\</FILEPATH><FILENAME>test140.cpp</FILENAME><LINE>53</LINE><COLUMN>27</COLUMN></SFA><SFA><FILEPATH>c:\somepath\</FILEPATH><FILENAME>test140.cpp</FILENAME><LINE>53</LINE><COLUMN>14</COLUMN></SFA><SFA><FILEPATH>c:\somepath\</FILEPATH><FILENAME>test140.cpp</FILENAME><LINE>55</LINE><COLUMN>16</COLUMN></SFA><SFA><FILEPATH>c:\somepath\</FILEPATH><FILENAME>test140.cpp</FILENAME><LINE>55</LINE><COLUMN>16</COLUMN></SFA><SFA><FILEPATH>c:\somepath\</FILEPATH><FILENAME>test140.cpp</FILENAME><LINE>48</LINE><COLUMN>15</COLUMN></SFA><SFA><FILEPATH>c:\somepath\</FILEPATH><FILENAME>test140.cpp</FILENAME><LINE>48</LINE><COLUMN>15</COLUMN></SFA><SFA><FILEPATH>c:\somepath\</FILEPATH><FILENAME>test140.cpp</FILENAME><LINE>50</LINE><COLUMN>16</COLUMN></SFA><SFA><FILEPATH>c:\somepath\</FILEPATH><FILENAME>test140.cpp</FILENAME><LINE>50</LINE><COLUMN>16</COLUMN></SFA><SFA><FILEPATH>c:\somepath\</FILEPATH><FILENAME>test140.cpp</FILENAME><LINE>55</LINE><COLUMN>16</COLUMN></SFA><SFA><FILEPATH>c:\somepath\</FILEPATH><FILENAME>test140.cpp</FILENAME><LINE>55</LINE><COLUMN>16</COLUMN></SFA><SFA><FILEPATH>c:\somepath\</FILEPATH><FILENAME>test140.cpp</FILENAME><LINE>48</LINE><COLUMN>15</COLUMN></SFA><SFA><FILEPATH>c:\somepath\</FILEPATH><FILENAME>test140.cpp</FILENAME><LINE>48</LINE><COLUMN>15</COLUMN></SFA><SFA><FILEPATH>c:\somepath\</FILEPATH><FILENAME>test140.cpp</FILENAME><LINE>61</LINE><COLUMN>10</COLUMN></SFA><SFA><FILEPATH>c:\somepath\</FILEPATH><FILENAME>test140.cpp</FILENAME><LINE>64</LINE><COLUMN>9</COLUMN></SFA></PATH></DEFECT><DEFECT><SFA><FILEPATH>c:\somepath\</FILEPATH><FILENAME>test140.cpp</FILENAME><LINE>64</LINE><COLUMN>9</COLUMN></SFA><DEFECTCODE>26011</DEFECTCODE><DESCRIPTION>Potential Underflow using expression 'p[n]'
PREFAST_NEWLINE
Buffer result.ReallocInts created during call to ReallocInts on line 58
PREFAST_NEWLINE
Buffer is of length 4*result.NewSize`57a bytes [from annotation SAL_writableTo(elementCount({parameter 2})) at c:\somepath\test140.cpp(39) on function ReallocInts called at line 58]
PREFAST_NEWLINE
Accessing 4 bytes starting at byte offset 4*n`48
PREFAST_NEWLINE

PREFAST_NEWLINE
Values of variables:
PREFAST_NEWLINE
Pointer p is at offset 0 bytes from the start of the buffer
PREFAST_NEWLINE
n = n`48
PREFAST_NEWLINE

PREFAST_NEWLINE
where
PREFAST_NEWLINE
offset(result.ReallocInts)`46a == 0
PREFAST_NEWLINE
n`48 &lt;= 0
PREFAST_NEWLINE

PREFAST_NEWLINE
Underflow access occurs when
PREFAST_NEWLINE
4*n`48 + 1 &lt;= 0
PREFAST_NEWLINE
</DESCRIPTION><FUNCTION>Test</FUNCTION><DECORATED>?Test@@YAXH@Z</DECORATED><FUNCLINE>43</FUNCLINE><PATH><SFA><FILEPATH>c:\somepath\</FILEPATH><FILENAME>test140.cpp</FILENAME><LINE>43</LINE><COLUMN>9</COLUMN></SFA><SFA><FILEPATH>c:\somepath\</FILEPATH><FILENAME>test140.cpp</FILENAME><LINE>45</LINE><COLUMN>8</COLUMN></SFA><SFA><FILEPATH>c:\somepath\</FILEPATH><FILENAME>test140.cpp</FILENAME><LINE>45</LINE><COLUMN>12</COLUMN></SFA><SFA><FILEPATH>c:\somepath\</FILEPATH><FILENAME>test140.cpp</FILENAME><LINE>46</LINE><COLUMN>8</COLUMN></SFA><SFA><FILEPATH>c:\somepath\</FILEPATH><FILENAME>test140.cpp</FILENAME><LINE>46</LINE><COLUMN>24</COLUMN></SFA><SFA><FILEPATH>c:\somepath\</FILEPATH><FILENAME>test140.cpp</FILENAME><LINE>46</LINE><COLUMN>24</COLUMN></SFA><SFA><FILEPATH>c:\somepath\</FILEPATH><FILENAME>test140.cpp</FILENAME><LINE>48</LINE><COLUMN>15</COLUMN></SFA><SFA><FILEPATH>c:\somepath\</FILEPATH><FILENAME>test140.cpp</FILENAME><LINE>48</LINE><COLUMN>15</COLUMN></SFA><SFA><FILEPATH>c:\somepath\</FILEPATH><FILENAME>test140.cpp</FILENAME><LINE>50</LINE><COLUMN>16</COLUMN></SFA><SFA><FILEPATH>c:\somepath\</FILEPATH><FILENAME>test140.cpp</FILENAME><LINE>50</LINE><COLUMN>16</COLUMN></SFA><SFA><FILEPATH>c:\somepath\</FILEPATH><FILENAME>test140.cpp</FILENAME><LINE>55</LINE><COLUMN>16</COLUMN></SFA><SFA><FILEPATH>c:\somepath\</FILEPATH><FILENAME>test140.cpp</FILENAME><LINE>55</LINE><COLUMN>16</COLUMN></SFA><SFA><FILEPATH>c:\somepath\</FILEPATH><FILENAME>test140.cpp</FILENAME><LINE>48</LINE><COLUMN>15</COLUMN></SFA><SFA><FILEPATH>c:\somepath\</FILEPATH><FILENAME>test140.cpp</FILENAME><LINE>48</LINE><COLUMN>15</COLUMN></SFA><SFA><FILEPATH>c:\somepath\</FILEPATH><FILENAME>test140.cpp</FILENAME><LINE>50</LINE><COLUMN>16</COLUMN></SFA><SFA><FILEPATH>c:\somepath\</FILEPATH><FILENAME>test140.cpp</FILENAME><LINE>50</LINE><COLUMN>16</COLUMN></SFA><SFA><FILEPATH>c:\somepath\</FILEPATH><FILENAME>test140.cpp</FILENAME><LINE>55</LINE><COLUMN>16</COLUMN></SFA><SFA><FILEPATH>c:\somepath\</FILEPATH><FILENAME>test140.cpp</FILENAME><LINE>55</LINE><COLUMN>16</COLUMN></SFA><SFA><FILEPATH>c:\somepath\</FILEPATH><FILENAME>test140.cpp</FILENAME><LINE>57</LINE><COLUMN>23</COLUMN></SFA><SFA><FILEPATH>c:\somepath\</FILEPATH><FILENAME>test140.cpp</FILENAME><LINE>57</LINE><COLUMN>14</COLUMN></SFA><SFA><FILEPATH>c:\somepath\</FILEPATH><FILENAME>test140.cpp</FILENAME><LINE>58</LINE><COLUMN>27</COLUMN></SFA><SFA><FILEPATH>c:\somepath\</FILEPATH><FILENAME>test140.cpp</FILENAME><LINE>58</LINE><COLUMN>14</COLUMN></SFA><SFA><FILEPATH>c:\somepath\</FILEPATH><FILENAME>test140.cpp</FILENAME><LINE>48</LINE><COLUMN>15</COLUMN></SFA><SFA><FILEPATH>c:\somepath\</FILEPATH><FILENAME>test140.cpp</FILENAME><LINE>48</LINE><COLUMN>15</COLUMN></SFA><SFA><FILEPATH>c:\somepath\</FILEPATH><FILENAME>test140.cpp</FILENAME><LINE>50</LINE><COLUMN>16</COLUMN></SFA><SFA><FILEPATH>c:\somepath\</FILEPATH><FILENAME>test140.cpp</FILENAME><LINE>50</LINE><COLUMN>16</COLUMN></SFA><SFA><FILEPATH>c:\somepath\</FILEPATH><FILENAME>test140.cpp</FILENAME><LINE>55</LINE><COLUMN>16</COLUMN></SFA><SFA><FILEPATH>c:\somepath\</FILEPATH><FILENAME>test140.cpp</FILENAME><LINE>55</LINE><COLUMN>16</COLUMN></SFA><SFA><FILEPATH>c:\somepath\</FILEPATH><FILENAME>test140.cpp</FILENAME><LINE>48</LINE><COLUMN>15</COLUMN></SFA><SFA><FILEPATH>c:\somepath\</FILEPATH><FILENAME>test140.cpp</FILENAME><LINE>48</LINE><COLUMN>15</COLUMN></SFA><SFA><FILEPATH>c:\somepath\</FILEPATH><FILENAME>test140.cpp</FILENAME><LINE>61</LINE><COLUMN>10</COLUMN></SFA><SFA><FILEPATH>c:\somepath\</FILEPATH><FILENAME>test140.cpp</FILENAME><LINE>64</LINE><COLUMN>9</COLUMN></SFA></PATH></DEFECT><DEFECT><SFA><FILEPATH>c:\somepath\</FILEPATH><FILENAME>test140.cpp</FILENAME><LINE>64</LINE><COLUMN>9</COLUMN></SFA><DEFECTCODE>26000</DEFECTCODE><DESCRIPTION>Overflow using expression 'p[n]'
PREFAST_NEWLINE
Buffer result.ReallocInts created during call to ReallocInts on line 46
PREFAST_NEWLINE
Buffer is of length 4*initVal`43 bytes [from annotation SAL_writableTo(elementCount({parameter 2})) at c:\somepath\test140.cpp(39) on function ReallocInts called at line 46]
PREFAST_NEWLINE
Accessing 4 bytes starting at byte offset 4*initVal`43
PREFAST_NEWLINE

PREFAST_NEWLINE
Values of variables:
PREFAST_NEWLINE
Pointer p is at offset 0 bytes from the start of the buffer
PREFAST_NEWLINE
n = initVal`43
PREFAST_NEWLINE

PREFAST_NEWLINE
where
PREFAST_NEWLINE
offset(result.ReallocInts)`46a == 0
PREFAST_NEWLINE
initVal`43 &gt;= 1
PREFAST_NEWLINE
</DESCRIPTION><FUNCTION>Test</FUNCTION><DECORATED>?Test@@YAXH@Z</DECORATED><FUNCLINE>43</FUNCLINE><PATH><SFA><FILEPATH>c:\somepath\</FILEPATH><FILENAME>test140.cpp</FILENAME><LINE>43</LINE><COLUMN>9</COLUMN></SFA><SFA><FILEPATH>c:\somepath\</FILEPATH><FILENAME>test140.cpp</FILENAME><LINE>45</LINE><COLUMN>8</COLUMN></SFA><SFA><FILEPATH>c:\somepath\</FILEPATH><FILENAME>test140.cpp</FILENAME><LINE>45</LINE><COLUMN>12</COLUMN></SFA><SFA><FILEPATH>c:\somepath\</FILEPATH><FILENAME>test140.cpp</FILENAME><LINE>46</LINE><COLUMN>8</COLUMN></SFA><SFA><FILEPATH>c:\somepath\</FILEPATH><FILENAME>test140.cpp</FILENAME><LINE>46</LINE><COLUMN>24</COLUMN></SFA><SFA><FILEPATH>c:\somepath\</FILEPATH><FILENAME>test140.cpp</FILENAME><LINE>46</LINE><COLUMN>24</COLUMN></SFA><SFA><FILEPATH>c:\somepath\</FILEPATH><FILENAME>test140.cpp</FILENAME><LINE>48</LINE><COLUMN>15</COLUMN></SFA><SFA><FILEPATH>c:\somepath\</FILEPATH><FILENAME>test140.cpp</FILENAME><LINE>48</LINE><COLUMN>15</COLUMN></SFA><SFA><FILEPATH>c:\somepath\</FILEPATH><FILENAME>test140.cpp</FILENAME><LINE>61</LINE><COLUMN>10</COLUMN></SFA><SFA><FILEPATH>c:\somepath\</FILEPATH><FILENAME>test140.cpp</FILENAME><LINE>62</LINE><COLUMN>17</COLUMN></SFA><SFA><FILEPATH>c:\somepath\</FILEPATH><FILENAME>test140.cpp</FILENAME><LINE>64</LINE><COLUMN>9</COLUMN></SFA></PATH></DEFECT><DEFECT><SFA><FILEPATH>c:\somepath\</FILEPATH><FILENAME>test140.cpp</FILENAME><LINE>64</LINE><COLUMN>9</COLUMN></SFA><DEFECTCODE>26000</DEFECTCODE><DESCRIPTION>Overflow using expression 'p[n]'
PREFAST_NEWLINE
Buffer result.ReallocInts created during call to ReallocInts on line 53
PREFAST_NEWLINE
Buffer is of length 4*result.NewSize`52a bytes [from annotation SAL_writableTo(elementCount({parameter 2})) at c:\somepath\test140.cpp(39) on function ReallocInts called at line 53]
PREFAST_NEWLINE
Accessing 4 bytes starting at byte offset 4*result.NewSize`52a
PREFAST_NEWLINE

PREFAST_NEWLINE
Values of variables:
PREFAST_NEWLINE
Pointer p is at offset 0 bytes from the start of the buffer
PREFAST_NEWLINE
n = result.NewSize`52a
PREFAST_NEWLINE

PREFAST_NEWLINE
where
PREFAST_NEWLINE
offset(result.ReallocInts)`53a == 0
PREFAST_NEWLINE
result.NewSize`52a &gt;= 1
PREFAST_NEWLINE

PREFAST_NEWLINE
There are other instances of this error:
PREFAST_NEWLINE
Potential overflow using expression 'p[n - 1]' at line 62
PREFAST_NEWLINE
</DESCRIPTION><FUNCTION>Test</FUNCTION><DECORATED>?Test@@YAXH@Z</DECORATED><FUNCLINE>43</FUNCLINE><PATH><SFA><FILEPATH>c:\somepath\</FILEPATH><FILENAME>test140.cpp</FILENAME><LINE>43</LINE><COLUMN>9</COLUMN></SFA><SFA><FILEPATH>c:\somepath\</FILEPATH><FILENAME>test140.cpp</FILENAME><LINE>45</LINE><COLUMN>8</COLUMN></SFA><SFA><FILEPATH>c:\somepath\</FILEPATH><FILENAME>test140.cpp</FILENAME><LINE>45</LINE><COLUMN>12</COLUMN></SFA><SFA><FILEPATH>c:\somepath\</FILEPATH><FILENAME>test140.cpp</FILENAME><LINE>46</LINE><COLUMN>8</COLUMN></SFA><SFA><FILEPATH>c:\somepath\</FILEPATH><FILENAME>test140.cpp</FILENAME><LINE>46</LINE><COLUMN>24</COLUMN></SFA><SFA><FILEPATH>c:\somepath\</FILEPATH><FILENAME>test140.cpp</FILENAME><LINE>46</LINE><COLUMN>24</COLUMN></SFA><SFA><FILEPATH>c:\somepath\</FILEPATH><FILENAME>test140.cpp</FILENAME><LINE>48</LINE><COLUMN>15</COLUMN></SFA><SFA><FILEPATH>c:\somepath\</FILEPATH><FILENAME>test140.cpp</FILENAME><LINE>48</LINE><COLUMN>15</COLUMN></SFA><SFA><FILEPATH>c:\somepath\</FILEPATH><FILENAME>test140.cpp</FILENAME><LINE>50</LINE><COLUMN>16</COLUMN></SFA><SFA><FILEPATH>c:\somepath\</FILEPATH><FILENAME>test140.cpp</FILENAME><LINE>50</LINE><COLUMN>16</COLUMN></SFA><SFA><FILEPATH>c:\somepath\</FILEPATH><FILENAME>test140.cpp</FILENAME><LINE>52</LINE><COLUMN>23</COLUMN></SFA><SFA><FILEPATH>c:\somepath\</FILEPATH><FILENAME>test140.cpp</FILENAME><LINE>52</LINE><COLUMN>14</COLUMN></SFA><SFA><FILEPATH>c:\somepath\</FILEPATH><FILENAME>test140.cpp</FILENAME><LINE>53</LINE><COLUMN>27</COLUMN></SFA><SFA><FILEPATH>c:\somepath\</FILEPATH><FILENAME>test140.cpp</FILENAME><LINE>53</LINE><COLUMN>14</COLUMN></SFA><SFA><FILEPATH>c:\somepath\</FILEPATH><FILENAME>test140.cpp</FILENAME><LINE>55</LINE><COLUMN>16</COLUMN></SFA><SFA><FILEPATH>c:\somepath\</FILEPATH><FILENAME>test140.cpp</FILENAME><LINE>55</LINE><COLUMN>16</COLUMN></SFA><SFA><FILEPATH>c:\somepath\</FILEPATH><FILENAME>test140.cpp</FILENAME><LINE>48</LINE><COLUMN>15</COLUMN></SFA><SFA><FILEPATH>c:\somepath\</FILEPATH><FILENAME>test140.cpp</FILENAME><LINE>48</LINE><COLUMN>15</COLUMN></SFA><SFA><FILEPATH>c:\somepath\</FILEPATH><FILENAME>test140.cpp</FILENAME><LINE>61</LINE><COLUMN>10</COLUMN></SFA><SFA><FILEPATH>c:\somepath\</FILEPATH><FILENAME>test140.cpp</FILENAME><LINE>62</LINE><COLUMN>17</COLUMN></SFA><SFA><FILEPATH>c:\somepath\</FILEPATH><FILENAME>test140.cpp</FILENAME><LINE>64</LINE><COLUMN>9</COLUMN></SFA></PATH></DEFECT><DEFECT><SFA><FILEPATH>c:\somepath\</FILEPATH><FILENAME>test140.cpp</FILENAME><LINE>64</LINE><COLUMN>9</COLUMN></SFA><DEFECTCODE>26000</DEFECTCODE><DESCRIPTION>Overflow using expression 'p[n]'
PREFAST_NEWLINE
Buffer result.ReallocInts created during call to ReallocInts on line 58
PREFAST_NEWLINE
Buffer is of length 4*result.NewSize`57a bytes [from annotation SAL_writableTo(elementCount({parameter 2})) at c:\somepath\test140.cpp(39) on function ReallocInts called at line 58]
PREFAST_NEWLINE
Accessing 4 bytes starting at byte offset 4*result.NewSize`57a
PREFAST_NEWLINE

PREFAST_NEWLINE
Values of variables:
PREFAST_NEWLINE
Pointer p is at offset 0 bytes from the start of the buffer
PREFAST_NEWLINE
n = result.NewSize`57a
PREFAST_NEWLINE

PREFAST_NEWLINE
where
PREFAST_NEWLINE
offset(result.ReallocInts)`58a == 0
PREFAST_NEWLINE
result.NewSize`57a &gt;= 1
PREFAST_NEWLINE

PREFAST_NEWLINE
There are other instances of this error:
PREFAST_NEWLINE
Potential overflow using expression 'p[n - 1]' at line 62
PREFAST_NEWLINE
</DESCRIPTION><FUNCTION>Test</FUNCTION><DECORATED>?Test@@YAXH@Z</DECORATED><FUNCLINE>43</FUNCLINE><PATH><SFA><FILEPATH>c:\somepath\</FILEPATH><FILENAME>test140.cpp</FILENAME><LINE>43</LINE><COLUMN>9</COLUMN></SFA><SFA><FILEPATH>c:\somepath\</FILEPATH><FILENAME>test140.cpp</FILENAME><LINE>45</LINE><COLUMN>8</COLUMN></SFA><SFA><FILEPATH>c:\somepath\</FILEPATH><FILENAME>test140.cpp</FILENAME><LINE>45</LINE><COLUMN>12</COLUMN></SFA><SFA><FILEPATH>c:\somepath\</FILEPATH><FILENAME>test140.cpp</FILENAME><LINE>46</LINE><COLUMN>8</COLUMN></SFA><SFA><FILEPATH>c:\somepath\</FILEPATH><FILENAME>test140.cpp</FILENAME><LINE>46</LINE><COLUMN>24</COLUMN></SFA><SFA><FILEPATH>c:\somepath\</FILEPATH><FILENAME>test140.cpp</FILENAME><LINE>46</LINE><COLUMN>24</COLUMN></SFA><SFA><FILEPATH>c:\somepath\</FILEPATH><FILENAME>test140.cpp</FILENAME><LINE>48</LINE><COLUMN>15</COLUMN></SFA><SFA><FILEPATH>c:\somepath\</FILEPATH><FILENAME>test140.cpp</FILENAME><LINE>48</LINE><COLUMN>15</COLUMN></SFA><SFA><FILEPATH>c:\somepath\</FILEPATH><FILENAME>test140.cpp</FILENAME><LINE>50</LINE><COLUMN>16</COLUMN></SFA><SFA><FILEPATH>c:\somepath\</FILEPATH><FILENAME>test140.cpp</FILENAME><LINE>50</LINE><COLUMN>16</COLUMN></SFA><SFA><FILEPATH>c:\somepath\</FILEPATH><FILENAME>test140.cpp</FILENAME><LINE>55</LINE><COLUMN>16</COLUMN></SFA><SFA><FILEPATH>c:\somepath\</FILEPATH><FILENAME>test140.cpp</FILENAME><LINE>55</LINE><COLUMN>16</COLUMN></SFA><SFA><FILEPATH>c:\somepath\</FILEPATH><FILENAME>test140.cpp</FILENAME><LINE>57</LINE><COLUMN>23</COLUMN></SFA><SFA><FILEPATH>c:\somepath\</FILEPATH><FILENAME>test140.cpp</FILENAME><LINE>57</LINE><COLUMN>14</COLUMN></SFA><SFA><FILEPATH>c:\somepath\</FILEPATH><FILENAME>test140.cpp</FILENAME><LINE>58</LINE><COLUMN>27</COLUMN></SFA><SFA><FILEPATH>c:\somepath\</FILEPATH><FILENAME>test140.cpp</FILENAME><LINE>58</LINE><COLUMN>14</COLUMN></SFA><SFA><FILEPATH>c:\somepath\</FILEPATH><FILENAME>test140.cpp</FILENAME><LINE>48</LINE><COLUMN>15</COLUMN></SFA><SFA><FILEPATH>c:\somepath\</FILEPATH><FILENAME>test140.cpp</FILENAME><LINE>48</LINE><COLUMN>15</COLUMN></SFA><SFA><FILEPATH>c:\somepath\</FILEPATH><FILENAME>test140.cpp</FILENAME><LINE>61</LINE><COLUMN>10</COLUMN></SFA><SFA><FILEPATH>c:\somepath\</FILEPATH><FILENAME>test140.cpp</FILENAME><LINE>62</LINE><COLUMN>17</COLUMN></SFA><SFA><FILEPATH>c:\somepath\</FILEPATH><FILENAME>test140.cpp</FILENAME><LINE>64</LINE><COLUMN>9</COLUMN></SFA></PATH></DEFECT></DEFECTS>
