<?xml version='1.0' encoding='UTF-8'?>
<DEFECTS><DEFECT><SFA><FILEPATH>c:\somepath\</FILEPATH><FILENAME>test132.cpp</FILENAME><LINE>18</LINE><COLUMN>13</COLUMN></SFA><DEFECTCODE>26000</DEFECTCODE><DESCRIPTION>Overflow using expression 'buf[n + 2]'
PREFAST_NEWLINE
Buffer accessed is buf
PREFAST_NEWLINE
Buffer is of length 4 bytes [size of variable]
PREFAST_NEWLINE
Accessing the byte at byte offset 5
PREFAST_NEWLINE

PREFAST_NEWLINE
Values of variables:
PREFAST_NEWLINE
n = 3
PREFAST_NEWLINE

PREFAST_NEWLINE
where
PREFAST_NEWLINE
nullpos("abc")`17 == 3
PREFAST_NEWLINE
result.MyStrLen`17a == 3
PREFAST_NEWLINE
</DESCRIPTION><FUNCTION>TestStrLenPrimOp1</FUNCTION><DECORATED>?TestStrLenPrimOp1@@YAXXZ</DECORATED><FUNCLINE>14</FUNCLINE><PATH><SFA><FILEPATH>c:\somepath\</FILEPATH><FILENAME>test132.cpp</FILENAME><LINE>14</LINE><COLUMN>5</COLUMN></SFA><SFA><FILEPATH>c:\somepath\</FILEPATH><FILENAME>test132.cpp</FILENAME><LINE>16</LINE><COLUMN>9</COLUMN></SFA><SFA><FILEPATH>c:\somepath\</FILEPATH><FILENAME>test132.cpp</FILENAME><LINE>17</LINE><COLUMN>17</COLUMN></SFA><SFA><FILEPATH>c:\somepath\</FILEPATH><FILENAME>test132.cpp</FILENAME><LINE>17</LINE><COLUMN>29</COLUMN></SFA><SFA><FILEPATH>c:\somepath\</FILEPATH><FILENAME>test132.cpp</FILENAME><LINE>17</LINE><COLUMN>29</COLUMN></SFA><SFA><FILEPATH>c:\somepath\</FILEPATH><FILENAME>test132.cpp</FILENAME><LINE>18</LINE><COLUMN>13</COLUMN></SFA></PATH></DEFECT><DEFECT><SFA><FILEPATH>c:\somepath\</FILEPATH><FILENAME>test132.cpp</FILENAME><LINE>49</LINE><COLUMN>13</COLUMN></SFA><DEFECTCODE>26000</DEFECTCODE><DESCRIPTION>Overflow using expression 'buf[n + 2]'
PREFAST_NEWLINE
Buffer accessed is buf
PREFAST_NEWLINE
Buffer is of length 4 elements (2 bytes/element) [size of variable]
PREFAST_NEWLINE
Accessing the element (2 bytes/element) at element offset 5
PREFAST_NEWLINE

PREFAST_NEWLINE
Values of variables:
PREFAST_NEWLINE
n = 3
PREFAST_NEWLINE

PREFAST_NEWLINE
where
PREFAST_NEWLINE
nullpos(L"abc")`48 == 3
PREFAST_NEWLINE
result.MyWcsLen`48a == 3
PREFAST_NEWLINE
</DESCRIPTION><FUNCTION>TestWcsLenPrimOp1</FUNCTION><DECORATED>?TestWcsLenPrimOp1@@YAXXZ</DECORATED><FUNCLINE>45</FUNCLINE><PATH><SFA><FILEPATH>c:\somepath\</FILEPATH><FILENAME>test132.cpp</FILENAME><LINE>45</LINE><COLUMN>5</COLUMN></SFA><SFA><FILEPATH>c:\somepath\</FILEPATH><FILENAME>test132.cpp</FILENAME><LINE>47</LINE><COLUMN>10</COLUMN></SFA><SFA><FILEPATH>c:\somepath\</FILEPATH><FILENAME>test132.cpp</FILENAME><LINE>48</LINE><COLUMN>17</COLUMN></SFA><SFA><FILEPATH>c:\somepath\</FILEPATH><FILENAME>test132.cpp</FILENAME><LINE>48</LINE><COLUMN>29</COLUMN></SFA><SFA><FILEPATH>c:\somepath\</FILEPATH><FILENAME>test132.cpp</FILENAME><LINE>48</LINE><COLUMN>29</COLUMN></SFA><SFA><FILEPATH>c:\somepath\</FILEPATH><FILENAME>test132.cpp</FILENAME><LINE>49</LINE><COLUMN>13</COLUMN></SFA></PATH></DEFECT><DEFECT><SFA><FILEPATH>c:\somepath\</FILEPATH><FILENAME>test132.cpp</FILENAME><LINE>112</LINE><COLUMN>18</COLUMN></SFA><DEFECTCODE>26000</DEFECTCODE><DESCRIPTION>Overflow using expression 'wBuf[200]'
PREFAST_NEWLINE
Buffer accessed is wBuf
PREFAST_NEWLINE
Buffer is of length 100 elements (2 bytes/element) [size of variable]
PREFAST_NEWLINE
Accessing the element (2 bytes/element) at element offset 200
PREFAST_NEWLINE
</DESCRIPTION><FUNCTION>TestCountedString</FUNCTION><DECORATED>?TestCountedString@@YAXPAG@Z</DECORATED><FUNCLINE>103</FUNCLINE><PATH><SFA><FILEPATH>c:\somepath\</FILEPATH><FILENAME>test132.cpp</FILENAME><LINE>103</LINE><COLUMN>5</COLUMN></SFA><SFA><FILEPATH>c:\somepath\</FILEPATH><FILENAME>test132.cpp</FILENAME><LINE>105</LINE><COLUMN>18</COLUMN></SFA><SFA><FILEPATH>c:\somepath\</FILEPATH><FILENAME>test132.cpp</FILENAME><LINE>106</LINE><COLUMN>10</COLUMN></SFA><SFA><FILEPATH>c:\somepath\</FILEPATH><FILENAME>test132.cpp</FILENAME><LINE>107</LINE><COLUMN>17</COLUMN></SFA><SFA><FILEPATH>c:\somepath\</FILEPATH><FILENAME>test132.cpp</FILENAME><LINE>107</LINE><COLUMN>26</COLUMN></SFA><SFA><FILEPATH>c:\somepath\</FILEPATH><FILENAME>test132.cpp</FILENAME><LINE>109</LINE><COLUMN>10</COLUMN></SFA><SFA><FILEPATH>c:\somepath\</FILEPATH><FILENAME>test132.cpp</FILENAME><LINE>110</LINE><COLUMN>27</COLUMN></SFA><SFA><FILEPATH>c:\somepath\</FILEPATH><FILENAME>test132.cpp</FILENAME><LINE>111</LINE><COLUMN>16</COLUMN></SFA><SFA><FILEPATH>c:\somepath\</FILEPATH><FILENAME>test132.cpp</FILENAME><LINE>111</LINE><COLUMN>34</COLUMN></SFA><SFA><FILEPATH>c:\somepath\</FILEPATH><FILENAME>test132.cpp</FILENAME><LINE>111</LINE><COLUMN>23</COLUMN></SFA><SFA><FILEPATH>c:\somepath\</FILEPATH><FILENAME>test132.cpp</FILENAME><LINE>112</LINE><COLUMN>18</COLUMN></SFA></PATH></DEFECT></DEFECTS>