<?xml version='1.0' encoding='UTF-8'?>
<DEFECTS><DEFECT><SFA><FILEPATH>c:\somepath\</FILEPATH><FILENAME>test047.cpp</FILENAME><LINE>181</LINE><COLUMN>21</COLUMN></SFA><DEFECTCODE>26015</DEFECTCODE><DESCRIPTION>Potential overflow using expression 'a[cnt ++]'
PREFAST_NEWLINE
Buffer access is apparently unbounded by the buffer size.  
PREFAST_NEWLINE

PREFAST_NEWLINE
In particular: cnt`178 is not constrained by any constant
PREFAST_NEWLINE

PREFAST_NEWLINE
Buffer accessed is a
PREFAST_NEWLINE
Buffer is of length 100 elements (4 bytes/element) [size of variable]
PREFAST_NEWLINE
Accessing the element (4 bytes/element) at element offset cnt`178 + 1
PREFAST_NEWLINE

PREFAST_NEWLINE
Values of variables:
PREFAST_NEWLINE
cnt = cnt`178 + 2
PREFAST_NEWLINE

PREFAST_NEWLINE
where
PREFAST_NEWLINE
cnt`178 &lt;= {loop iterations}'178 + 1
PREFAST_NEWLINE
cnt`178 &gt;= 0
PREFAST_NEWLINE

PREFAST_NEWLINE
Overrun access occurs when
PREFAST_NEWLINE
cnt`178 &gt;= 99
PREFAST_NEWLINE

PREFAST_NEWLINE
There are other instances of this error:
PREFAST_NEWLINE
Potential overflow using expression '&amp; a' at line 183
PREFAST_NEWLINE
</DESCRIPTION><FUNCTION>SortList</FUNCTION><DECORATED>?SortList@@YAXXZ</DECORATED><FUNCLINE>174</FUNCLINE><PATH><SFA><FILEPATH>c:\somepath\</FILEPATH><FILENAME>test047.cpp</FILENAME><LINE>174</LINE><COLUMN>5</COLUMN></SFA><SFA><FILEPATH>c:\somepath\</FILEPATH><FILENAME>test047.cpp</FILENAME><LINE>176</LINE><COLUMN>8</COLUMN></SFA><SFA><FILEPATH>c:\somepath\</FILEPATH><FILENAME>test047.cpp</FILENAME><LINE>177</LINE><COLUMN>11</COLUMN></SFA><SFA><FILEPATH>c:\somepath\</FILEPATH><FILENAME>test047.cpp</FILENAME><LINE>177</LINE><COLUMN>17</COLUMN></SFA><SFA><FILEPATH>c:\somepath\</FILEPATH><FILENAME>test047.cpp</FILENAME><LINE>178</LINE><COLUMN>15</COLUMN></SFA><SFA><FILEPATH>c:\somepath\</FILEPATH><FILENAME>test047.cpp</FILENAME><LINE>178</LINE><COLUMN>19</COLUMN></SFA><SFA><FILEPATH>c:\somepath\</FILEPATH><FILENAME>test047.cpp</FILENAME><LINE>178</LINE><COLUMN>25</COLUMN></SFA><SFA><FILEPATH>c:\somepath\</FILEPATH><FILENAME>test047.cpp</FILENAME><LINE>180</LINE><COLUMN>13</COLUMN></SFA><SFA><FILEPATH>c:\somepath\</FILEPATH><FILENAME>test047.cpp</FILENAME><LINE>178</LINE><COLUMN>30</COLUMN></SFA><SFA><FILEPATH>c:\somepath\</FILEPATH><FILENAME>test047.cpp</FILENAME><LINE>178</LINE><COLUMN>25</COLUMN></SFA><SFA><FILEPATH>c:\somepath\</FILEPATH><FILENAME>test047.cpp</FILENAME><LINE>180</LINE><COLUMN>13</COLUMN></SFA><SFA><FILEPATH>c:\somepath\</FILEPATH><FILENAME>test047.cpp</FILENAME><LINE>181</LINE><COLUMN>21</COLUMN></SFA><SFA><FILEPATH>c:\somepath\</FILEPATH><FILENAME>test047.cpp</FILENAME><LINE>178</LINE><COLUMN>30</COLUMN></SFA><SFA><FILEPATH>c:\somepath\</FILEPATH><FILENAME>test047.cpp</FILENAME><LINE>178</LINE><COLUMN>25</COLUMN></SFA><SFA><FILEPATH>c:\somepath\</FILEPATH><FILENAME>test047.cpp</FILENAME><LINE>180</LINE><COLUMN>13</COLUMN></SFA><SFA><FILEPATH>c:\somepath\</FILEPATH><FILENAME>test047.cpp</FILENAME><LINE>181</LINE><COLUMN>21</COLUMN></SFA><SFA><FILEPATH>c:\somepath\</FILEPATH><FILENAME>test047.cpp</FILENAME><LINE>178</LINE><COLUMN>30</COLUMN></SFA><SFA><FILEPATH>c:\somepath\</FILEPATH><FILENAME>test047.cpp</FILENAME><LINE>178</LINE><COLUMN>25</COLUMN></SFA><SFA><FILEPATH>c:\somepath\</FILEPATH><FILENAME>test047.cpp</FILENAME><LINE>180</LINE><COLUMN>13</COLUMN></SFA><SFA><FILEPATH>c:\somepath\</FILEPATH><FILENAME>test047.cpp</FILENAME><LINE>181</LINE><COLUMN>21</COLUMN></SFA></PATH></DEFECT><DEFECT><SFA><FILEPATH>c:\somepath\</FILEPATH><FILENAME>test047.cpp</FILENAME><LINE>202</LINE><COLUMN>13</COLUMN></SFA><DEFECTCODE>26000</DEFECTCODE><DESCRIPTION>Overflow using expression 'a[i]'
PREFAST_NEWLINE
Buffer accessed is a
PREFAST_NEWLINE
Buffer is of length 10 elements (4 bytes/element) [size of variable]
PREFAST_NEWLINE
Accessing the element (4 bytes/element) at element offset 10
PREFAST_NEWLINE

PREFAST_NEWLINE
Values of variables:
PREFAST_NEWLINE
i = 10
PREFAST_NEWLINE
</DESCRIPTION><FUNCTION>SortListUnroll</FUNCTION><DECORATED>?SortListUnroll@@YAXXZ</DECORATED><FUNCLINE>186</FUNCLINE><PATH><SFA><FILEPATH>c:\somepath\</FILEPATH><FILENAME>test047.cpp</FILENAME><LINE>186</LINE><COLUMN>5</COLUMN></SFA><SFA><FILEPATH>c:\somepath\</FILEPATH><FILENAME>test047.cpp</FILENAME><LINE>188</LINE><COLUMN>8</COLUMN></SFA><SFA><FILEPATH>c:\somepath\</FILEPATH><FILENAME>test047.cpp</FILENAME><LINE>189</LINE><COLUMN>8</COLUMN></SFA><SFA><FILEPATH>c:\somepath\</FILEPATH><FILENAME>test047.cpp</FILENAME><LINE>189</LINE><COLUMN>12</COLUMN></SFA><SFA><FILEPATH>c:\somepath\</FILEPATH><FILENAME>test047.cpp</FILENAME><LINE>190</LINE><COLUMN>10</COLUMN></SFA><SFA><FILEPATH>c:\somepath\</FILEPATH><FILENAME>test047.cpp</FILENAME><LINE>190</LINE><COLUMN>14</COLUMN></SFA><SFA><FILEPATH>c:\somepath\</FILEPATH><FILENAME>test047.cpp</FILENAME><LINE>191</LINE><COLUMN>8</COLUMN></SFA><SFA><FILEPATH>c:\somepath\</FILEPATH><FILENAME>test047.cpp</FILENAME><LINE>193</LINE><COLUMN>10</COLUMN></SFA><SFA><FILEPATH>c:\somepath\</FILEPATH><FILENAME>test047.cpp</FILENAME><LINE>195</LINE><COLUMN>8</COLUMN></SFA><SFA><FILEPATH>c:\somepath\</FILEPATH><FILENAME>test047.cpp</FILENAME><LINE>197</LINE><COLUMN>10</COLUMN></SFA><SFA><FILEPATH>c:\somepath\</FILEPATH><FILENAME>test047.cpp</FILENAME><LINE>198</LINE><COLUMN>10</COLUMN></SFA><SFA><FILEPATH>c:\somepath\</FILEPATH><FILENAME>test047.cpp</FILENAME><LINE>201</LINE><COLUMN>9</COLUMN></SFA><SFA><FILEPATH>c:\somepath\</FILEPATH><FILENAME>test047.cpp</FILENAME><LINE>202</LINE><COLUMN>13</COLUMN></SFA></PATH></DEFECT></DEFECTS>