<?xml version='1.0' encoding='UTF-8'?>
<DEFECTS><DEFECT><SFA><FILEPATH>c:\somepath\</FILEPATH><FILENAME>test087.cpp</FILENAME><LINE>13</LINE><COLUMN>19</COLUMN></SFA><DEFECTCODE>26015</DEFECTCODE><DESCRIPTION>Potential overflow using expression 'buf[i]'
PREFAST_NEWLINE
Buffer access is apparently unbounded by the buffer size.  
PREFAST_NEWLINE

PREFAST_NEWLINE
In particular: {loop iterations}'12 is not constrained by size`3
PREFAST_NEWLINE

PREFAST_NEWLINE
Buffer buf is a parameter to this function declared on line 3
PREFAST_NEWLINE
Buffer is of length offset(buf)`3 + size`3 + 256 bytes [from annotation SAL_writableTo(elementCount((flag &gt; 0 ? size : 256) + (flag1 &gt; 0 ? size : 256))) at c:\somepath\test087.cpp(3)]
PREFAST_NEWLINE
Accessing the byte at byte offset {loop iterations}'12 + 2
PREFAST_NEWLINE

PREFAST_NEWLINE
Values of variables:
PREFAST_NEWLINE
Pointer buf is at offset 0 bytes from the start of the buffer
PREFAST_NEWLINE
i = {loop iterations}'12 + 2
PREFAST_NEWLINE

PREFAST_NEWLINE
where
PREFAST_NEWLINE
offset(buf)`3 == 0
PREFAST_NEWLINE
size`3 &gt;= 0
PREFAST_NEWLINE
{loop iterations}'12 &lt;= 509
PREFAST_NEWLINE
{loop iterations}'12 &gt;= 0
PREFAST_NEWLINE

PREFAST_NEWLINE
Overrun access occurs when
PREFAST_NEWLINE
{loop iterations}'12 &gt;= size`3 + 254
PREFAST_NEWLINE

PREFAST_NEWLINE
There are other instances of this error:
PREFAST_NEWLINE
Potential overflow using expression 'buf[i]' at line 8
PREFAST_NEWLINE
</DESCRIPTION><FUNCTION>qcolon</FUNCTION><DECORATED>?qcolon@@YAXPADIHH@Z</DECORATED><FUNCLINE>3</FUNCLINE><PATH><SFA><FILEPATH>c:\somepath\</FILEPATH><FILENAME>test087.cpp</FILENAME><LINE>3</LINE><COLUMN>5</COLUMN></SFA><SFA><FILEPATH>c:\somepath\</FILEPATH><FILENAME>test087.cpp</FILENAME><LINE>5</LINE><COLUMN>13</COLUMN></SFA><SFA><FILEPATH>c:\somepath\</FILEPATH><FILENAME>test087.cpp</FILENAME><LINE>12</LINE><COLUMN>20</COLUMN></SFA><SFA><FILEPATH>c:\somepath\</FILEPATH><FILENAME>test087.cpp</FILENAME><LINE>12</LINE><COLUMN>24</COLUMN></SFA><SFA><FILEPATH>c:\somepath\</FILEPATH><FILENAME>test087.cpp</FILENAME><LINE>12</LINE><COLUMN>29</COLUMN></SFA><SFA><FILEPATH>c:\somepath\</FILEPATH><FILENAME>test087.cpp</FILENAME><LINE>13</LINE><COLUMN>19</COLUMN></SFA><SFA><FILEPATH>c:\somepath\</FILEPATH><FILENAME>test087.cpp</FILENAME><LINE>12</LINE><COLUMN>37</COLUMN></SFA><SFA><FILEPATH>c:\somepath\</FILEPATH><FILENAME>test087.cpp</FILENAME><LINE>12</LINE><COLUMN>29</COLUMN></SFA><SFA><FILEPATH>c:\somepath\</FILEPATH><FILENAME>test087.cpp</FILENAME><LINE>13</LINE><COLUMN>19</COLUMN></SFA><SFA><FILEPATH>c:\somepath\</FILEPATH><FILENAME>test087.cpp</FILENAME><LINE>12</LINE><COLUMN>37</COLUMN></SFA><SFA><FILEPATH>c:\somepath\</FILEPATH><FILENAME>test087.cpp</FILENAME><LINE>12</LINE><COLUMN>29</COLUMN></SFA><SFA><FILEPATH>c:\somepath\</FILEPATH><FILENAME>test087.cpp</FILENAME><LINE>13</LINE><COLUMN>19</COLUMN></SFA><SFA><FILEPATH>c:\somepath\</FILEPATH><FILENAME>test087.cpp</FILENAME><LINE>12</LINE><COLUMN>37</COLUMN></SFA><SFA><FILEPATH>c:\somepath\</FILEPATH><FILENAME>test087.cpp</FILENAME><LINE>12</LINE><COLUMN>29</COLUMN></SFA><SFA><FILEPATH>c:\somepath\</FILEPATH><FILENAME>test087.cpp</FILENAME><LINE>13</LINE><COLUMN>19</COLUMN></SFA></PATH></DEFECT><DEFECT><SFA><FILEPATH>c:\somepath\</FILEPATH><FILENAME>test087.cpp</FILENAME><LINE>27</LINE><COLUMN>10</COLUMN></SFA><DEFECTCODE>26000</DEFECTCODE><DESCRIPTION>Overflow using expression '&amp; a'
PREFAST_NEWLINE
Buffer accessed is a
PREFAST_NEWLINE
Buffer is of length 10 bytes [size of variable]
PREFAST_NEWLINE
Accessing 20 bytes starting at byte offset 0
PREFAST_NEWLINE
Annotation on function qcolon requires that {parameter 1} is of length &gt;= ({parameter 3} &gt; 0 ? {parameter 2} : 256) + ({parameter 4} &gt; 0 ? {parameter 2} : 256) elements (1 bytes/element)
PREFAST_NEWLINE
  where {parameter 1} is &amp; a; {parameter 3} is 1; {parameter 2} is 10; {parameter 4} is 1
PREFAST_NEWLINE
[Annotation SAL_writableTo(elementCount(({parameter 3} &gt; 0 ? {parameter 2} : 256) + ({parameter 4} &gt; 0 ? {parameter 2} : 256))) at c:\somepath\test087.cpp(3)]
PREFAST_NEWLINE

PREFAST_NEWLINE
</DESCRIPTION><FUNCTION>callqcolon</FUNCTION><DECORATED>?callqcolon@@YAXXZ</DECORATED><FUNCLINE>24</FUNCLINE><PATH><SFA><FILEPATH>c:\somepath\</FILEPATH><FILENAME>test087.cpp</FILENAME><LINE>24</LINE><COLUMN>5</COLUMN></SFA><SFA><FILEPATH>c:\somepath\</FILEPATH><FILENAME>test087.cpp</FILENAME><LINE>26</LINE><COLUMN>9</COLUMN></SFA><SFA><FILEPATH>c:\somepath\</FILEPATH><FILENAME>test087.cpp</FILENAME><LINE>27</LINE><COLUMN>10</COLUMN></SFA></PATH></DEFECT><DEFECT><SFA><FILEPATH>c:\somepath\</FILEPATH><FILENAME>test087.cpp</FILENAME><LINE>33</LINE><COLUMN>10</COLUMN></SFA><DEFECTCODE>26000</DEFECTCODE><DESCRIPTION>Overflow using expression '&amp; c'
PREFAST_NEWLINE
Buffer accessed is c
PREFAST_NEWLINE
Buffer is of length 100 bytes [size of variable]
PREFAST_NEWLINE
Accessing 356 bytes starting at byte offset 0
PREFAST_NEWLINE
Annotation on function qcolon requires that {parameter 1} is of length &gt;= ({parameter 3} &gt; 0 ? {parameter 2} : 256) + ({parameter 4} &gt; 0 ? {parameter 2} : 256) elements (1 bytes/element)
PREFAST_NEWLINE
  where {parameter 1} is &amp; c; {parameter 3} is 0; {parameter 2} is 100; {parameter 4} is 1
PREFAST_NEWLINE
[Annotation SAL_writableTo(elementCount(({parameter 3} &gt; 0 ? {parameter 2} : 256) + ({parameter 4} &gt; 0 ? {parameter 2} : 256))) at c:\somepath\test087.cpp(3)]
PREFAST_NEWLINE

PREFAST_NEWLINE

PREFAST_NEWLINE
There are other instances of this error:
PREFAST_NEWLINE
Overflow using expression '&amp; c' at line 36
PREFAST_NEWLINE
</DESCRIPTION><FUNCTION>callqcolon</FUNCTION><DECORATED>?callqcolon@@YAXXZ</DECORATED><FUNCLINE>24</FUNCLINE><PATH><SFA><FILEPATH>c:\somepath\</FILEPATH><FILENAME>test087.cpp</FILENAME><LINE>24</LINE><COLUMN>5</COLUMN></SFA><SFA><FILEPATH>c:\somepath\</FILEPATH><FILENAME>test087.cpp</FILENAME><LINE>26</LINE><COLUMN>9</COLUMN></SFA><SFA><FILEPATH>c:\somepath\</FILEPATH><FILENAME>test087.cpp</FILENAME><LINE>27</LINE><COLUMN>10</COLUMN></SFA><SFA><FILEPATH>c:\somepath\</FILEPATH><FILENAME>test087.cpp</FILENAME><LINE>29</LINE><COLUMN>9</COLUMN></SFA><SFA><FILEPATH>c:\somepath\</FILEPATH><FILENAME>test087.cpp</FILENAME><LINE>30</LINE><COLUMN>10</COLUMN></SFA><SFA><FILEPATH>c:\somepath\</FILEPATH><FILENAME>test087.cpp</FILENAME><LINE>32</LINE><COLUMN>9</COLUMN></SFA><SFA><FILEPATH>c:\somepath\</FILEPATH><FILENAME>test087.cpp</FILENAME><LINE>33</LINE><COLUMN>10</COLUMN></SFA></PATH></DEFECT><DEFECT><SFA><FILEPATH>c:\somepath\</FILEPATH><FILENAME>test087.cpp</FILENAME><LINE>44</LINE><COLUMN>19</COLUMN></SFA><DEFECTCODE>26015</DEFECTCODE><DESCRIPTION>Potential overflow using expression 'buf[i]'
PREFAST_NEWLINE
Buffer access is apparently unbounded by the buffer size.  
PREFAST_NEWLINE

PREFAST_NEWLINE
In particular: {loop iterations}'43 is not constrained by any constant
PREFAST_NEWLINE

PREFAST_NEWLINE
Buffer buf is a parameter to this function declared on line 39
PREFAST_NEWLINE
Buffer is of length offset(buf)`39 + 256 bytes [from annotation SAL_writableTo(elementCount((flag &amp;&amp; flag1) ? size : 256)) at c:\somepath\test087.cpp(39)]
PREFAST_NEWLINE
Accessing the byte at byte offset {loop iterations}'43 + 2
PREFAST_NEWLINE

PREFAST_NEWLINE
Values of variables:
PREFAST_NEWLINE
Pointer buf is at offset 0 bytes from the start of the buffer
PREFAST_NEWLINE
i = {loop iterations}'43 + 2
PREFAST_NEWLINE

PREFAST_NEWLINE
where
PREFAST_NEWLINE
offset(buf)`39 == 0
PREFAST_NEWLINE
size`39 &gt;= 0
PREFAST_NEWLINE
size`39 &gt;= {loop iterations}'43 + 3
PREFAST_NEWLINE
{loop iterations}'43 &gt;= 0
PREFAST_NEWLINE

PREFAST_NEWLINE
Overrun access occurs when
PREFAST_NEWLINE
{loop iterations}'43 &gt;= 254
PREFAST_NEWLINE
</DESCRIPTION><FUNCTION>TestAnd</FUNCTION><DECORATED>?TestAnd@@YAXPADI_N1@Z</DECORATED><FUNCLINE>39</FUNCLINE><PATH><SFA><FILEPATH>c:\somepath\</FILEPATH><FILENAME>test087.cpp</FILENAME><LINE>39</LINE><COLUMN>5</COLUMN></SFA><SFA><FILEPATH>c:\somepath\</FILEPATH><FILENAME>test087.cpp</FILENAME><LINE>41</LINE><COLUMN>8</COLUMN></SFA><SFA><FILEPATH>c:\somepath\</FILEPATH><FILENAME>test087.cpp</FILENAME><LINE>43</LINE><COLUMN>20</COLUMN></SFA><SFA><FILEPATH>c:\somepath\</FILEPATH><FILENAME>test087.cpp</FILENAME><LINE>43</LINE><COLUMN>24</COLUMN></SFA><SFA><FILEPATH>c:\somepath\</FILEPATH><FILENAME>test087.cpp</FILENAME><LINE>43</LINE><COLUMN>29</COLUMN></SFA><SFA><FILEPATH>c:\somepath\</FILEPATH><FILENAME>test087.cpp</FILENAME><LINE>44</LINE><COLUMN>19</COLUMN></SFA><SFA><FILEPATH>c:\somepath\</FILEPATH><FILENAME>test087.cpp</FILENAME><LINE>43</LINE><COLUMN>38</COLUMN></SFA><SFA><FILEPATH>c:\somepath\</FILEPATH><FILENAME>test087.cpp</FILENAME><LINE>43</LINE><COLUMN>29</COLUMN></SFA><SFA><FILEPATH>c:\somepath\</FILEPATH><FILENAME>test087.cpp</FILENAME><LINE>44</LINE><COLUMN>19</COLUMN></SFA><SFA><FILEPATH>c:\somepath\</FILEPATH><FILENAME>test087.cpp</FILENAME><LINE>43</LINE><COLUMN>38</COLUMN></SFA><SFA><FILEPATH>c:\somepath\</FILEPATH><FILENAME>test087.cpp</FILENAME><LINE>43</LINE><COLUMN>29</COLUMN></SFA><SFA><FILEPATH>c:\somepath\</FILEPATH><FILENAME>test087.cpp</FILENAME><LINE>44</LINE><COLUMN>19</COLUMN></SFA><SFA><FILEPATH>c:\somepath\</FILEPATH><FILENAME>test087.cpp</FILENAME><LINE>43</LINE><COLUMN>38</COLUMN></SFA><SFA><FILEPATH>c:\somepath\</FILEPATH><FILENAME>test087.cpp</FILENAME><LINE>43</LINE><COLUMN>29</COLUMN></SFA><SFA><FILEPATH>c:\somepath\</FILEPATH><FILENAME>test087.cpp</FILENAME><LINE>44</LINE><COLUMN>19</COLUMN></SFA></PATH></DEFECT><DEFECT><SFA><FILEPATH>c:\somepath\</FILEPATH><FILENAME>test087.cpp</FILENAME><LINE>75</LINE><COLUMN>15</COLUMN></SFA><DEFECTCODE>26015</DEFECTCODE><DESCRIPTION>Potential overflow using expression 'buf[i]'
PREFAST_NEWLINE
Buffer access is apparently unbounded by the buffer size.  
PREFAST_NEWLINE

PREFAST_NEWLINE
In particular: {loop iterations}'74 is not constrained by any constant
PREFAST_NEWLINE

PREFAST_NEWLINE
Buffer buf is a parameter to this function declared on line 57
PREFAST_NEWLINE
Buffer is of length offset(buf)`57 + 256 bytes [from annotation SAL_writableTo(elementCount((flag || flag1) ? size : 256)) at c:\somepath\test087.cpp(57)]
PREFAST_NEWLINE
Accessing the byte at byte offset {loop iterations}'74 + 2
PREFAST_NEWLINE

PREFAST_NEWLINE
Values of variables:
PREFAST_NEWLINE
Pointer buf is at offset 0 bytes from the start of the buffer
PREFAST_NEWLINE
i = {loop iterations}'74 + 2
PREFAST_NEWLINE

PREFAST_NEWLINE
where
PREFAST_NEWLINE
offset(buf)`57 == 0
PREFAST_NEWLINE
size`57 &gt;= 0
PREFAST_NEWLINE
size`57 &gt;= {loop iterations}'74 + 3
PREFAST_NEWLINE
{loop iterations}'74 &gt;= 0
PREFAST_NEWLINE

PREFAST_NEWLINE
Overrun access occurs when
PREFAST_NEWLINE
{loop iterations}'74 &gt;= 254
PREFAST_NEWLINE
</DESCRIPTION><FUNCTION>TestOr</FUNCTION><DECORATED>?TestOr@@YAXPADI_N1@Z</DECORATED><FUNCLINE>57</FUNCLINE><PATH><SFA><FILEPATH>c:\somepath\</FILEPATH><FILENAME>test087.cpp</FILENAME><LINE>57</LINE><COLUMN>5</COLUMN></SFA><SFA><FILEPATH>c:\somepath\</FILEPATH><FILENAME>test087.cpp</FILENAME><LINE>59</LINE><COLUMN>8</COLUMN></SFA><SFA><FILEPATH>c:\somepath\</FILEPATH><FILENAME>test087.cpp</FILENAME><LINE>66</LINE><COLUMN>8</COLUMN></SFA><SFA><FILEPATH>c:\somepath\</FILEPATH><FILENAME>test087.cpp</FILENAME><LINE>74</LINE><COLUMN>16</COLUMN></SFA><SFA><FILEPATH>c:\somepath\</FILEPATH><FILENAME>test087.cpp</FILENAME><LINE>74</LINE><COLUMN>20</COLUMN></SFA><SFA><FILEPATH>c:\somepath\</FILEPATH><FILENAME>test087.cpp</FILENAME><LINE>74</LINE><COLUMN>25</COLUMN></SFA><SFA><FILEPATH>c:\somepath\</FILEPATH><FILENAME>test087.cpp</FILENAME><LINE>75</LINE><COLUMN>15</COLUMN></SFA><SFA><FILEPATH>c:\somepath\</FILEPATH><FILENAME>test087.cpp</FILENAME><LINE>74</LINE><COLUMN>34</COLUMN></SFA><SFA><FILEPATH>c:\somepath\</FILEPATH><FILENAME>test087.cpp</FILENAME><LINE>74</LINE><COLUMN>25</COLUMN></SFA><SFA><FILEPATH>c:\somepath\</FILEPATH><FILENAME>test087.cpp</FILENAME><LINE>75</LINE><COLUMN>15</COLUMN></SFA><SFA><FILEPATH>c:\somepath\</FILEPATH><FILENAME>test087.cpp</FILENAME><LINE>74</LINE><COLUMN>34</COLUMN></SFA><SFA><FILEPATH>c:\somepath\</FILEPATH><FILENAME>test087.cpp</FILENAME><LINE>74</LINE><COLUMN>25</COLUMN></SFA><SFA><FILEPATH>c:\somepath\</FILEPATH><FILENAME>test087.cpp</FILENAME><LINE>75</LINE><COLUMN>15</COLUMN></SFA><SFA><FILEPATH>c:\somepath\</FILEPATH><FILENAME>test087.cpp</FILENAME><LINE>74</LINE><COLUMN>34</COLUMN></SFA><SFA><FILEPATH>c:\somepath\</FILEPATH><FILENAME>test087.cpp</FILENAME><LINE>74</LINE><COLUMN>25</COLUMN></SFA><SFA><FILEPATH>c:\somepath\</FILEPATH><FILENAME>test087.cpp</FILENAME><LINE>75</LINE><COLUMN>15</COLUMN></SFA></PATH></DEFECT><DEFECT><SFA><FILEPATH>c:\somepath\</FILEPATH><FILENAME>test087.cpp</FILENAME><LINE>82</LINE><COLUMN>11</COLUMN></SFA><DEFECTCODE>26000</DEFECTCODE><DESCRIPTION>Overflow using expression '&amp; a'
PREFAST_NEWLINE
Buffer accessed is a
PREFAST_NEWLINE
Buffer is of length 10 bytes [size of variable]
PREFAST_NEWLINE
Accessing 256 bytes starting at byte offset 0
PREFAST_NEWLINE
Annotation on function TestAnd requires that {parameter 1} is of length &gt;= ({parameter 3} &amp;&amp; {parameter 4}) ? {parameter 2} : 256 elements (1 bytes/element)
PREFAST_NEWLINE
  where {parameter 1} is &amp; a; {parameter 3} is 1; {parameter 4} is 0; {parameter 2} is 10
PREFAST_NEWLINE
[Annotation SAL_writableTo(elementCount(({parameter 3} &amp;&amp; {parameter 4}) ? {parameter 2} : 256)) at c:\somepath\test087.cpp(39)]
PREFAST_NEWLINE

PREFAST_NEWLINE

PREFAST_NEWLINE
There are other instances of this error:
PREFAST_NEWLINE
Overflow using expression '&amp; a' at line 83
PREFAST_NEWLINE
</DESCRIPTION><FUNCTION>CallAnd</FUNCTION><DECORATED>?CallAnd@@YAXXZ</DECORATED><FUNCLINE>78</FUNCLINE><PATH><SFA><FILEPATH>c:\somepath\</FILEPATH><FILENAME>test087.cpp</FILENAME><LINE>78</LINE><COLUMN>5</COLUMN></SFA><SFA><FILEPATH>c:\somepath\</FILEPATH><FILENAME>test087.cpp</FILENAME><LINE>80</LINE><COLUMN>9</COLUMN></SFA><SFA><FILEPATH>c:\somepath\</FILEPATH><FILENAME>test087.cpp</FILENAME><LINE>81</LINE><COLUMN>11</COLUMN></SFA><SFA><FILEPATH>c:\somepath\</FILEPATH><FILENAME>test087.cpp</FILENAME><LINE>82</LINE><COLUMN>11</COLUMN></SFA></PATH></DEFECT><DEFECT><SFA><FILEPATH>c:\somepath\</FILEPATH><FILENAME>test087.cpp</FILENAME><LINE>110</LINE><COLUMN>10</COLUMN></SFA><DEFECTCODE>26000</DEFECTCODE><DESCRIPTION>Overflow using expression '&amp; a'
PREFAST_NEWLINE
Buffer accessed is a
PREFAST_NEWLINE
Buffer is of length 10 bytes [size of variable]
PREFAST_NEWLINE
Accessing 256 bytes starting at byte offset 0
PREFAST_NEWLINE
Annotation on function TestOr requires that {parameter 1} is of length &gt;= ({parameter 3} || {parameter 4}) ? {parameter 2} : 256 elements (1 bytes/element)
PREFAST_NEWLINE
  where {parameter 1} is &amp; a; {parameter 3} is 0; {parameter 4} is 0; {parameter 2} is 10
PREFAST_NEWLINE
[Annotation SAL_writableTo(elementCount(({parameter 3} || {parameter 4}) ? {parameter 2} : 256)) at c:\somepath\test087.cpp(57)]
PREFAST_NEWLINE

PREFAST_NEWLINE
</DESCRIPTION><FUNCTION>CallOr</FUNCTION><DECORATED>?CallOr@@YAXXZ</DECORATED><FUNCLINE>104</FUNCLINE><PATH><SFA><FILEPATH>c:\somepath\</FILEPATH><FILENAME>test087.cpp</FILENAME><LINE>104</LINE><COLUMN>5</COLUMN></SFA><SFA><FILEPATH>c:\somepath\</FILEPATH><FILENAME>test087.cpp</FILENAME><LINE>106</LINE><COLUMN>9</COLUMN></SFA><SFA><FILEPATH>c:\somepath\</FILEPATH><FILENAME>test087.cpp</FILENAME><LINE>107</LINE><COLUMN>10</COLUMN></SFA><SFA><FILEPATH>c:\somepath\</FILEPATH><FILENAME>test087.cpp</FILENAME><LINE>108</LINE><COLUMN>10</COLUMN></SFA><SFA><FILEPATH>c:\somepath\</FILEPATH><FILENAME>test087.cpp</FILENAME><LINE>109</LINE><COLUMN>10</COLUMN></SFA><SFA><FILEPATH>c:\somepath\</FILEPATH><FILENAME>test087.cpp</FILENAME><LINE>110</LINE><COLUMN>10</COLUMN></SFA></PATH></DEFECT><DEFECT><SFA><FILEPATH>c:\somepath\</FILEPATH><FILENAME>test087.cpp</FILENAME><LINE>137</LINE><COLUMN>8</COLUMN></SFA><DEFECTCODE>26000</DEFECTCODE><DESCRIPTION>Overflow using expression '&amp; a'
PREFAST_NEWLINE
Buffer accessed is a
PREFAST_NEWLINE
Buffer is of length 10 bytes [size of variable]
PREFAST_NEWLINE
Accessing 20 bytes starting at byte offset 0
PREFAST_NEWLINE
Annotation on function Dual requires that {parameter 1} is of length &gt;= {parameter 3} ? {parameter 2} : {parameter 2} * 2 bytes
PREFAST_NEWLINE
  where {parameter 1} is &amp; a; {parameter 3} is 0; {parameter 2} is 10
PREFAST_NEWLINE
[Annotation SAL_writableTo(byteCount({parameter 3} ? {parameter 2} : {parameter 2} * 2)) at c:\somepath\test087.cpp(125)]
PREFAST_NEWLINE

PREFAST_NEWLINE
</DESCRIPTION><FUNCTION>CallDual</FUNCTION><DECORATED>?CallDual@@YAXXZ</DECORATED><FUNCLINE>133</FUNCLINE><PATH><SFA><FILEPATH>c:\somepath\</FILEPATH><FILENAME>test087.cpp</FILENAME><LINE>133</LINE><COLUMN>5</COLUMN></SFA><SFA><FILEPATH>c:\somepath\</FILEPATH><FILENAME>test087.cpp</FILENAME><LINE>135</LINE><COLUMN>9</COLUMN></SFA><SFA><FILEPATH>c:\somepath\</FILEPATH><FILENAME>test087.cpp</FILENAME><LINE>136</LINE><COLUMN>8</COLUMN></SFA><SFA><FILEPATH>c:\somepath\</FILEPATH><FILENAME>test087.cpp</FILENAME><LINE>137</LINE><COLUMN>8</COLUMN></SFA></PATH></DEFECT><DEFECT><SFA><FILEPATH>c:\somepath\</FILEPATH><FILENAME>test087.cpp</FILENAME><LINE>160</LINE><COLUMN>15</COLUMN></SFA><DEFECTCODE>26014</DEFECTCODE><DESCRIPTION>Potential overflow using expression 'buf[i]'
PREFAST_NEWLINE
This is likely to be due to incorrect or insufficient validation of the buffer access
PREFAST_NEWLINE
Buffer buf is a parameter to this function declared on line 155
PREFAST_NEWLINE
Buffer is of length offset(buf)`155 + size`155 bytes [from annotation SAL_writableTo(byteCount(! (flags &amp; 128) ? size : size * 2)) at c:\somepath\test087.cpp(155)]
PREFAST_NEWLINE
Accessing the byte at byte offset 1
PREFAST_NEWLINE

PREFAST_NEWLINE
Values of variables:
PREFAST_NEWLINE
Pointer buf is at offset 0 bytes from the start of the buffer
PREFAST_NEWLINE
i = 1
PREFAST_NEWLINE

PREFAST_NEWLINE
where
PREFAST_NEWLINE
offset(buf)`155 == 0
PREFAST_NEWLINE
{loop iterations}'159 == 0
PREFAST_NEWLINE
size`155 &gt;= 1
PREFAST_NEWLINE

PREFAST_NEWLINE
Overrun access occurs when
PREFAST_NEWLINE
size`155 == 1
PREFAST_NEWLINE
</DESCRIPTION><FUNCTION>BadDualBit</FUNCTION><DECORATED>?BadDualBit@@YAXPADII@Z</DECORATED><FUNCLINE>155</FUNCLINE><PATH><SFA><FILEPATH>c:\somepath\</FILEPATH><FILENAME>test087.cpp</FILENAME><LINE>155</LINE><COLUMN>5</COLUMN></SFA><SFA><FILEPATH>c:\somepath\</FILEPATH><FILENAME>test087.cpp</FILENAME><LINE>157</LINE><COLUMN>16</COLUMN></SFA><SFA><FILEPATH>c:\somepath\</FILEPATH><FILENAME>test087.cpp</FILENAME><LINE>158</LINE><COLUMN>13</COLUMN></SFA><SFA><FILEPATH>c:\somepath\</FILEPATH><FILENAME>test087.cpp</FILENAME><LINE>159</LINE><COLUMN>16</COLUMN></SFA><SFA><FILEPATH>c:\somepath\</FILEPATH><FILENAME>test087.cpp</FILENAME><LINE>159</LINE><COLUMN>20</COLUMN></SFA><SFA><FILEPATH>c:\somepath\</FILEPATH><FILENAME>test087.cpp</FILENAME><LINE>159</LINE><COLUMN>25</COLUMN></SFA><SFA><FILEPATH>c:\somepath\</FILEPATH><FILENAME>test087.cpp</FILENAME><LINE>160</LINE><COLUMN>15</COLUMN></SFA><SFA><FILEPATH>c:\somepath\</FILEPATH><FILENAME>test087.cpp</FILENAME><LINE>159</LINE><COLUMN>33</COLUMN></SFA><SFA><FILEPATH>c:\somepath\</FILEPATH><FILENAME>test087.cpp</FILENAME><LINE>159</LINE><COLUMN>25</COLUMN></SFA><SFA><FILEPATH>c:\somepath\</FILEPATH><FILENAME>test087.cpp</FILENAME><LINE>160</LINE><COLUMN>15</COLUMN></SFA></PATH></DEFECT><DEFECT><SFA><FILEPATH>c:\somepath\</FILEPATH><FILENAME>test087.cpp</FILENAME><LINE>167</LINE><COLUMN>11</COLUMN></SFA><DEFECTCODE>26000</DEFECTCODE><DESCRIPTION>Overflow using expression '&amp; a'
PREFAST_NEWLINE
Buffer accessed is a
PREFAST_NEWLINE
Buffer is of length 10 bytes [size of variable]
PREFAST_NEWLINE
Accessing 20 bytes starting at byte offset 0
PREFAST_NEWLINE
Annotation on function DualBit requires that {parameter 1} is of length &gt;= ! ({parameter 3} &amp; 128) ? {parameter 2} : {parameter 2} * 2 bytes
PREFAST_NEWLINE
  where {parameter 1} is &amp; a; {parameter 3} is 128; {parameter 2} is 10
PREFAST_NEWLINE
[Annotation SAL_writableTo(byteCount(! ({parameter 3} &amp; 128) ? {parameter 2} : {parameter 2} * 2)) at c:\somepath\test087.cpp(147)]
PREFAST_NEWLINE

PREFAST_NEWLINE
</DESCRIPTION><FUNCTION>CallDualBit</FUNCTION><DECORATED>?CallDualBit@@YAXXZ</DECORATED><FUNCLINE>163</FUNCLINE><PATH><SFA><FILEPATH>c:\somepath\</FILEPATH><FILENAME>test087.cpp</FILENAME><LINE>163</LINE><COLUMN>5</COLUMN></SFA><SFA><FILEPATH>c:\somepath\</FILEPATH><FILENAME>test087.cpp</FILENAME><LINE>165</LINE><COLUMN>9</COLUMN></SFA><SFA><FILEPATH>c:\somepath\</FILEPATH><FILENAME>test087.cpp</FILENAME><LINE>166</LINE><COLUMN>11</COLUMN></SFA><SFA><FILEPATH>c:\somepath\</FILEPATH><FILENAME>test087.cpp</FILENAME><LINE>167</LINE><COLUMN>11</COLUMN></SFA></PATH></DEFECT><DEFECT><SFA><FILEPATH>c:\somepath\</FILEPATH><FILENAME>test087.cpp</FILENAME><LINE>263</LINE><COLUMN>12</COLUMN></SFA><DEFECTCODE>26000</DEFECTCODE><DESCRIPTION>Overflow using expression '&amp; b'
PREFAST_NEWLINE
Buffer accessed is b
PREFAST_NEWLINE
Buffer is of length 10 bytes [size of variable]
PREFAST_NEWLINE
Accessing 20 bytes starting at byte offset 0
PREFAST_NEWLINE
Annotation on function cleveraw requires that {parameter 1} is of length &gt;= (! (! {parameter 2}) + 1) * {parameter 3} elements (1 bytes/element)
PREFAST_NEWLINE
  where {parameter 1} is &amp; b; {parameter 2} is 1; {parameter 3} is 10
PREFAST_NEWLINE
[Annotation SAL_writableTo(elementCount((! (! {parameter 2}) + 1) * {parameter 3})) at c:\somepath\test087.cpp(252)]
PREFAST_NEWLINE

PREFAST_NEWLINE
</DESCRIPTION><FUNCTION>callcleveraw</FUNCTION><DECORATED>?callcleveraw@@YAXXZ</DECORATED><FUNCLINE>258</FUNCLINE><PATH><SFA><FILEPATH>c:\somepath\</FILEPATH><FILENAME>test087.cpp</FILENAME><LINE>258</LINE><COLUMN>5</COLUMN></SFA><SFA><FILEPATH>c:\somepath\</FILEPATH><FILENAME>test087.cpp</FILENAME><LINE>260</LINE><COLUMN>9</COLUMN></SFA><SFA><FILEPATH>c:\somepath\</FILEPATH><FILENAME>test087.cpp</FILENAME><LINE>261</LINE><COLUMN>12</COLUMN></SFA><SFA><FILEPATH>c:\somepath\</FILEPATH><FILENAME>test087.cpp</FILENAME><LINE>262</LINE><COLUMN>9</COLUMN></SFA><SFA><FILEPATH>c:\somepath\</FILEPATH><FILENAME>test087.cpp</FILENAME><LINE>263</LINE><COLUMN>12</COLUMN></SFA></PATH></DEFECT><DEFECT><SFA><FILEPATH>c:\somepath\</FILEPATH><FILENAME>test087.cpp</FILENAME><LINE>281</LINE><COLUMN>7</COLUMN></SFA><DEFECTCODE>26000</DEFECTCODE><DESCRIPTION>Overflow using expression '&amp; a'
PREFAST_NEWLINE
Buffer accessed is a
PREFAST_NEWLINE
Buffer is of length 10 elements (4 bytes/element) [size of variable]
PREFAST_NEWLINE
Accessing 11 elements (4 bytes/element) starting at element offset 0
PREFAST_NEWLINE
Annotation on function foo requires that {parameter 1} is of length &gt;= {parameter 2} + (({parameter 3} &amp; 1) != 0) elements (4 bytes/element)
PREFAST_NEWLINE
  where {parameter 1} is &amp; a; {parameter 2} is 10; {parameter 3} is 1
PREFAST_NEWLINE
[Annotation SAL_writableTo(elementCount({parameter 2} + (({parameter 3} &amp; 1) != 0))) at c:\somepath\test087.cpp(266)]
PREFAST_NEWLINE

PREFAST_NEWLINE
</DESCRIPTION><FUNCTION>callfoo</FUNCTION><DECORATED>?callfoo@@YAXXZ</DECORATED><FUNCLINE>276</FUNCLINE><PATH><SFA><FILEPATH>c:\somepath\</FILEPATH><FILENAME>test087.cpp</FILENAME><LINE>276</LINE><COLUMN>5</COLUMN></SFA><SFA><FILEPATH>c:\somepath\</FILEPATH><FILENAME>test087.cpp</FILENAME><LINE>278</LINE><COLUMN>8</COLUMN></SFA><SFA><FILEPATH>c:\somepath\</FILEPATH><FILENAME>test087.cpp</FILENAME><LINE>279</LINE><COLUMN>7</COLUMN></SFA><SFA><FILEPATH>c:\somepath\</FILEPATH><FILENAME>test087.cpp</FILENAME><LINE>280</LINE><COLUMN>8</COLUMN></SFA><SFA><FILEPATH>c:\somepath\</FILEPATH><FILENAME>test087.cpp</FILENAME><LINE>281</LINE><COLUMN>7</COLUMN></SFA></PATH></DEFECT></DEFECTS>
