<?xml version='1.0' encoding='UTF-8'?>
<DEFECTS><DEFECT><SFA><FILEPATH>c:\somepath\</FILEPATH><FILENAME>test122.cpp</FILENAME><LINE>62</LINE><COLUMN>25</COLUMN></SFA><DEFECTCODE>26003</DEFECTCODE><DESCRIPTION>Writing to buffer 'EmptyBuffer.BufferDesc::pBuffers' of unspecified length.  Please annotate.
PREFAST_NEWLINE

PREFAST_NEWLINE
If we assume that the buffer has single element in length, then the checker would report:
PREFAST_NEWLINE
Potential overflow using expression '(pBD-&gt;pBuffers)[i]'
PREFAST_NEWLINE
Accessing unannotated buffer EmptyBuffer.BufferDesc::pBuffers
PREFAST_NEWLINE
Buffer is of length 1 elements (4 bytes/element) [assumed because the buffer is unannotated]
PREFAST_NEWLINE
Accessing the element (4 bytes/element) at element offset 1
PREFAST_NEWLINE

PREFAST_NEWLINE
Values of variables:
PREFAST_NEWLINE
Pointer EmptyBuffer.BufferDesc::pBuffers is at offset 0 bytes from the start of the buffer
PREFAST_NEWLINE
i = 1
PREFAST_NEWLINE
pBD = &amp;EmptyBuffer
PREFAST_NEWLINE

PREFAST_NEWLINE
where
PREFAST_NEWLINE
{loop iterations}'61 == 0
PREFAST_NEWLINE
EmptyBuffer.BufferDesc::cBuffers`61 &gt;= 2
PREFAST_NEWLINE

PREFAST_NEWLINE
There are other instances of this error:
PREFAST_NEWLINE
Writing to buffer 'EmptyBuffer.BufferDesc::pBuffers' of unspecified length.  Please annotate. at line 63
PREFAST_NEWLINE
</DESCRIPTION><FUNCTION>safe1</FUNCTION><DECORATED>?safe1@@YAXPAUBufferDesc@@@Z</DECORATED><FUNCLINE>50</FUNCLINE><PATH><SFA><FILEPATH>c:\somepath\</FILEPATH><FILENAME>test122.cpp</FILENAME><LINE>50</LINE><COLUMN>10</COLUMN></SFA><SFA><FILEPATH>c:\somepath\</FILEPATH><FILENAME>test122.cpp</FILENAME><LINE>52</LINE><COLUMN>18</COLUMN></SFA><SFA><FILEPATH>c:\somepath\</FILEPATH><FILENAME>test122.cpp</FILENAME><LINE>53</LINE><COLUMN>15</COLUMN></SFA><SFA><FILEPATH>c:\somepath\</FILEPATH><FILENAME>test122.cpp</FILENAME><LINE>55</LINE><COLUMN>8</COLUMN></SFA><SFA><FILEPATH>c:\somepath\</FILEPATH><FILENAME>test122.cpp</FILENAME><LINE>57</LINE><COLUMN>12</COLUMN></SFA><SFA><FILEPATH>c:\somepath\</FILEPATH><FILENAME>test122.cpp</FILENAME><LINE>58</LINE><COLUMN>14</COLUMN></SFA><SFA><FILEPATH>c:\somepath\</FILEPATH><FILENAME>test122.cpp</FILENAME><LINE>61</LINE><COLUMN>11</COLUMN></SFA><SFA><FILEPATH>c:\somepath\</FILEPATH><FILENAME>test122.cpp</FILENAME><LINE>61</LINE><COLUMN>18</COLUMN></SFA><SFA><FILEPATH>c:\somepath\</FILEPATH><FILENAME>test122.cpp</FILENAME><LINE>62</LINE><COLUMN>25</COLUMN></SFA><SFA><FILEPATH>c:\somepath\</FILEPATH><FILENAME>test122.cpp</FILENAME><LINE>61</LINE><COLUMN>36</COLUMN></SFA><SFA><FILEPATH>c:\somepath\</FILEPATH><FILENAME>test122.cpp</FILENAME><LINE>61</LINE><COLUMN>18</COLUMN></SFA><SFA><FILEPATH>c:\somepath\</FILEPATH><FILENAME>test122.cpp</FILENAME><LINE>62</LINE><COLUMN>25</COLUMN></SFA></PATH></DEFECT><DEFECT><SFA><FILEPATH>c:\somepath\</FILEPATH><FILENAME>test122.cpp</FILENAME><LINE>74</LINE><COLUMN>25</COLUMN></SFA><DEFECTCODE>26014</DEFECTCODE><DESCRIPTION>Potential overflow using expression '(pBD-&gt;pBuffers)[i]'
PREFAST_NEWLINE
This is likely to be due to incorrect or insufficient validation of the buffer access
PREFAST_NEWLINE
Buffer (pBD-&gt;BufferDesc::pBuffers) created during call to Foo on line 71
PREFAST_NEWLINE
Buffer lengths are from an assumed __inout annotation on the parameter
PREFAST_NEWLINE
Buffer is of length 4*(pBD-&gt;BufferDesc::cBuffers)`71 bytes [from field annotation SAL_writableTo(elementCount({parameter 1}-&gt;cBuffers)) at c:\somepath\test122.cpp(46) on function Foo called at line 71]
PREFAST_NEWLINE
Accessing 4 bytes starting at byte offset 4
PREFAST_NEWLINE

PREFAST_NEWLINE
Values of variables:
PREFAST_NEWLINE
Pointer (pBD-&gt;BufferDesc::pBuffers) is at offset 0 bytes from the start of the buffer
PREFAST_NEWLINE
Pointer pBD is at offset 0 bytes from the start of pBD
PREFAST_NEWLINE
i = 1
PREFAST_NEWLINE

PREFAST_NEWLINE
where
PREFAST_NEWLINE
offset((pBD-&gt;BufferDesc::pBuffers))`71a == 0
PREFAST_NEWLINE
{loop iterations}'73 == 0
PREFAST_NEWLINE
(pBD-&gt;BufferDesc::cBuffers)`71 &gt;= 1
PREFAST_NEWLINE

PREFAST_NEWLINE
Overrun access occurs when
PREFAST_NEWLINE
(pBD-&gt;BufferDesc::cBuffers)`71 == 1
PREFAST_NEWLINE
</DESCRIPTION><FUNCTION>unsafe</FUNCTION><DECORATED>?unsafe@@YAXPAUBufferDesc@@@Z</DECORATED><FUNCLINE>67</FUNCLINE><PATH><SFA><FILEPATH>c:\somepath\</FILEPATH><FILENAME>test122.cpp</FILENAME><LINE>67</LINE><COLUMN>11</COLUMN></SFA><SFA><FILEPATH>c:\somepath\</FILEPATH><FILENAME>test122.cpp</FILENAME><LINE>69</LINE><COLUMN>18</COLUMN></SFA><SFA><FILEPATH>c:\somepath\</FILEPATH><FILENAME>test122.cpp</FILENAME><LINE>71</LINE><COLUMN>7</COLUMN></SFA><SFA><FILEPATH>c:\somepath\</FILEPATH><FILENAME>test122.cpp</FILENAME><LINE>73</LINE><COLUMN>11</COLUMN></SFA><SFA><FILEPATH>c:\somepath\</FILEPATH><FILENAME>test122.cpp</FILENAME><LINE>73</LINE><COLUMN>18</COLUMN></SFA><SFA><FILEPATH>c:\somepath\</FILEPATH><FILENAME>test122.cpp</FILENAME><LINE>74</LINE><COLUMN>25</COLUMN></SFA><SFA><FILEPATH>c:\somepath\</FILEPATH><FILENAME>test122.cpp</FILENAME><LINE>73</LINE><COLUMN>37</COLUMN></SFA><SFA><FILEPATH>c:\somepath\</FILEPATH><FILENAME>test122.cpp</FILENAME><LINE>73</LINE><COLUMN>18</COLUMN></SFA><SFA><FILEPATH>c:\somepath\</FILEPATH><FILENAME>test122.cpp</FILENAME><LINE>74</LINE><COLUMN>25</COLUMN></SFA></PATH></DEFECT></DEFECTS>
