<?xml version='1.0' encoding='UTF-8'?>
<DEFECTS><DEFECT><SFA><FILEPATH>c:\somepath\</FILEPATH><FILENAME>test188.cpp</FILENAME><LINE>15</LINE><COLUMN>17</COLUMN></SFA><DEFECTCODE>26000</DEFECTCODE><DESCRIPTION>Overflow using expression 'buf[off]'
PREFAST_NEWLINE
Buffer length is computed by current loop.
PREFAST_NEWLINE

PREFAST_NEWLINE
Buffer result.new[] created during call to operator new[] on line 12
PREFAST_NEWLINE
Buffer is of length {loop iterations}'8 + 2 bytes [from annotation _Post_writable_byte_size_(byteCount({parameter 1})) on function operator new[] called at line 12]
PREFAST_NEWLINE
Accessing the byte at byte offset 2
PREFAST_NEWLINE

PREFAST_NEWLINE
Values of variables:
PREFAST_NEWLINE
Pointer buf is at offset 0 bytes from the start of the buffer
PREFAST_NEWLINE
off = 2
PREFAST_NEWLINE

PREFAST_NEWLINE
where
PREFAST_NEWLINE
offset(result.new[])`7a == 0
PREFAST_NEWLINE
{loop iterations}'8 == 0
PREFAST_NEWLINE
alloced`8 &gt;= 3
PREFAST_NEWLINE
need`8 &lt;= 1
PREFAST_NEWLINE
need`8 &gt;= 0
PREFAST_NEWLINE
</DESCRIPTION><FUNCTION>foo</FUNCTION><DECORATED>?foo@@YAXXZ</DECORATED><FUNCLINE>3</FUNCLINE><PATH><SFA><FILEPATH>c:\somepath\</FILEPATH><FILENAME>test188.cpp</FILENAME><LINE>3</LINE><COLUMN>8</COLUMN></SFA><SFA><FILEPATH>c:\somepath\</FILEPATH><FILENAME>test188.cpp</FILENAME><LINE>5</LINE><COLUMN>11</COLUMN></SFA><SFA><FILEPATH>c:\somepath\</FILEPATH><FILENAME>test188.cpp</FILENAME><LINE>5</LINE><COLUMN>21</COLUMN></SFA><SFA><FILEPATH>c:\somepath\</FILEPATH><FILENAME>test188.cpp</FILENAME><LINE>6</LINE><COLUMN>11</COLUMN></SFA><SFA><FILEPATH>c:\somepath\</FILEPATH><FILENAME>test188.cpp</FILENAME><LINE>6</LINE><COLUMN>17</COLUMN></SFA><SFA><FILEPATH>c:\somepath\</FILEPATH><FILENAME>test188.cpp</FILENAME><LINE>7</LINE><COLUMN>9</COLUMN></SFA><SFA><FILEPATH>c:\somepath\</FILEPATH><FILENAME>test188.cpp</FILENAME><LINE>7</LINE><COLUMN>17</COLUMN></SFA><SFA><FILEPATH>c:\somepath\</FILEPATH><FILENAME>test188.cpp</FILENAME><LINE>7</LINE><COLUMN>17</COLUMN></SFA><SFA><FILEPATH>c:\somepath\</FILEPATH><FILENAME>test188.cpp</FILENAME><LINE>8</LINE><COLUMN>10</COLUMN></SFA><SFA><FILEPATH>c:\somepath\</FILEPATH><FILENAME>test188.cpp</FILENAME><LINE>9</LINE><COLUMN>15</COLUMN></SFA><SFA><FILEPATH>c:\somepath\</FILEPATH><FILENAME>test188.cpp</FILENAME><LINE>9</LINE><COLUMN>26</COLUMN></SFA><SFA><FILEPATH>c:\somepath\</FILEPATH><FILENAME>test188.cpp</FILENAME><LINE>10</LINE><COLUMN>19</COLUMN></SFA><SFA><FILEPATH>c:\somepath\</FILEPATH><FILENAME>test188.cpp</FILENAME><LINE>15</LINE><COLUMN>17</COLUMN></SFA><SFA><FILEPATH>c:\somepath\</FILEPATH><FILENAME>test188.cpp</FILENAME><LINE>16</LINE><COLUMN>11</COLUMN></SFA><SFA><FILEPATH>c:\somepath\</FILEPATH><FILENAME>test188.cpp</FILENAME><LINE>8</LINE><COLUMN>10</COLUMN></SFA><SFA><FILEPATH>c:\somepath\</FILEPATH><FILENAME>test188.cpp</FILENAME><LINE>9</LINE><COLUMN>15</COLUMN></SFA><SFA><FILEPATH>c:\somepath\</FILEPATH><FILENAME>test188.cpp</FILENAME><LINE>9</LINE><COLUMN>26</COLUMN></SFA><SFA><FILEPATH>c:\somepath\</FILEPATH><FILENAME>test188.cpp</FILENAME><LINE>10</LINE><COLUMN>19</COLUMN></SFA><SFA><FILEPATH>c:\somepath\</FILEPATH><FILENAME>test188.cpp</FILENAME><LINE>12</LINE><COLUMN>18</COLUMN></SFA><SFA><FILEPATH>c:\somepath\</FILEPATH><FILENAME>test188.cpp</FILENAME><LINE>12</LINE><COLUMN>16</COLUMN></SFA><SFA><FILEPATH>c:\somepath\</FILEPATH><FILENAME>test188.cpp</FILENAME><LINE>13</LINE><COLUMN>20</COLUMN></SFA><SFA><FILEPATH>c:\somepath\</FILEPATH><FILENAME>test188.cpp</FILENAME><LINE>15</LINE><COLUMN>17</COLUMN></SFA><SFA><FILEPATH>c:\somepath\</FILEPATH><FILENAME>test188.cpp</FILENAME><LINE>16</LINE><COLUMN>11</COLUMN></SFA><SFA><FILEPATH>c:\somepath\</FILEPATH><FILENAME>test188.cpp</FILENAME><LINE>8</LINE><COLUMN>10</COLUMN></SFA><SFA><FILEPATH>c:\somepath\</FILEPATH><FILENAME>test188.cpp</FILENAME><LINE>9</LINE><COLUMN>15</COLUMN></SFA><SFA><FILEPATH>c:\somepath\</FILEPATH><FILENAME>test188.cpp</FILENAME><LINE>9</LINE><COLUMN>26</COLUMN></SFA><SFA><FILEPATH>c:\somepath\</FILEPATH><FILENAME>test188.cpp</FILENAME><LINE>10</LINE><COLUMN>19</COLUMN></SFA><SFA><FILEPATH>c:\somepath\</FILEPATH><FILENAME>test188.cpp</FILENAME><LINE>15</LINE><COLUMN>17</COLUMN></SFA><SFA><FILEPATH>c:\somepath\</FILEPATH><FILENAME>test188.cpp</FILENAME><LINE>16</LINE><COLUMN>11</COLUMN></SFA><SFA><FILEPATH>c:\somepath\</FILEPATH><FILENAME>test188.cpp</FILENAME><LINE>8</LINE><COLUMN>10</COLUMN></SFA><SFA><FILEPATH>c:\somepath\</FILEPATH><FILENAME>test188.cpp</FILENAME><LINE>9</LINE><COLUMN>15</COLUMN></SFA><SFA><FILEPATH>c:\somepath\</FILEPATH><FILENAME>test188.cpp</FILENAME><LINE>9</LINE><COLUMN>26</COLUMN></SFA><SFA><FILEPATH>c:\somepath\</FILEPATH><FILENAME>test188.cpp</FILENAME><LINE>10</LINE><COLUMN>19</COLUMN></SFA><SFA><FILEPATH>c:\somepath\</FILEPATH><FILENAME>test188.cpp</FILENAME><LINE>15</LINE><COLUMN>17</COLUMN></SFA></PATH></DEFECT></DEFECTS>
