<?xml version='1.0' encoding='UTF-8'?>
<DEFECTS><DEFECT><SFA><FILEPATH>c:\somepath\</FILEPATH><FILENAME>test040.cpp</FILENAME><LINE>58</LINE><COLUMN>7</COLUMN></SFA><DEFECTCODE>26000</DEFECTCODE><DESCRIPTION>Overflow using expression 'p[10]'
PREFAST_NEWLINE
Buffer p is a parameter to this function declared on line 55
PREFAST_NEWLINE
Buffer is of length offset(p)`55 + 40 bytes [from annotation SAL_writableTo(elementCount(_Old_(10))) at c:\somepath\test040.cpp(55)] OR
PREFAST_NEWLINE
  offset(p)`55 + 4*length`55 bytes [from annotation SAL_readableTo(elementCount(_Old_({parameter 2}))) at c:\somepath\test040.cpp(23) on function Assume called at line 57]
PREFAST_NEWLINE
Accessing 4 bytes starting at byte offset 40
PREFAST_NEWLINE

PREFAST_NEWLINE
Values of variables:
PREFAST_NEWLINE
Pointer p is at offset 0 bytes from the start of the buffer
PREFAST_NEWLINE

PREFAST_NEWLINE
where
PREFAST_NEWLINE
offset(p)`55 == 0
PREFAST_NEWLINE
length`55 &gt;= 0
PREFAST_NEWLINE

PREFAST_NEWLINE
There are other instances of this error:
PREFAST_NEWLINE
Potential overflow using expression 'p' at line 57
PREFAST_NEWLINE
</DESCRIPTION><FUNCTION>g</FUNCTION><DECORATED>?g@@YAXPAHI@Z</DECORATED><FUNCLINE>55</FUNCLINE><PATH><SFA><FILEPATH>c:\somepath\</FILEPATH><FILENAME>test040.cpp</FILENAME><LINE>55</LINE><COLUMN>5</COLUMN></SFA><SFA><FILEPATH>c:\somepath\</FILEPATH><FILENAME>test040.cpp</FILENAME><LINE>57</LINE><COLUMN>7</COLUMN></SFA><SFA><FILEPATH>c:\somepath\</FILEPATH><FILENAME>test040.cpp</FILENAME><LINE>58</LINE><COLUMN>7</COLUMN></SFA></PATH></DEFECT><DEFECT><SFA><FILEPATH>c:\somepath\</FILEPATH><FILENAME>test040.cpp</FILENAME><LINE>67</LINE><COLUMN>12</COLUMN></SFA><DEFECTCODE>26000</DEFECTCODE><DESCRIPTION>Overflow of null terminated buffer using expression 's[size]'
PREFAST_NEWLINE
Buffer s is a parameter to this function declared on line 61
PREFAST_NEWLINE
Buffer is of length nullpos(s)`66 + 1 bytes [length of zero terminated string] OR
PREFAST_NEWLINE
  offset(s)`61 + size`61 bytes [from annotation SAL_writableTo(elementCount(size)) at c:\somepath\test040.cpp(61)]
PREFAST_NEWLINE
Accessing the byte at byte offset size`61
PREFAST_NEWLINE

PREFAST_NEWLINE
Values of variables:
PREFAST_NEWLINE
Pointer s is at offset 0 bytes from the start of the buffer
PREFAST_NEWLINE
size = size`61
PREFAST_NEWLINE

PREFAST_NEWLINE
where
PREFAST_NEWLINE
offset(s)`61 == 0
PREFAST_NEWLINE
size`61 &gt;= 1
PREFAST_NEWLINE
size`61 &gt;= nullpos(s)`66 + 1
PREFAST_NEWLINE
</DESCRIPTION><FUNCTION>h</FUNCTION><DECORATED>?h@@YAXPADI@Z</DECORATED><FUNCLINE>61</FUNCLINE><PATH><SFA><FILEPATH>c:\somepath\</FILEPATH><FILENAME>test040.cpp</FILENAME><LINE>61</LINE><COLUMN>5</COLUMN></SFA><SFA><FILEPATH>c:\somepath\</FILEPATH><FILENAME>test040.cpp</FILENAME><LINE>63</LINE><COLUMN>8</COLUMN></SFA><SFA><FILEPATH>c:\somepath\</FILEPATH><FILENAME>test040.cpp</FILENAME><LINE>66</LINE><COLUMN>11</COLUMN></SFA><SFA><FILEPATH>c:\somepath\</FILEPATH><FILENAME>test040.cpp</FILENAME><LINE>67</LINE><COLUMN>12</COLUMN></SFA></PATH></DEFECT></DEFECTS>