<?xml version='1.0' encoding='UTF-8'?>
<DEFECTS><DEFECT><SFA><FILEPATH>c:\somepath\</FILEPATH><FILENAME>test168.cpp</FILENAME><LINE>17</LINE><COLUMN>10</COLUMN></SFA><DEFECTCODE>26000</DEFECTCODE><DESCRIPTION>Overflow using expression 'a[10]'
PREFAST_NEWLINE
Buffer accessed is a
PREFAST_NEWLINE
Buffer is of length 10 elements (4 bytes/element) [size of variable]
PREFAST_NEWLINE
Accessing the element (4 bytes/element) at element offset 10
PREFAST_NEWLINE
</DESCRIPTION><FUNCTION>TestSetToNull</FUNCTION><DECORATED>?TestSetToNull@@YAXXZ</DECORATED><FUNCLINE>9</FUNCLINE><PATH><SFA><FILEPATH>c:\somepath\</FILEPATH><FILENAME>test168.cpp</FILENAME><LINE>9</LINE><COLUMN>5</COLUMN></SFA><SFA><FILEPATH>c:\somepath\</FILEPATH><FILENAME>test168.cpp</FILENAME><LINE>11</LINE><COLUMN>8</COLUMN></SFA><SFA><FILEPATH>c:\somepath\</FILEPATH><FILENAME>test168.cpp</FILENAME><LINE>12</LINE><COLUMN>10</COLUMN></SFA><SFA><FILEPATH>c:\somepath\</FILEPATH><FILENAME>test168.cpp</FILENAME><LINE>14</LINE><COLUMN>13</COLUMN></SFA><SFA><FILEPATH>c:\somepath\</FILEPATH><FILENAME>test168.cpp</FILENAME><LINE>15</LINE><COLUMN>8</COLUMN></SFA><SFA><FILEPATH>c:\somepath\</FILEPATH><FILENAME>test168.cpp</FILENAME><LINE>17</LINE><COLUMN>10</COLUMN></SFA></PATH></DEFECT><DEFECT><SFA><FILEPATH>c:\somepath\</FILEPATH><FILENAME>test168.cpp</FILENAME><LINE>28</LINE><COLUMN>10</COLUMN></SFA><DEFECTCODE>26000</DEFECTCODE><DESCRIPTION>Overflow using expression 'a[10]'
PREFAST_NEWLINE
Buffer accessed is a
PREFAST_NEWLINE
Buffer is of length 10 elements (4 bytes/element) [size of variable]
PREFAST_NEWLINE
Accessing the element (4 bytes/element) at element offset 10
PREFAST_NEWLINE
</DESCRIPTION><FUNCTION>TestSetToZero</FUNCTION><DECORATED>?TestSetToZero@@YAXXZ</DECORATED><FUNCLINE>20</FUNCLINE><PATH><SFA><FILEPATH>c:\somepath\</FILEPATH><FILENAME>test168.cpp</FILENAME><LINE>20</LINE><COLUMN>5</COLUMN></SFA><SFA><FILEPATH>c:\somepath\</FILEPATH><FILENAME>test168.cpp</FILENAME><LINE>22</LINE><COLUMN>8</COLUMN></SFA><SFA><FILEPATH>c:\somepath\</FILEPATH><FILENAME>test168.cpp</FILENAME><LINE>23</LINE><COLUMN>10</COLUMN></SFA><SFA><FILEPATH>c:\somepath\</FILEPATH><FILENAME>test168.cpp</FILENAME><LINE>25</LINE><COLUMN>13</COLUMN></SFA><SFA><FILEPATH>c:\somepath\</FILEPATH><FILENAME>test168.cpp</FILENAME><LINE>26</LINE><COLUMN>8</COLUMN></SFA><SFA><FILEPATH>c:\somepath\</FILEPATH><FILENAME>test168.cpp</FILENAME><LINE>28</LINE><COLUMN>10</COLUMN></SFA></PATH></DEFECT></DEFECTS>