<?xml version='1.0' encoding='UTF-8'?>
<DEFECTS><DEFECT><SFA><FILEPATH>c:\somepath\</FILEPATH><FILENAME>test186.cpp</FILENAME><LINE>11</LINE><COLUMN>19</COLUMN></SFA><DEFECTCODE>26015</DEFECTCODE><DESCRIPTION>Potential overflow using expression 'a[count ++]'
PREFAST_NEWLINE
Buffer access is apparently unbounded by the buffer size.  
PREFAST_NEWLINE

PREFAST_NEWLINE
In particular: {loop iterations}'9 is not constrained by any constant
PREFAST_NEWLINE

PREFAST_NEWLINE
Buffer accessed is a
PREFAST_NEWLINE
Buffer is of length 100 bytes [size of variable]
PREFAST_NEWLINE
Accessing the byte at byte offset {loop iterations}'9 + 2
PREFAST_NEWLINE

PREFAST_NEWLINE
Values of variables:
PREFAST_NEWLINE
count = {loop iterations}'9 + 3
PREFAST_NEWLINE

PREFAST_NEWLINE
where
PREFAST_NEWLINE
{loop iterations}'9 &gt;= 0
PREFAST_NEWLINE

PREFAST_NEWLINE
Overrun access occurs when
PREFAST_NEWLINE
{loop iterations}'9 &gt;= 98
PREFAST_NEWLINE
</DESCRIPTION><FUNCTION>obvious</FUNCTION><DECORATED>?obvious@@YAXXZ</DECORATED><FUNCLINE>5</FUNCLINE><PATH><SFA><FILEPATH>c:\somepath\</FILEPATH><FILENAME>test186.cpp</FILENAME><LINE>5</LINE><COLUMN>5</COLUMN></SFA><SFA><FILEPATH>c:\somepath\</FILEPATH><FILENAME>test186.cpp</FILENAME><LINE>7</LINE><COLUMN>11</COLUMN></SFA><SFA><FILEPATH>c:\somepath\</FILEPATH><FILENAME>test186.cpp</FILENAME><LINE>7</LINE><COLUMN>19</COLUMN></SFA><SFA><FILEPATH>c:\somepath\</FILEPATH><FILENAME>test186.cpp</FILENAME><LINE>8</LINE><COLUMN>9</COLUMN></SFA><SFA><FILEPATH>c:\somepath\</FILEPATH><FILENAME>test186.cpp</FILENAME><LINE>9</LINE><COLUMN>11</COLUMN></SFA><SFA><FILEPATH>c:\somepath\</FILEPATH><FILENAME>test186.cpp</FILENAME><LINE>11</LINE><COLUMN>19</COLUMN></SFA><SFA><FILEPATH>c:\somepath\</FILEPATH><FILENAME>test186.cpp</FILENAME><LINE>9</LINE><COLUMN>11</COLUMN></SFA><SFA><FILEPATH>c:\somepath\</FILEPATH><FILENAME>test186.cpp</FILENAME><LINE>11</LINE><COLUMN>19</COLUMN></SFA><SFA><FILEPATH>c:\somepath\</FILEPATH><FILENAME>test186.cpp</FILENAME><LINE>9</LINE><COLUMN>11</COLUMN></SFA><SFA><FILEPATH>c:\somepath\</FILEPATH><FILENAME>test186.cpp</FILENAME><LINE>11</LINE><COLUMN>19</COLUMN></SFA><SFA><FILEPATH>c:\somepath\</FILEPATH><FILENAME>test186.cpp</FILENAME><LINE>9</LINE><COLUMN>11</COLUMN></SFA><SFA><FILEPATH>c:\somepath\</FILEPATH><FILENAME>test186.cpp</FILENAME><LINE>11</LINE><COLUMN>19</COLUMN></SFA></PATH></DEFECT><DEFECT><SFA><FILEPATH>c:\somepath\</FILEPATH><FILENAME>test186.cpp</FILENAME><LINE>23</LINE><COLUMN>23</COLUMN></SFA><DEFECTCODE>26015</DEFECTCODE><DESCRIPTION>Potential overflow using expression 'a[count ++]'
PREFAST_NEWLINE
Buffer access is apparently unbounded by the buffer size.  
PREFAST_NEWLINE

PREFAST_NEWLINE
In particular: count`19 is not constrained by any constant
PREFAST_NEWLINE

PREFAST_NEWLINE
Buffer accessed is a
PREFAST_NEWLINE
Buffer is of length 100 bytes [size of variable]
PREFAST_NEWLINE
Accessing the byte at byte offset count`19
PREFAST_NEWLINE

PREFAST_NEWLINE
Values of variables:
PREFAST_NEWLINE
count = count`19 + 1
PREFAST_NEWLINE

PREFAST_NEWLINE
where
PREFAST_NEWLINE
count`19 &lt;= {loop iterations}'19 + 1
PREFAST_NEWLINE
count`19 &gt;= 0
PREFAST_NEWLINE

PREFAST_NEWLINE
Overrun access occurs when
PREFAST_NEWLINE
count`19 &gt;= 100
PREFAST_NEWLINE
</DESCRIPTION><FUNCTION>with_condition</FUNCTION><DECORATED>?with_condition@@YAXXZ</DECORATED><FUNCLINE>15</FUNCLINE><PATH><SFA><FILEPATH>c:\somepath\</FILEPATH><FILENAME>test186.cpp</FILENAME><LINE>15</LINE><COLUMN>5</COLUMN></SFA><SFA><FILEPATH>c:\somepath\</FILEPATH><FILENAME>test186.cpp</FILENAME><LINE>17</LINE><COLUMN>11</COLUMN></SFA><SFA><FILEPATH>c:\somepath\</FILEPATH><FILENAME>test186.cpp</FILENAME><LINE>17</LINE><COLUMN>19</COLUMN></SFA><SFA><FILEPATH>c:\somepath\</FILEPATH><FILENAME>test186.cpp</FILENAME><LINE>18</LINE><COLUMN>9</COLUMN></SFA><SFA><FILEPATH>c:\somepath\</FILEPATH><FILENAME>test186.cpp</FILENAME><LINE>19</LINE><COLUMN>11</COLUMN></SFA><SFA><FILEPATH>c:\somepath\</FILEPATH><FILENAME>test186.cpp</FILENAME><LINE>21</LINE><COLUMN>15</COLUMN></SFA><SFA><FILEPATH>c:\somepath\</FILEPATH><FILENAME>test186.cpp</FILENAME><LINE>21</LINE><COLUMN>15</COLUMN></SFA><SFA><FILEPATH>c:\somepath\</FILEPATH><FILENAME>test186.cpp</FILENAME><LINE>19</LINE><COLUMN>11</COLUMN></SFA><SFA><FILEPATH>c:\somepath\</FILEPATH><FILENAME>test186.cpp</FILENAME><LINE>21</LINE><COLUMN>15</COLUMN></SFA><SFA><FILEPATH>c:\somepath\</FILEPATH><FILENAME>test186.cpp</FILENAME><LINE>21</LINE><COLUMN>15</COLUMN></SFA><SFA><FILEPATH>c:\somepath\</FILEPATH><FILENAME>test186.cpp</FILENAME><LINE>23</LINE><COLUMN>23</COLUMN></SFA><SFA><FILEPATH>c:\somepath\</FILEPATH><FILENAME>test186.cpp</FILENAME><LINE>19</LINE><COLUMN>11</COLUMN></SFA><SFA><FILEPATH>c:\somepath\</FILEPATH><FILENAME>test186.cpp</FILENAME><LINE>21</LINE><COLUMN>15</COLUMN></SFA><SFA><FILEPATH>c:\somepath\</FILEPATH><FILENAME>test186.cpp</FILENAME><LINE>21</LINE><COLUMN>15</COLUMN></SFA><SFA><FILEPATH>c:\somepath\</FILEPATH><FILENAME>test186.cpp</FILENAME><LINE>19</LINE><COLUMN>11</COLUMN></SFA><SFA><FILEPATH>c:\somepath\</FILEPATH><FILENAME>test186.cpp</FILENAME><LINE>21</LINE><COLUMN>15</COLUMN></SFA><SFA><FILEPATH>c:\somepath\</FILEPATH><FILENAME>test186.cpp</FILENAME><LINE>21</LINE><COLUMN>15</COLUMN></SFA><SFA><FILEPATH>c:\somepath\</FILEPATH><FILENAME>test186.cpp</FILENAME><LINE>23</LINE><COLUMN>23</COLUMN></SFA></PATH></DEFECT></DEFECTS>