<?xml version='1.0' encoding='UTF-8'?>
<DEFECTS><DEFECT><SFA><FILEPATH>c:\somepath\</FILEPATH><FILENAME>test017.cpp</FILENAME><LINE>50</LINE><COLUMN>28</COLUMN></SFA><DEFECTCODE>26000</DEFECTCODE><DESCRIPTION>Overflow using expression 'buf4[2]'
PREFAST_NEWLINE
Buffer result.new created during call to operator new on line 47
PREFAST_NEWLINE
Buffer is of length 4 bytes [from annotation _Post_writable_byte_size_(byteCount({parameter 1})) on function operator new called at line 47]
PREFAST_NEWLINE
Accessing 4 bytes starting at byte offset 8
PREFAST_NEWLINE

PREFAST_NEWLINE
Values of variables:
PREFAST_NEWLINE
Pointer buf4 is at offset 0 bytes from the start of the buffer
PREFAST_NEWLINE
</DESCRIPTION><FUNCTION>main</FUNCTION><DECORATED>main</DECORATED><FUNCLINE>27</FUNCLINE><PATH><SFA><FILEPATH>c:\somepath\</FILEPATH><FILENAME>test017.cpp</FILENAME><LINE>27</LINE><COLUMN>8</COLUMN></SFA><SFA><FILEPATH>c:\somepath\</FILEPATH><FILENAME>test017.cpp</FILENAME><LINE>29</LINE><COLUMN>18</COLUMN></SFA><SFA><FILEPATH>c:\somepath\</FILEPATH><FILENAME>test017.cpp</FILENAME><LINE>31</LINE><COLUMN>8</COLUMN></SFA><SFA><FILEPATH>c:\somepath\</FILEPATH><FILENAME>test017.cpp</FILENAME><LINE>31</LINE><COLUMN>29</COLUMN></SFA><SFA><FILEPATH>c:\somepath\</FILEPATH><FILENAME>test017.cpp</FILENAME><LINE>31</LINE><COLUMN>15</COLUMN></SFA><SFA><FILEPATH>c:\somepath\</FILEPATH><FILENAME>test017.cpp</FILENAME><LINE>32</LINE><COLUMN>8</COLUMN></SFA><SFA><FILEPATH>c:\somepath\</FILEPATH><FILENAME>test017.cpp</FILENAME><LINE>34</LINE><COLUMN>12</COLUMN></SFA><SFA><FILEPATH>c:\somepath\</FILEPATH><FILENAME>test017.cpp</FILENAME><LINE>34</LINE><COLUMN>20</COLUMN></SFA><SFA><FILEPATH>c:\somepath\</FILEPATH><FILENAME>test017.cpp</FILENAME><LINE>34</LINE><COLUMN>20</COLUMN></SFA><SFA><FILEPATH>c:\somepath\</FILEPATH><FILENAME>test017.cpp</FILENAME><LINE>35</LINE><COLUMN>12</COLUMN></SFA><SFA><FILEPATH>c:\somepath\</FILEPATH><FILENAME>test017.cpp</FILENAME><LINE>37</LINE><COLUMN>16</COLUMN></SFA><SFA><FILEPATH>c:\somepath\</FILEPATH><FILENAME>test017.cpp</FILENAME><LINE>37</LINE><COLUMN>36</COLUMN></SFA><SFA><FILEPATH>c:\somepath\</FILEPATH><FILENAME>test017.cpp</FILENAME><LINE>38</LINE><COLUMN>16</COLUMN></SFA><SFA><FILEPATH>c:\somepath\</FILEPATH><FILENAME>test017.cpp</FILENAME><LINE>38</LINE><COLUMN>40</COLUMN></SFA><SFA><FILEPATH>c:\somepath\</FILEPATH><FILENAME>test017.cpp</FILENAME><LINE>39</LINE><COLUMN>25</COLUMN></SFA><SFA><FILEPATH>c:\somepath\</FILEPATH><FILENAME>test017.cpp</FILENAME><LINE>41</LINE><COLUMN>16</COLUMN></SFA><SFA><FILEPATH>c:\somepath\</FILEPATH><FILENAME>test017.cpp</FILENAME><LINE>41</LINE><COLUMN>38</COLUMN></SFA><SFA><FILEPATH>c:\somepath\</FILEPATH><FILENAME>test017.cpp</FILENAME><LINE>41</LINE><COLUMN>24</COLUMN></SFA><SFA><FILEPATH>c:\somepath\</FILEPATH><FILENAME>test017.cpp</FILENAME><LINE>42</LINE><COLUMN>16</COLUMN></SFA><SFA><FILEPATH>c:\somepath\</FILEPATH><FILENAME>test017.cpp</FILENAME><LINE>44</LINE><COLUMN>22</COLUMN></SFA><SFA><FILEPATH>c:\somepath\</FILEPATH><FILENAME>test017.cpp</FILENAME><LINE>45</LINE><COLUMN>24</COLUMN></SFA><SFA><FILEPATH>c:\somepath\</FILEPATH><FILENAME>test017.cpp</FILENAME><LINE>47</LINE><COLUMN>20</COLUMN></SFA><SFA><FILEPATH>c:\somepath\</FILEPATH><FILENAME>test017.cpp</FILENAME><LINE>47</LINE><COLUMN>28</COLUMN></SFA><SFA><FILEPATH>c:\somepath\</FILEPATH><FILENAME>test017.cpp</FILENAME><LINE>47</LINE><COLUMN>28</COLUMN></SFA><SFA><FILEPATH>c:\somepath\</FILEPATH><FILENAME>test017.cpp</FILENAME><LINE>48</LINE><COLUMN>20</COLUMN></SFA><SFA><FILEPATH>c:\somepath\</FILEPATH><FILENAME>test017.cpp</FILENAME><LINE>50</LINE><COLUMN>28</COLUMN></SFA></PATH></DEFECT><DEFECT><SFA><FILEPATH>c:\somepath\</FILEPATH><FILENAME>test017.cpp</FILENAME><LINE>56</LINE><COLUMN>26</COLUMN></SFA><DEFECTCODE>26000</DEFECTCODE><DESCRIPTION>Overflow using expression '(void *)widgets'
PREFAST_NEWLINE
Buffer result.new[] created during call to Widget::operator new[] on line 53
PREFAST_NEWLINE
Buffer is of length 5 bytes [from annotation _Post_writable_byte_size_(byteCount({parameter 1})) on function Widget::operator new[] called at line 53]
PREFAST_NEWLINE
Accessing 10 bytes starting at byte offset 0
PREFAST_NEWLINE
Annotation on function memcpy requires that {parameter 1} is of length &gt;= {parameter 3} bytes
PREFAST_NEWLINE
  where {parameter 1} is (void *)widgets; {parameter 3} is 10
PREFAST_NEWLINE
[Annotation _Out_(byteCount({parameter 3}))]
PREFAST_NEWLINE

PREFAST_NEWLINE

PREFAST_NEWLINE
Values of variables:
PREFAST_NEWLINE
Pointer widgets is at offset 0 bytes from the start of the buffer
PREFAST_NEWLINE
</DESCRIPTION><FUNCTION>main</FUNCTION><DECORATED>main</DECORATED><FUNCLINE>27</FUNCLINE><PATH><SFA><FILEPATH>c:\somepath\</FILEPATH><FILENAME>test017.cpp</FILENAME><LINE>27</LINE><COLUMN>8</COLUMN></SFA><SFA><FILEPATH>c:\somepath\</FILEPATH><FILENAME>test017.cpp</FILENAME><LINE>29</LINE><COLUMN>18</COLUMN></SFA><SFA><FILEPATH>c:\somepath\</FILEPATH><FILENAME>test017.cpp</FILENAME><LINE>31</LINE><COLUMN>8</COLUMN></SFA><SFA><FILEPATH>c:\somepath\</FILEPATH><FILENAME>test017.cpp</FILENAME><LINE>31</LINE><COLUMN>29</COLUMN></SFA><SFA><FILEPATH>c:\somepath\</FILEPATH><FILENAME>test017.cpp</FILENAME><LINE>31</LINE><COLUMN>15</COLUMN></SFA><SFA><FILEPATH>c:\somepath\</FILEPATH><FILENAME>test017.cpp</FILENAME><LINE>32</LINE><COLUMN>8</COLUMN></SFA><SFA><FILEPATH>c:\somepath\</FILEPATH><FILENAME>test017.cpp</FILENAME><LINE>34</LINE><COLUMN>12</COLUMN></SFA><SFA><FILEPATH>c:\somepath\</FILEPATH><FILENAME>test017.cpp</FILENAME><LINE>34</LINE><COLUMN>20</COLUMN></SFA><SFA><FILEPATH>c:\somepath\</FILEPATH><FILENAME>test017.cpp</FILENAME><LINE>34</LINE><COLUMN>20</COLUMN></SFA><SFA><FILEPATH>c:\somepath\</FILEPATH><FILENAME>test017.cpp</FILENAME><LINE>35</LINE><COLUMN>12</COLUMN></SFA><SFA><FILEPATH>c:\somepath\</FILEPATH><FILENAME>test017.cpp</FILENAME><LINE>37</LINE><COLUMN>16</COLUMN></SFA><SFA><FILEPATH>c:\somepath\</FILEPATH><FILENAME>test017.cpp</FILENAME><LINE>37</LINE><COLUMN>36</COLUMN></SFA><SFA><FILEPATH>c:\somepath\</FILEPATH><FILENAME>test017.cpp</FILENAME><LINE>38</LINE><COLUMN>16</COLUMN></SFA><SFA><FILEPATH>c:\somepath\</FILEPATH><FILENAME>test017.cpp</FILENAME><LINE>38</LINE><COLUMN>40</COLUMN></SFA><SFA><FILEPATH>c:\somepath\</FILEPATH><FILENAME>test017.cpp</FILENAME><LINE>39</LINE><COLUMN>25</COLUMN></SFA><SFA><FILEPATH>c:\somepath\</FILEPATH><FILENAME>test017.cpp</FILENAME><LINE>41</LINE><COLUMN>16</COLUMN></SFA><SFA><FILEPATH>c:\somepath\</FILEPATH><FILENAME>test017.cpp</FILENAME><LINE>41</LINE><COLUMN>38</COLUMN></SFA><SFA><FILEPATH>c:\somepath\</FILEPATH><FILENAME>test017.cpp</FILENAME><LINE>41</LINE><COLUMN>24</COLUMN></SFA><SFA><FILEPATH>c:\somepath\</FILEPATH><FILENAME>test017.cpp</FILENAME><LINE>42</LINE><COLUMN>16</COLUMN></SFA><SFA><FILEPATH>c:\somepath\</FILEPATH><FILENAME>test017.cpp</FILENAME><LINE>44</LINE><COLUMN>22</COLUMN></SFA><SFA><FILEPATH>c:\somepath\</FILEPATH><FILENAME>test017.cpp</FILENAME><LINE>45</LINE><COLUMN>24</COLUMN></SFA><SFA><FILEPATH>c:\somepath\</FILEPATH><FILENAME>test017.cpp</FILENAME><LINE>47</LINE><COLUMN>20</COLUMN></SFA><SFA><FILEPATH>c:\somepath\</FILEPATH><FILENAME>test017.cpp</FILENAME><LINE>47</LINE><COLUMN>28</COLUMN></SFA><SFA><FILEPATH>c:\somepath\</FILEPATH><FILENAME>test017.cpp</FILENAME><LINE>47</LINE><COLUMN>28</COLUMN></SFA><SFA><FILEPATH>c:\somepath\</FILEPATH><FILENAME>test017.cpp</FILENAME><LINE>48</LINE><COLUMN>20</COLUMN></SFA><SFA><FILEPATH>c:\somepath\</FILEPATH><FILENAME>test017.cpp</FILENAME><LINE>53</LINE><COLUMN>23</COLUMN></SFA><SFA><FILEPATH>c:\somepath\</FILEPATH><FILENAME>test017.cpp</FILENAME><LINE>53</LINE><COLUMN>34</COLUMN></SFA><SFA><FILEPATH>c:\somepath\</FILEPATH><FILENAME>test017.cpp</FILENAME><LINE>53</LINE><COLUMN>34</COLUMN></SFA><SFA><FILEPATH>c:\somepath\</FILEPATH><FILENAME>test017.cpp</FILENAME><LINE>54</LINE><COLUMN>20</COLUMN></SFA><SFA><FILEPATH>c:\somepath\</FILEPATH><FILENAME>test017.cpp</FILENAME><LINE>56</LINE><COLUMN>26</COLUMN></SFA></PATH></DEFECT></DEFECTS>
