<?xml version='1.0' encoding='UTF-8'?>
<DEFECTS><DEFECT><SFA><FILEPATH>c:\somepath\</FILEPATH><FILENAME>test062.cpp</FILENAME><LINE>20</LINE><COLUMN>32</COLUMN></SFA><DEFECTCODE>26014</DEFECTCODE><DESCRIPTION>Potential overflow using expression '(* ppwszOutput)[(int )iOutput]'
PREFAST_NEWLINE
This is likely to be due to incorrect or insufficient validation of the buffer access
PREFAST_NEWLINE
Buffer (*ppwszOutput) is a parameter to this function declared on line 8
PREFAST_NEWLINE
Buffer is of length offset((*ppwszOutput))`8 + 2*(*pcOutput)`8 bytes [from annotation SAL_writableTo(elementCount(* pcOutput)) at c:\somepath\test062.cpp(8)]
PREFAST_NEWLINE
Accessing 2 bytes starting at byte offset 2
PREFAST_NEWLINE

PREFAST_NEWLINE
Values of variables:
PREFAST_NEWLINE
Pointer (*ppwszOutput) is at offset 0 bytes from the start of the buffer
PREFAST_NEWLINE
Pointer ppwszOutput is at offset 0 bytes from the start of ppwszOutput
PREFAST_NEWLINE
iOutput = 1
PREFAST_NEWLINE

PREFAST_NEWLINE
where
PREFAST_NEWLINE
offset((*ppwszOutput))`8 == 0
PREFAST_NEWLINE
offset(pszText)`8 == 0
PREFAST_NEWLINE
{loop iterations}'17 == 0
PREFAST_NEWLINE
(*pcOutput)`8 &gt;= 1
PREFAST_NEWLINE
nullpos(pszText)`8 &gt;= 3
PREFAST_NEWLINE

PREFAST_NEWLINE
Overrun access occurs when
PREFAST_NEWLINE
(*pcOutput)`8 == 1
PREFAST_NEWLINE
</DESCRIPTION><FUNCTION>WriteOutput</FUNCTION><DECORATED>?WriteOutput@@YAHPADPAPAGPAF@Z</DECORATED><FUNCLINE>8</FUNCLINE><PATH><SFA><FILEPATH>c:\somepath\</FILEPATH><FILENAME>test062.cpp</FILENAME><LINE>8</LINE><COLUMN>5</COLUMN></SFA><SFA><FILEPATH>c:\somepath\</FILEPATH><FILENAME>test062.cpp</FILENAME><LINE>14</LINE><COLUMN>10</COLUMN></SFA><SFA><FILEPATH>c:\somepath\</FILEPATH><FILENAME>test062.cpp</FILENAME><LINE>14</LINE><COLUMN>17</COLUMN></SFA><SFA><FILEPATH>c:\somepath\</FILEPATH><FILENAME>test062.cpp</FILENAME><LINE>17</LINE><COLUMN>15</COLUMN></SFA><SFA><FILEPATH>c:\somepath\</FILEPATH><FILENAME>test062.cpp</FILENAME><LINE>17</LINE><COLUMN>18</COLUMN></SFA><SFA><FILEPATH>c:\somepath\</FILEPATH><FILENAME>test062.cpp</FILENAME><LINE>17</LINE><COLUMN>46</COLUMN></SFA><SFA><FILEPATH>c:\somepath\</FILEPATH><FILENAME>test062.cpp</FILENAME><LINE>19</LINE><COLUMN>20</COLUMN></SFA><SFA><FILEPATH>c:\somepath\</FILEPATH><FILENAME>test062.cpp</FILENAME><LINE>20</LINE><COLUMN>32</COLUMN></SFA><SFA><FILEPATH>c:\somepath\</FILEPATH><FILENAME>test062.cpp</FILENAME><LINE>17</LINE><COLUMN>59</COLUMN></SFA><SFA><FILEPATH>c:\somepath\</FILEPATH><FILENAME>test062.cpp</FILENAME><LINE>17</LINE><COLUMN>61</COLUMN></SFA><SFA><FILEPATH>c:\somepath\</FILEPATH><FILENAME>test062.cpp</FILENAME><LINE>17</LINE><COLUMN>46</COLUMN></SFA><SFA><FILEPATH>c:\somepath\</FILEPATH><FILENAME>test062.cpp</FILENAME><LINE>19</LINE><COLUMN>20</COLUMN></SFA><SFA><FILEPATH>c:\somepath\</FILEPATH><FILENAME>test062.cpp</FILENAME><LINE>20</LINE><COLUMN>32</COLUMN></SFA></PATH></DEFECT><DEFECT><SFA><FILEPATH>c:\somepath\</FILEPATH><FILENAME>test062.cpp</FILENAME><LINE>39</LINE><COLUMN>31</COLUMN></SFA><DEFECTCODE>26000</DEFECTCODE><DESCRIPTION>Read overflow using expression 'wstr[(int )len]'
PREFAST_NEWLINE
Buffer wstr created during call to WriteOutput on line 37
PREFAST_NEWLINE
Buffer is of length 2*len`37a bytes [from annotation SAL_writableTo(elementCount(* {parameter 3})) at c:\somepath\test062.cpp(8) on function WriteOutput called at line 37]
PREFAST_NEWLINE
Accessing 2 bytes starting at byte offset 2*len`37a
PREFAST_NEWLINE

PREFAST_NEWLINE
Values of variables:
PREFAST_NEWLINE
Pointer wstr is at offset 0 bytes from the start of the buffer
PREFAST_NEWLINE
len = len`37a
PREFAST_NEWLINE

PREFAST_NEWLINE
where
PREFAST_NEWLINE
offset(wstr)`37a == 0
PREFAST_NEWLINE
len`37a &gt;= 1
PREFAST_NEWLINE
</DESCRIPTION><FUNCTION>main</FUNCTION><DECORATED>main</DECORATED><FUNCLINE>29</FUNCLINE><PATH><SFA><FILEPATH>c:\somepath\</FILEPATH><FILENAME>test062.cpp</FILENAME><LINE>29</LINE><COLUMN>5</COLUMN></SFA><SFA><FILEPATH>c:\somepath\</FILEPATH><FILENAME>test062.cpp</FILENAME><LINE>31</LINE><COLUMN>10</COLUMN></SFA><SFA><FILEPATH>c:\somepath\</FILEPATH><FILENAME>test062.cpp</FILENAME><LINE>31</LINE><COLUMN>16</COLUMN></SFA><SFA><FILEPATH>c:\somepath\</FILEPATH><FILENAME>test062.cpp</FILENAME><LINE>32</LINE><COLUMN>10</COLUMN></SFA><SFA><FILEPATH>c:\somepath\</FILEPATH><FILENAME>test062.cpp</FILENAME><LINE>32</LINE><COLUMN>22</COLUMN></SFA><SFA><FILEPATH>c:\somepath\</FILEPATH><FILENAME>test062.cpp</FILENAME><LINE>32</LINE><COLUMN>22</COLUMN></SFA><SFA><FILEPATH>c:\somepath\</FILEPATH><FILENAME>test062.cpp</FILENAME><LINE>33</LINE><COLUMN>4</COLUMN></SFA><SFA><FILEPATH>c:\somepath\</FILEPATH><FILENAME>test062.cpp</FILENAME><LINE>34</LINE><COLUMN>11</COLUMN></SFA><SFA><FILEPATH>c:\somepath\</FILEPATH><FILENAME>test062.cpp</FILENAME><LINE>34</LINE><COLUMN>32</COLUMN></SFA><SFA><FILEPATH>c:\somepath\</FILEPATH><FILENAME>test062.cpp</FILENAME><LINE>34</LINE><COLUMN>18</COLUMN></SFA><SFA><FILEPATH>c:\somepath\</FILEPATH><FILENAME>test062.cpp</FILENAME><LINE>35</LINE><COLUMN>8</COLUMN></SFA><SFA><FILEPATH>c:\somepath\</FILEPATH><FILENAME>test062.cpp</FILENAME><LINE>37</LINE><COLUMN>13</COLUMN></SFA><SFA><FILEPATH>c:\somepath\</FILEPATH><FILENAME>test062.cpp</FILENAME><LINE>37</LINE><COLUMN>36</COLUMN></SFA><SFA><FILEPATH>c:\somepath\</FILEPATH><FILENAME>test062.cpp</FILENAME><LINE>37</LINE><COLUMN>36</COLUMN></SFA><SFA><FILEPATH>c:\somepath\</FILEPATH><FILENAME>test062.cpp</FILENAME><LINE>38</LINE><COLUMN>12</COLUMN></SFA><SFA><FILEPATH>c:\somepath\</FILEPATH><FILENAME>test062.cpp</FILENAME><LINE>39</LINE><COLUMN>18</COLUMN></SFA><SFA><FILEPATH>c:\somepath\</FILEPATH><FILENAME>test062.cpp</FILENAME><LINE>39</LINE><COLUMN>31</COLUMN></SFA></PATH></DEFECT></DEFECTS>