<?xml version='1.0' encoding='UTF-8'?>
<DEFECTS><DEFECT><SFA><FILEPATH>c:\somepath\</FILEPATH><FILENAME>test117.cpp</FILENAME><LINE>31</LINE><COLUMN>22</COLUMN></SFA><DEFECTCODE>26000</DEFECTCODE><DESCRIPTION>Overflow using expression 'p[20]'
PREFAST_NEWLINE
Buffer result.new[] created during call to operator new[] on line 20
PREFAST_NEWLINE
Buffer is of length 80 bytes [from annotation _Post_writable_byte_size_(byteCount({parameter 1})) on function operator new[] called at line 20]
PREFAST_NEWLINE
Accessing 4 bytes starting at byte offset 80
PREFAST_NEWLINE

PREFAST_NEWLINE
Values of variables:
PREFAST_NEWLINE
Pointer p is at offset 0 bytes from the start of the buffer
PREFAST_NEWLINE
</DESCRIPTION><FUNCTION>foo</FUNCTION><DECORATED>?foo@@YAPAHH@Z</DECORATED><FUNCLINE>4</FUNCLINE><PATH><SFA><FILEPATH>c:\somepath\</FILEPATH><FILENAME>test117.cpp</FILENAME><LINE>4</LINE><COLUMN>5</COLUMN></SFA><SFA><FILEPATH>c:\somepath\</FILEPATH><FILENAME>test117.cpp</FILENAME><LINE>9</LINE><COLUMN>6</COLUMN></SFA><SFA><FILEPATH>c:\somepath\</FILEPATH><FILENAME>test117.cpp</FILENAME><LINE>11</LINE><COLUMN>9</COLUMN></SFA><SFA><FILEPATH>c:\somepath\</FILEPATH><FILENAME>test117.cpp</FILENAME><LINE>11</LINE><COLUMN>13</COLUMN></SFA><SFA><FILEPATH>c:\somepath\</FILEPATH><FILENAME>test117.cpp</FILENAME><LINE>12</LINE><COLUMN>8</COLUMN></SFA><SFA><FILEPATH>c:\somepath\</FILEPATH><FILENAME>test117.cpp</FILENAME><LINE>19</LINE><COLUMN>10</COLUMN></SFA><SFA><FILEPATH>c:\somepath\</FILEPATH><FILENAME>test117.cpp</FILENAME><LINE>20</LINE><COLUMN>12</COLUMN></SFA><SFA><FILEPATH>c:\somepath\</FILEPATH><FILENAME>test117.cpp</FILENAME><LINE>20</LINE><COLUMN>10</COLUMN></SFA><SFA><FILEPATH>c:\somepath\</FILEPATH><FILENAME>test117.cpp</FILENAME><LINE>23</LINE><COLUMN>8</COLUMN></SFA><SFA><FILEPATH>c:\somepath\</FILEPATH><FILENAME>test117.cpp</FILENAME><LINE>25</LINE><COLUMN>8</COLUMN></SFA><SFA><FILEPATH>c:\somepath\</FILEPATH><FILENAME>test117.cpp</FILENAME><LINE>31</LINE><COLUMN>22</COLUMN></SFA></PATH></DEFECT><DEFECT><SFA><FILEPATH>c:\somepath\</FILEPATH><FILENAME>test117.cpp</FILENAME><LINE>133</LINE><COLUMN>24</COLUMN></SFA><DEFECTCODE>26000</DEFECTCODE><DESCRIPTION>Overflow using expression '* ((double *)p)'
PREFAST_NEWLINE
Buffer result.new[] created during call to operator new[] on line 108
PREFAST_NEWLINE
Buffer is of length 4 bytes [from annotation _Post_writable_byte_size_(byteCount({parameter 1})) on function operator new[] called at line 108]
PREFAST_NEWLINE
Accessing 8 bytes starting at byte offset 4
PREFAST_NEWLINE

PREFAST_NEWLINE
Values of variables:
PREFAST_NEWLINE
Pointer p is at offset 4 bytes from the start of the buffer
PREFAST_NEWLINE

PREFAST_NEWLINE
There are other instances of this error:
PREFAST_NEWLINE
Overflow using expression '* ((double *)p)' at line 135
PREFAST_NEWLINE
</DESCRIPTION><FUNCTION>foo2b</FUNCTION><DECORATED>?foo2b@@YAPADW4TT@@@Z</DECORATED><FUNCLINE>90</FUNCLINE><PATH><SFA><FILEPATH>c:\somepath\</FILEPATH><FILENAME>test117.cpp</FILENAME><LINE>90</LINE><COLUMN>7</COLUMN></SFA><SFA><FILEPATH>c:\somepath\</FILEPATH><FILENAME>test117.cpp</FILENAME><LINE>92</LINE><COLUMN>11</COLUMN></SFA><SFA><FILEPATH>c:\somepath\</FILEPATH><FILENAME>test117.cpp</FILENAME><LINE>92</LINE><COLUMN>18</COLUMN></SFA><SFA><FILEPATH>c:\somepath\</FILEPATH><FILENAME>test117.cpp</FILENAME><LINE>94</LINE><COLUMN>4</COLUMN></SFA><SFA><FILEPATH>c:\somepath\</FILEPATH><FILENAME>test117.cpp</FILENAME><LINE>108</LINE><COLUMN>10</COLUMN></SFA><SFA><FILEPATH>c:\somepath\</FILEPATH><FILENAME>test117.cpp</FILENAME><LINE>108</LINE><COLUMN>19</COLUMN></SFA><SFA><FILEPATH>c:\somepath\</FILEPATH><FILENAME>test117.cpp</FILENAME><LINE>108</LINE><COLUMN>19</COLUMN></SFA><SFA><FILEPATH>c:\somepath\</FILEPATH><FILENAME>test117.cpp</FILENAME><LINE>109</LINE><COLUMN>8</COLUMN></SFA><SFA><FILEPATH>c:\somepath\</FILEPATH><FILENAME>test117.cpp</FILENAME><LINE>111</LINE><COLUMN>14</COLUMN></SFA><SFA><FILEPATH>c:\somepath\</FILEPATH><FILENAME>test117.cpp</FILENAME><LINE>111</LINE><COLUMN>18</COLUMN></SFA><SFA><FILEPATH>c:\somepath\</FILEPATH><FILENAME>test117.cpp</FILENAME><LINE>113</LINE><COLUMN>17</COLUMN></SFA><SFA><FILEPATH>c:\somepath\</FILEPATH><FILENAME>test117.cpp</FILENAME><LINE>114</LINE><COLUMN>10</COLUMN></SFA><SFA><FILEPATH>c:\somepath\</FILEPATH><FILENAME>test117.cpp</FILENAME><LINE>116</LINE><COLUMN>8</COLUMN></SFA><SFA><FILEPATH>c:\somepath\</FILEPATH><FILENAME>test117.cpp</FILENAME><LINE>133</LINE><COLUMN>24</COLUMN></SFA></PATH></DEFECT><DEFECT><SFA><FILEPATH>c:\somepath\</FILEPATH><FILENAME>test117.cpp</FILENAME><LINE>163</LINE><COLUMN>22</COLUMN></SFA><DEFECTCODE>26015</DEFECTCODE><DESCRIPTION>Potential overflow using expression 'bb[x + 3]'
PREFAST_NEWLINE
Buffer access is apparently unbounded by the buffer size.  
PREFAST_NEWLINE

PREFAST_NEWLINE
In particular: x`143 is not constrained by any constant
PREFAST_NEWLINE

PREFAST_NEWLINE
Buffer accessed is bb
PREFAST_NEWLINE
Buffer is of length 10 elements (4 bytes/element) [size of variable]
PREFAST_NEWLINE
Accessing the element (4 bytes/element) at element offset x`143 + 3
PREFAST_NEWLINE

PREFAST_NEWLINE
Values of variables:
PREFAST_NEWLINE
x = x`143
PREFAST_NEWLINE

PREFAST_NEWLINE
where
PREFAST_NEWLINE
{x % 7}`147 == 3
PREFAST_NEWLINE
x`143 &gt;= 3
PREFAST_NEWLINE

PREFAST_NEWLINE
Overrun access occurs when
PREFAST_NEWLINE
x`143 &gt;= 7
PREFAST_NEWLINE
</DESCRIPTION><FUNCTION>foo3</FUNCTION><DECORATED>?foo3@@YAXI@Z</DECORATED><FUNCLINE>143</FUNCLINE><PATH><SFA><FILEPATH>c:\somepath\</FILEPATH><FILENAME>test117.cpp</FILENAME><LINE>143</LINE><COLUMN>5</COLUMN></SFA><SFA><FILEPATH>c:\somepath\</FILEPATH><FILENAME>test117.cpp</FILENAME><LINE>145</LINE><COLUMN>8</COLUMN></SFA><SFA><FILEPATH>c:\somepath\</FILEPATH><FILENAME>test117.cpp</FILENAME><LINE>145</LINE><COLUMN>16</COLUMN></SFA><SFA><FILEPATH>c:\somepath\</FILEPATH><FILENAME>test117.cpp</FILENAME><LINE>145</LINE><COLUMN>24</COLUMN></SFA><SFA><FILEPATH>c:\somepath\</FILEPATH><FILENAME>test117.cpp</FILENAME><LINE>147</LINE><COLUMN>4</COLUMN></SFA><SFA><FILEPATH>c:\somepath\</FILEPATH><FILENAME>test117.cpp</FILENAME><LINE>158</LINE><COLUMN>4</COLUMN></SFA><SFA><FILEPATH>c:\somepath\</FILEPATH><FILENAME>test117.cpp</FILENAME><LINE>163</LINE><COLUMN>22</COLUMN></SFA></PATH></DEFECT><DEFECT><SFA><FILEPATH>c:\somepath\</FILEPATH><FILENAME>test117.cpp</FILENAME><LINE>173</LINE><COLUMN>21</COLUMN></SFA><DEFECTCODE>26015</DEFECTCODE><DESCRIPTION>Potential overflow using expression 'cc[x]'
PREFAST_NEWLINE
Buffer access is apparently unbounded by the buffer size.  
PREFAST_NEWLINE

PREFAST_NEWLINE
In particular: x`143 is not constrained by any constant
PREFAST_NEWLINE

PREFAST_NEWLINE
Buffer accessed is cc
PREFAST_NEWLINE
Buffer is of length 10 elements (4 bytes/element) [size of variable]
PREFAST_NEWLINE
Accessing the element (4 bytes/element) at element offset x`143
PREFAST_NEWLINE

PREFAST_NEWLINE
Values of variables:
PREFAST_NEWLINE
x = x`143
PREFAST_NEWLINE

PREFAST_NEWLINE
where
PREFAST_NEWLINE
{x % 7}`147 == 2
PREFAST_NEWLINE
x`143 &gt;= 2
PREFAST_NEWLINE

PREFAST_NEWLINE
Overrun access occurs when
PREFAST_NEWLINE
x`143 &gt;= 10
PREFAST_NEWLINE
</DESCRIPTION><FUNCTION>foo3</FUNCTION><DECORATED>?foo3@@YAXI@Z</DECORATED><FUNCLINE>143</FUNCLINE><PATH><SFA><FILEPATH>c:\somepath\</FILEPATH><FILENAME>test117.cpp</FILENAME><LINE>143</LINE><COLUMN>5</COLUMN></SFA><SFA><FILEPATH>c:\somepath\</FILEPATH><FILENAME>test117.cpp</FILENAME><LINE>145</LINE><COLUMN>8</COLUMN></SFA><SFA><FILEPATH>c:\somepath\</FILEPATH><FILENAME>test117.cpp</FILENAME><LINE>145</LINE><COLUMN>16</COLUMN></SFA><SFA><FILEPATH>c:\somepath\</FILEPATH><FILENAME>test117.cpp</FILENAME><LINE>145</LINE><COLUMN>24</COLUMN></SFA><SFA><FILEPATH>c:\somepath\</FILEPATH><FILENAME>test117.cpp</FILENAME><LINE>147</LINE><COLUMN>4</COLUMN></SFA><SFA><FILEPATH>c:\somepath\</FILEPATH><FILENAME>test117.cpp</FILENAME><LINE>158</LINE><COLUMN>4</COLUMN></SFA><SFA><FILEPATH>c:\somepath\</FILEPATH><FILENAME>test117.cpp</FILENAME><LINE>169</LINE><COLUMN>4</COLUMN></SFA><SFA><FILEPATH>c:\somepath\</FILEPATH><FILENAME>test117.cpp</FILENAME><LINE>173</LINE><COLUMN>21</COLUMN></SFA></PATH></DEFECT></DEFECTS>