<?xml version='1.0' encoding='UTF-8'?>
<DEFECTS><DEFECT><SFA><FILEPATH>c:\somepath\</FILEPATH><FILENAME>test076.cpp</FILENAME><LINE>8</LINE><COLUMN>13</COLUMN></SFA><DEFECTCODE>26014</DEFECTCODE><DESCRIPTION>Potential overflow using expression 'p[i]'
PREFAST_NEWLINE
This is likely to be due to incorrect or insufficient validation of the buffer access
PREFAST_NEWLINE
Buffer p is a parameter to this function declared on line 4
PREFAST_NEWLINE
Buffer is of length offset(p)`4 + 4*{(size`4) / 2}`4 bytes [from annotation SAL_writableTo(elementCount(_Old_((size / 2)))) at c:\somepath\test076.cpp(4)]
PREFAST_NEWLINE
Accessing 4 bytes starting at byte offset 4
PREFAST_NEWLINE

PREFAST_NEWLINE
Values of variables:
PREFAST_NEWLINE
Pointer p is at offset 0 bytes from the start of the buffer
PREFAST_NEWLINE
i = 1
PREFAST_NEWLINE

PREFAST_NEWLINE
where
PREFAST_NEWLINE
offset(p)`4 == 0
PREFAST_NEWLINE
{loop iterations}'6 == 0
PREFAST_NEWLINE
size`4 == 2*{(size`4) / 2}`4 + {(size`4) % 2}`4
PREFAST_NEWLINE
size`4 &gt;= 2
PREFAST_NEWLINE
{(size`4) % 2}`4 &lt;= 1
PREFAST_NEWLINE
{(size`4) % 2}`4 &gt;= 0
PREFAST_NEWLINE
{(size`4) / 2}`4 &gt;= 1
PREFAST_NEWLINE

PREFAST_NEWLINE
Overrun access occurs when
PREFAST_NEWLINE
{(size`4) / 2}`4 == 1
PREFAST_NEWLINE
</DESCRIPTION><FUNCTION>bad1</FUNCTION><DECORATED>?bad1@@YAXPAHH@Z</DECORATED><FUNCLINE>4</FUNCLINE><PATH><SFA><FILEPATH>c:\somepath\</FILEPATH><FILENAME>test076.cpp</FILENAME><LINE>4</LINE><COLUMN>5</COLUMN></SFA><SFA><FILEPATH>c:\somepath\</FILEPATH><FILENAME>test076.cpp</FILENAME><LINE>6</LINE><COLUMN>13</COLUMN></SFA><SFA><FILEPATH>c:\somepath\</FILEPATH><FILENAME>test076.cpp</FILENAME><LINE>6</LINE><COLUMN>17</COLUMN></SFA><SFA><FILEPATH>c:\somepath\</FILEPATH><FILENAME>test076.cpp</FILENAME><LINE>6</LINE><COLUMN>22</COLUMN></SFA><SFA><FILEPATH>c:\somepath\</FILEPATH><FILENAME>test076.cpp</FILENAME><LINE>8</LINE><COLUMN>13</COLUMN></SFA><SFA><FILEPATH>c:\somepath\</FILEPATH><FILENAME>test076.cpp</FILENAME><LINE>6</LINE><COLUMN>31</COLUMN></SFA><SFA><FILEPATH>c:\somepath\</FILEPATH><FILENAME>test076.cpp</FILENAME><LINE>6</LINE><COLUMN>22</COLUMN></SFA><SFA><FILEPATH>c:\somepath\</FILEPATH><FILENAME>test076.cpp</FILENAME><LINE>8</LINE><COLUMN>13</COLUMN></SFA></PATH></DEFECT></DEFECTS>