<?xml version='1.0' encoding='UTF-8'?>
<DEFECTS><DEFECT><SFA><FILEPATH>c:\somepath\</FILEPATH><FILENAME>test013.cpp</FILENAME><LINE>13</LINE><COLUMN>35</COLUMN></SFA><DEFECTCODE>26000</DEFECTCODE><DESCRIPTION>Overflow using expression 'a[result.question.3]'
PREFAST_NEWLINE
Buffer accessed is a
PREFAST_NEWLINE
Buffer is of length 100 elements (4 bytes/element) [size of variable]
PREFAST_NEWLINE
Accessing the element (4 bytes/element) at element offset anIndex`8
PREFAST_NEWLINE

PREFAST_NEWLINE
Values of variables:
PREFAST_NEWLINE
result.question.3 = anIndex`8
PREFAST_NEWLINE

PREFAST_NEWLINE
where
PREFAST_NEWLINE
anIndex`8 &lt;= 127
PREFAST_NEWLINE
anIndex`8 &gt;= 100
PREFAST_NEWLINE

PREFAST_NEWLINE
There are other instances of this error:
PREFAST_NEWLINE
Overflow using expression 'a[result.question.4]' at line 14
PREFAST_NEWLINE
</DESCRIPTION><FUNCTION>indexing</FUNCTION><DECORATED>?indexing@@YAHI@Z</DECORATED><FUNCLINE>8</FUNCLINE><PATH><SFA><FILEPATH>c:\somepath\</FILEPATH><FILENAME>test013.cpp</FILENAME><LINE>8</LINE><COLUMN>4</COLUMN></SFA><SFA><FILEPATH>c:\somepath\</FILEPATH><FILENAME>test013.cpp</FILENAME><LINE>10</LINE><COLUMN>8</COLUMN></SFA><SFA><FILEPATH>c:\somepath\</FILEPATH><FILENAME>test013.cpp</FILENAME><LINE>12</LINE><COLUMN>8</COLUMN></SFA><SFA><FILEPATH>c:\somepath\</FILEPATH><FILENAME>test013.cpp</FILENAME><LINE>12</LINE><COLUMN>25</COLUMN></SFA><SFA><FILEPATH>c:\somepath\</FILEPATH><FILENAME>test013.cpp</FILENAME><LINE>12</LINE><COLUMN>32</COLUMN></SFA><SFA><FILEPATH>c:\somepath\</FILEPATH><FILENAME>test013.cpp</FILENAME><LINE>12</LINE><COLUMN>32</COLUMN></SFA><SFA><FILEPATH>c:\somepath\</FILEPATH><FILENAME>test013.cpp</FILENAME><LINE>13</LINE><COLUMN>14</COLUMN></SFA><SFA><FILEPATH>c:\somepath\</FILEPATH><FILENAME>test013.cpp</FILENAME><LINE>13</LINE><COLUMN>20</COLUMN></SFA><SFA><FILEPATH>c:\somepath\</FILEPATH><FILENAME>test013.cpp</FILENAME><LINE>13</LINE><COLUMN>35</COLUMN></SFA></PATH></DEFECT><DEFECT><SFA><FILEPATH>c:\somepath\</FILEPATH><FILENAME>test013.cpp</FILENAME><LINE>29</LINE><COLUMN>12</COLUMN></SFA><DEFECTCODE>26007</DEFECTCODE><DESCRIPTION>Possibly incorrect single element annotation on buffer
PREFAST_NEWLINE
Read overflow using expression '* x'
PREFAST_NEWLINE
Buffer x is a parameter to this function declared on line 24
PREFAST_NEWLINE
Buffer lengths are from an assumed __inout annotation on the parameter
PREFAST_NEWLINE
Buffer is of length offset(x)`24 + 4 bytes [from annotation valid(elementCount(1)) at c:\somepath\test013.cpp(24)]
PREFAST_NEWLINE
Accessing 4 bytes starting at byte offset 4
PREFAST_NEWLINE

PREFAST_NEWLINE
Values of variables:
PREFAST_NEWLINE
Pointer x is at offset 4 bytes from the start of the buffer
PREFAST_NEWLINE

PREFAST_NEWLINE
There are other instances of this error:
PREFAST_NEWLINE
Possibly incorrect single element annotation on buffer at line 31
PREFAST_NEWLINE
</DESCRIPTION><FUNCTION>unannotated</FUNCTION><DECORATED>?unannotated@@YAHPAH@Z</DECORATED><FUNCLINE>24</FUNCLINE><PATH><SFA><FILEPATH>c:\somepath\</FILEPATH><FILENAME>test013.cpp</FILENAME><LINE>24</LINE><COLUMN>4</COLUMN></SFA><SFA><FILEPATH>c:\somepath\</FILEPATH><FILENAME>test013.cpp</FILENAME><LINE>26</LINE><COLUMN>9</COLUMN></SFA><SFA><FILEPATH>c:\somepath\</FILEPATH><FILENAME>test013.cpp</FILENAME><LINE>26</LINE><COLUMN>13</COLUMN></SFA><SFA><FILEPATH>c:\somepath\</FILEPATH><FILENAME>test013.cpp</FILENAME><LINE>27</LINE><COLUMN>8</COLUMN></SFA><SFA><FILEPATH>c:\somepath\</FILEPATH><FILENAME>test013.cpp</FILENAME><LINE>27</LINE><COLUMN>12</COLUMN></SFA><SFA><FILEPATH>c:\somepath\</FILEPATH><FILENAME>test013.cpp</FILENAME><LINE>28</LINE><COLUMN>8</COLUMN></SFA><SFA><FILEPATH>c:\somepath\</FILEPATH><FILENAME>test013.cpp</FILENAME><LINE>28</LINE><COLUMN>12</COLUMN></SFA><SFA><FILEPATH>c:\somepath\</FILEPATH><FILENAME>test013.cpp</FILENAME><LINE>29</LINE><COLUMN>8</COLUMN></SFA><SFA><FILEPATH>c:\somepath\</FILEPATH><FILENAME>test013.cpp</FILENAME><LINE>29</LINE><COLUMN>12</COLUMN></SFA></PATH></DEFECT><DEFECT><SFA><FILEPATH>c:\somepath\</FILEPATH><FILENAME>test013.cpp</FILENAME><LINE>37</LINE><COLUMN>13</COLUMN></SFA><DEFECTCODE>26003</DEFECTCODE><DESCRIPTION>Writing to buffer 'result.unannotatedMalloc'34' of unspecified length.  Please annotate.
PREFAST_NEWLINE

PREFAST_NEWLINE
If we assume that the buffer has single element in length, then the checker would report:
PREFAST_NEWLINE
Potential overflow using expression 'g[2]'
PREFAST_NEWLINE
Buffer result.unannotatedMalloc created during call to unannotatedMalloc on line 34
PREFAST_NEWLINE
Buffer is of length 0 bytes [assumed because the buffer is unannotated]
PREFAST_NEWLINE
Accessing 4 bytes starting at byte offset 8
PREFAST_NEWLINE

PREFAST_NEWLINE
Values of variables:
PREFAST_NEWLINE
Pointer g is at offset 0 bytes from the start of the buffer
PREFAST_NEWLINE

PREFAST_NEWLINE
Overrun access occurs when
PREFAST_NEWLINE
offset(result.unannotatedMalloc)`34 == 0
PREFAST_NEWLINE
</DESCRIPTION><FUNCTION>unannotated</FUNCTION><DECORATED>?unannotated@@YAHPAH@Z</DECORATED><FUNCLINE>24</FUNCLINE><PATH><SFA><FILEPATH>c:\somepath\</FILEPATH><FILENAME>test013.cpp</FILENAME><LINE>24</LINE><COLUMN>4</COLUMN></SFA><SFA><FILEPATH>c:\somepath\</FILEPATH><FILENAME>test013.cpp</FILENAME><LINE>26</LINE><COLUMN>9</COLUMN></SFA><SFA><FILEPATH>c:\somepath\</FILEPATH><FILENAME>test013.cpp</FILENAME><LINE>26</LINE><COLUMN>13</COLUMN></SFA><SFA><FILEPATH>c:\somepath\</FILEPATH><FILENAME>test013.cpp</FILENAME><LINE>27</LINE><COLUMN>8</COLUMN></SFA><SFA><FILEPATH>c:\somepath\</FILEPATH><FILENAME>test013.cpp</FILENAME><LINE>27</LINE><COLUMN>12</COLUMN></SFA><SFA><FILEPATH>c:\somepath\</FILEPATH><FILENAME>test013.cpp</FILENAME><LINE>28</LINE><COLUMN>8</COLUMN></SFA><SFA><FILEPATH>c:\somepath\</FILEPATH><FILENAME>test013.cpp</FILENAME><LINE>28</LINE><COLUMN>12</COLUMN></SFA><SFA><FILEPATH>c:\somepath\</FILEPATH><FILENAME>test013.cpp</FILENAME><LINE>29</LINE><COLUMN>8</COLUMN></SFA><SFA><FILEPATH>c:\somepath\</FILEPATH><FILENAME>test013.cpp</FILENAME><LINE>29</LINE><COLUMN>12</COLUMN></SFA><SFA><FILEPATH>c:\somepath\</FILEPATH><FILENAME>test013.cpp</FILENAME><LINE>30</LINE><COLUMN>8</COLUMN></SFA><SFA><FILEPATH>c:\somepath\</FILEPATH><FILENAME>test013.cpp</FILENAME><LINE>30</LINE><COLUMN>12</COLUMN></SFA><SFA><FILEPATH>c:\somepath\</FILEPATH><FILENAME>test013.cpp</FILENAME><LINE>31</LINE><COLUMN>8</COLUMN></SFA><SFA><FILEPATH>c:\somepath\</FILEPATH><FILENAME>test013.cpp</FILENAME><LINE>31</LINE><COLUMN>15</COLUMN></SFA><SFA><FILEPATH>c:\somepath\</FILEPATH><FILENAME>test013.cpp</FILENAME><LINE>32</LINE><COLUMN>9</COLUMN></SFA><SFA><FILEPATH>c:\somepath\</FILEPATH><FILENAME>test013.cpp</FILENAME><LINE>32</LINE><COLUMN>13</COLUMN></SFA><SFA><FILEPATH>c:\somepath\</FILEPATH><FILENAME>test013.cpp</FILENAME><LINE>33</LINE><COLUMN>8</COLUMN></SFA><SFA><FILEPATH>c:\somepath\</FILEPATH><FILENAME>test013.cpp</FILENAME><LINE>33</LINE><COLUMN>12</COLUMN></SFA><SFA><FILEPATH>c:\somepath\</FILEPATH><FILENAME>test013.cpp</FILENAME><LINE>34</LINE><COLUMN>9</COLUMN></SFA><SFA><FILEPATH>c:\somepath\</FILEPATH><FILENAME>test013.cpp</FILENAME><LINE>34</LINE><COLUMN>38</COLUMN></SFA><SFA><FILEPATH>c:\somepath\</FILEPATH><FILENAME>test013.cpp</FILENAME><LINE>34</LINE><COLUMN>13</COLUMN></SFA><SFA><FILEPATH>c:\somepath\</FILEPATH><FILENAME>test013.cpp</FILENAME><LINE>35</LINE><COLUMN>8</COLUMN></SFA><SFA><FILEPATH>c:\somepath\</FILEPATH><FILENAME>test013.cpp</FILENAME><LINE>37</LINE><COLUMN>13</COLUMN></SFA></PATH></DEFECT></DEFECTS>