<?xml version='1.0' encoding='UTF-8'?>
<DEFECTS><DEFECT><SFA><FILEPATH>c:\somepath\</FILEPATH><FILENAME>test045.cpp</FILENAME><LINE>74</LINE><COLUMN>6</COLUMN></SFA><DEFECTCODE>26000</DEFECTCODE><DESCRIPTION>Overflow using expression '* (p ++)'
PREFAST_NEWLINE
Buffer p is a parameter to this function declared on line 70
PREFAST_NEWLINE
Buffer is of length offset(p)`70 + n`70 bytes [from annotation SAL_writableTo(elementCount(n)) at c:\somepath\test045.cpp(70)]
PREFAST_NEWLINE
Accessing the byte at byte offset 1
PREFAST_NEWLINE

PREFAST_NEWLINE
Values of variables:
PREFAST_NEWLINE
Pointer p is at offset 2 bytes from the start of the buffer
PREFAST_NEWLINE

PREFAST_NEWLINE
where
PREFAST_NEWLINE
n`70 == 1
PREFAST_NEWLINE
offset(p)`70 == 0
PREFAST_NEWLINE
offset(q)`70 == 0
PREFAST_NEWLINE
{loop iterations}'72 == 0
PREFAST_NEWLINE
nullpos(q)`70 &gt;= 3
PREFAST_NEWLINE
</DESCRIPTION><FUNCTION>h</FUNCTION><DECORATED>?h@@YAXPADPBDH@Z</DECORATED><FUNCLINE>70</FUNCLINE><PATH><SFA><FILEPATH>c:\somepath\</FILEPATH><FILENAME>test045.cpp</FILENAME><LINE>70</LINE><COLUMN>5</COLUMN></SFA><SFA><FILEPATH>c:\somepath\</FILEPATH><FILENAME>test045.cpp</FILENAME><LINE>72</LINE><COLUMN>8</COLUMN></SFA><SFA><FILEPATH>c:\somepath\</FILEPATH><FILENAME>test045.cpp</FILENAME><LINE>72</LINE><COLUMN>15</COLUMN></SFA><SFA><FILEPATH>c:\somepath\</FILEPATH><FILENAME>test045.cpp</FILENAME><LINE>73</LINE><COLUMN>7</COLUMN></SFA><SFA><FILEPATH>c:\somepath\</FILEPATH><FILENAME>test045.cpp</FILENAME><LINE>72</LINE><COLUMN>8</COLUMN></SFA><SFA><FILEPATH>c:\somepath\</FILEPATH><FILENAME>test045.cpp</FILENAME><LINE>72</LINE><COLUMN>15</COLUMN></SFA><SFA><FILEPATH>c:\somepath\</FILEPATH><FILENAME>test045.cpp</FILENAME><LINE>74</LINE><COLUMN>6</COLUMN></SFA></PATH></DEFECT></DEFECTS>