<?xml version='1.0' encoding='UTF-8'?>
<DEFECTS><DEFECT><SFA><FILEPATH>c:\somepath\</FILEPATH><FILENAME>test167.cpp</FILENAME><LINE>15</LINE><COLUMN>23</COLUMN></SFA><DEFECTCODE>26018</DEFECTCODE><DESCRIPTION>Potential read overflow of null terminated buffer using expression 'rgpTest[idx]'
PREFAST_NEWLINE
This is likely to be due to incorrect or insufficient validation of the buffer access
PREFAST_NEWLINE
Buffer rgpTest is a global variable
PREFAST_NEWLINE
Buffer is of length nullpos(rgpTest)`7 + 1 elements (4 bytes/element) [length of zero terminated string]
PREFAST_NEWLINE
Accessing the element (4 bytes/element) at element offset 1
PREFAST_NEWLINE

PREFAST_NEWLINE
Values of variables:
PREFAST_NEWLINE
idx = 1
PREFAST_NEWLINE

PREFAST_NEWLINE
where
PREFAST_NEWLINE
{loop iterations}'10 == 0
PREFAST_NEWLINE
nullpos(rgpTest)`7 &lt;= 2
PREFAST_NEWLINE
nullpos(rgpTest)`7 &gt;= 0
PREFAST_NEWLINE

PREFAST_NEWLINE
Overrun access occurs when
PREFAST_NEWLINE
nullpos(rgpTest)`7 == 0
PREFAST_NEWLINE
</DESCRIPTION><FUNCTION>TestMeOriginal</FUNCTION><DECORATED>?TestMeOriginal@@YAXH@Z</DECORATED><FUNCLINE>7</FUNCLINE><PATH><SFA><FILEPATH>c:\somepath\</FILEPATH><FILENAME>test167.cpp</FILENAME><LINE>7</LINE><COLUMN>5</COLUMN></SFA><SFA><FILEPATH>c:\somepath\</FILEPATH><FILENAME>test167.cpp</FILENAME><LINE>9</LINE><COLUMN>8</COLUMN></SFA><SFA><FILEPATH>c:\somepath\</FILEPATH><FILENAME>test167.cpp</FILENAME><LINE>9</LINE><COLUMN>14</COLUMN></SFA><SFA><FILEPATH>c:\somepath\</FILEPATH><FILENAME>test167.cpp</FILENAME><LINE>10</LINE><COLUMN>11</COLUMN></SFA><SFA><FILEPATH>c:\somepath\</FILEPATH><FILENAME>test167.cpp</FILENAME><LINE>11</LINE><COLUMN>17</COLUMN></SFA><SFA><FILEPATH>c:\somepath\</FILEPATH><FILENAME>test167.cpp</FILENAME><LINE>14</LINE><COLUMN>11</COLUMN></SFA><SFA><FILEPATH>c:\somepath\</FILEPATH><FILENAME>test167.cpp</FILENAME><LINE>15</LINE><COLUMN>23</COLUMN></SFA></PATH></DEFECT></DEFECTS>