<?xml version='1.0' encoding='UTF-8'?>
<DEFECTS><DEFECT><SFA><FILEPATH>c:\somepath\</FILEPATH><FILENAME>test198.cpp</FILENAME><LINE>51</LINE><COLUMN>27</COLUMN></SFA><DEFECTCODE>26001</DEFECTCODE><DESCRIPTION>Underflow using expression 'bb578[-99]'
PREFAST_NEWLINE
Buffer accessed is bb578
PREFAST_NEWLINE
Buffer is of length 10 elements (4 bytes/element) [size of variable]
PREFAST_NEWLINE
Accessing the element (4 bytes/element) at element offset -99
PREFAST_NEWLINE
</DESCRIPTION><FUNCTION>f578</FUNCTION><DECORATED>?f578@@YAXXZ</DECORATED><FUNCLINE>41</FUNCLINE><PATH><SFA><FILEPATH>c:\somepath\</FILEPATH><FILENAME>test198.cpp</FILENAME><LINE>41</LINE><COLUMN>5</COLUMN></SFA><SFA><FILEPATH>c:\somepath\</FILEPATH><FILENAME>test198.cpp</FILENAME><LINE>43</LINE><COLUMN>18</COLUMN></SFA><SFA><FILEPATH>c:\somepath\</FILEPATH><FILENAME>test198.cpp</FILENAME><LINE>45</LINE><COLUMN>15</COLUMN></SFA><SFA><FILEPATH>c:\somepath\</FILEPATH><FILENAME>test198.cpp</FILENAME><LINE>45</LINE><COLUMN>27</COLUMN></SFA><SFA><FILEPATH>c:\somepath\</FILEPATH><FILENAME>test198.cpp</FILENAME><LINE>47</LINE><COLUMN>27</COLUMN></SFA><SFA><FILEPATH>c:\somepath\</FILEPATH><FILENAME>test198.cpp</FILENAME><LINE>47</LINE><COLUMN>21</COLUMN></SFA><SFA><FILEPATH>c:\somepath\</FILEPATH><FILENAME>test198.cpp</FILENAME><LINE>48</LINE><COLUMN>25</COLUMN></SFA><SFA><FILEPATH>c:\somepath\</FILEPATH><FILENAME>test198.cpp</FILENAME><LINE>45</LINE><COLUMN>38</COLUMN></SFA><SFA><FILEPATH>c:\somepath\</FILEPATH><FILENAME>test198.cpp</FILENAME><LINE>45</LINE><COLUMN>27</COLUMN></SFA><SFA><FILEPATH>c:\somepath\</FILEPATH><FILENAME>test198.cpp</FILENAME><LINE>47</LINE><COLUMN>27</COLUMN></SFA><SFA><FILEPATH>c:\somepath\</FILEPATH><FILENAME>test198.cpp</FILENAME><LINE>47</LINE><COLUMN>21</COLUMN></SFA><SFA><FILEPATH>c:\somepath\</FILEPATH><FILENAME>test198.cpp</FILENAME><LINE>48</LINE><COLUMN>25</COLUMN></SFA><SFA><FILEPATH>c:\somepath\</FILEPATH><FILENAME>test198.cpp</FILENAME><LINE>50</LINE><COLUMN>24</COLUMN></SFA><SFA><FILEPATH>c:\somepath\</FILEPATH><FILENAME>test198.cpp</FILENAME><LINE>51</LINE><COLUMN>27</COLUMN></SFA></PATH></DEFECT><DEFECT><SFA><FILEPATH>c:\somepath\</FILEPATH><FILENAME>test198.cpp</FILENAME><LINE>57</LINE><COLUMN>14</COLUMN></SFA><DEFECTCODE>26000</DEFECTCODE><DESCRIPTION>Overflow using expression 'bb578[99]'
PREFAST_NEWLINE
Buffer accessed is bb578
PREFAST_NEWLINE
Buffer is of length 10 elements (4 bytes/element) [size of variable]
PREFAST_NEWLINE
Accessing the element (4 bytes/element) at element offset 99
PREFAST_NEWLINE
</DESCRIPTION><FUNCTION>f578</FUNCTION><DECORATED>?f578@@YAXXZ</DECORATED><FUNCLINE>41</FUNCLINE><PATH><SFA><FILEPATH>c:\somepath\</FILEPATH><FILENAME>test198.cpp</FILENAME><LINE>41</LINE><COLUMN>5</COLUMN></SFA><SFA><FILEPATH>c:\somepath\</FILEPATH><FILENAME>test198.cpp</FILENAME><LINE>43</LINE><COLUMN>18</COLUMN></SFA><SFA><FILEPATH>c:\somepath\</FILEPATH><FILENAME>test198.cpp</FILENAME><LINE>45</LINE><COLUMN>15</COLUMN></SFA><SFA><FILEPATH>c:\somepath\</FILEPATH><FILENAME>test198.cpp</FILENAME><LINE>45</LINE><COLUMN>27</COLUMN></SFA><SFA><FILEPATH>c:\somepath\</FILEPATH><FILENAME>test198.cpp</FILENAME><LINE>47</LINE><COLUMN>27</COLUMN></SFA><SFA><FILEPATH>c:\somepath\</FILEPATH><FILENAME>test198.cpp</FILENAME><LINE>47</LINE><COLUMN>21</COLUMN></SFA><SFA><FILEPATH>c:\somepath\</FILEPATH><FILENAME>test198.cpp</FILENAME><LINE>48</LINE><COLUMN>25</COLUMN></SFA><SFA><FILEPATH>c:\somepath\</FILEPATH><FILENAME>test198.cpp</FILENAME><LINE>45</LINE><COLUMN>38</COLUMN></SFA><SFA><FILEPATH>c:\somepath\</FILEPATH><FILENAME>test198.cpp</FILENAME><LINE>45</LINE><COLUMN>27</COLUMN></SFA><SFA><FILEPATH>c:\somepath\</FILEPATH><FILENAME>test198.cpp</FILENAME><LINE>47</LINE><COLUMN>27</COLUMN></SFA><SFA><FILEPATH>c:\somepath\</FILEPATH><FILENAME>test198.cpp</FILENAME><LINE>47</LINE><COLUMN>21</COLUMN></SFA><SFA><FILEPATH>c:\somepath\</FILEPATH><FILENAME>test198.cpp</FILENAME><LINE>48</LINE><COLUMN>25</COLUMN></SFA><SFA><FILEPATH>c:\somepath\</FILEPATH><FILENAME>test198.cpp</FILENAME><LINE>45</LINE><COLUMN>38</COLUMN></SFA><SFA><FILEPATH>c:\somepath\</FILEPATH><FILENAME>test198.cpp</FILENAME><LINE>45</LINE><COLUMN>27</COLUMN></SFA><SFA><FILEPATH>c:\somepath\</FILEPATH><FILENAME>test198.cpp</FILENAME><LINE>47</LINE><COLUMN>27</COLUMN></SFA><SFA><FILEPATH>c:\somepath\</FILEPATH><FILENAME>test198.cpp</FILENAME><LINE>47</LINE><COLUMN>21</COLUMN></SFA><SFA><FILEPATH>c:\somepath\</FILEPATH><FILENAME>test198.cpp</FILENAME><LINE>48</LINE><COLUMN>25</COLUMN></SFA><SFA><FILEPATH>c:\somepath\</FILEPATH><FILENAME>test198.cpp</FILENAME><LINE>45</LINE><COLUMN>38</COLUMN></SFA><SFA><FILEPATH>c:\somepath\</FILEPATH><FILENAME>test198.cpp</FILENAME><LINE>45</LINE><COLUMN>27</COLUMN></SFA><SFA><FILEPATH>c:\somepath\</FILEPATH><FILENAME>test198.cpp</FILENAME><LINE>57</LINE><COLUMN>14</COLUMN></SFA></PATH></DEFECT><DEFECT><SFA><FILEPATH>c:\somepath\</FILEPATH><FILENAME>test198.cpp</FILENAME><LINE>71</LINE><COLUMN>33</COLUMN></SFA><DEFECTCODE>26018</DEFECTCODE><DESCRIPTION>Potential read overflow of null terminated buffer using expression 'prgpFoo[i]'
PREFAST_NEWLINE
This is likely to be due to incorrect or insufficient validation of the buffer access
PREFAST_NEWLINE
Buffer prgpFoo is a parameter to this function declared on line 64
PREFAST_NEWLINE
Buffer is of length 4*nullpos(prgpFoo)`64 + 4 bytes [length of zero terminated string]
PREFAST_NEWLINE
Accessing 4 bytes starting at byte offset 8
PREFAST_NEWLINE

PREFAST_NEWLINE
Values of variables:
PREFAST_NEWLINE
Pointer prgpFoo is at offset 0 bytes from the start of the buffer
PREFAST_NEWLINE
i = 2
PREFAST_NEWLINE

PREFAST_NEWLINE
where
PREFAST_NEWLINE
offset(prgpFoo)`64 == 0
PREFAST_NEWLINE
{loop iterations}'68 == 0
PREFAST_NEWLINE
{loop iterations}'71 == 0
PREFAST_NEWLINE
nullpos(prgpFoo)`64 &gt;= 1
PREFAST_NEWLINE

PREFAST_NEWLINE
Overrun access occurs when
PREFAST_NEWLINE
nullpos(prgpFoo)`64 == 1
PREFAST_NEWLINE
</DESCRIPTION><FUNCTION>f609a</FUNCTION><DECORATED>?f609a@@YAKQAPAG@Z</DECORATED><FUNCLINE>64</FUNCLINE><PATH><SFA><FILEPATH>c:\somepath\</FILEPATH><FILENAME>test198.cpp</FILENAME><LINE>64</LINE><COLUMN>6</COLUMN></SFA><SFA><FILEPATH>c:\somepath\</FILEPATH><FILENAME>test198.cpp</FILENAME><LINE>66</LINE><COLUMN>10</COLUMN></SFA><SFA><FILEPATH>c:\somepath\</FILEPATH><FILENAME>test198.cpp</FILENAME><LINE>66</LINE><COLUMN>14</COLUMN></SFA><SFA><FILEPATH>c:\somepath\</FILEPATH><FILENAME>test198.cpp</FILENAME><LINE>68</LINE><COLUMN>11</COLUMN></SFA><SFA><FILEPATH>c:\somepath\</FILEPATH><FILENAME>test198.cpp</FILENAME><LINE>68</LINE><COLUMN>33</COLUMN></SFA><SFA><FILEPATH>c:\somepath\</FILEPATH><FILENAME>test198.cpp</FILENAME><LINE>68</LINE><COLUMN>37</COLUMN></SFA><SFA><FILEPATH>c:\somepath\</FILEPATH><FILENAME>test198.cpp</FILENAME><LINE>68</LINE><COLUMN>33</COLUMN></SFA><SFA><FILEPATH>c:\somepath\</FILEPATH><FILENAME>test198.cpp</FILENAME><LINE>71</LINE><COLUMN>11</COLUMN></SFA><SFA><FILEPATH>c:\somepath\</FILEPATH><FILENAME>test198.cpp</FILENAME><LINE>71</LINE><COLUMN>33</COLUMN></SFA><SFA><FILEPATH>c:\somepath\</FILEPATH><FILENAME>test198.cpp</FILENAME><LINE>71</LINE><COLUMN>37</COLUMN></SFA><SFA><FILEPATH>c:\somepath\</FILEPATH><FILENAME>test198.cpp</FILENAME><LINE>71</LINE><COLUMN>33</COLUMN></SFA></PATH></DEFECT></DEFECTS>