<?xml version='1.0' encoding='UTF-8'?>
<DEFECTS><DEFECT><SFA><FILEPATH>c:\somepath\</FILEPATH><FILENAME>test106.cpp</FILENAME><LINE>17</LINE><COLUMN>18</COLUMN></SFA><DEFECTCODE>26000</DEFECTCODE><DESCRIPTION>Overflow using expression 'a[result.get_g + 10]'
PREFAST_NEWLINE
Buffer accessed is a
PREFAST_NEWLINE
Buffer is of length 10 elements (4 bytes/element) [size of variable]
PREFAST_NEWLINE
Accessing the element (4 bytes/element) at element offset 19
PREFAST_NEWLINE

PREFAST_NEWLINE
 when function get_g called at line 15 is inline analyzed.
PREFAST_NEWLINE
 when function get_g called at line 17 is inline analyzed.
PREFAST_NEWLINE

PREFAST_NEWLINE
Values of variables:
PREFAST_NEWLINE
result.get_g = 9
PREFAST_NEWLINE
</DESCRIPTION><FUNCTION>main</FUNCTION><DECORATED>main</DECORATED><FUNCLINE>11</FUNCLINE><PATH><SFA><FILEPATH>c:\somepath\</FILEPATH><FILENAME>test106.cpp</FILENAME><LINE>11</LINE><COLUMN>5</COLUMN></SFA><SFA><FILEPATH>c:\somepath\</FILEPATH><FILENAME>test106.cpp</FILENAME><LINE>13</LINE><COLUMN>8</COLUMN></SFA><SFA><FILEPATH>c:\somepath\</FILEPATH><FILENAME>test106.cpp</FILENAME><LINE>14</LINE><COLUMN>6</COLUMN></SFA><SFA><FILEPATH>c:\somepath\</FILEPATH><FILENAME>test106.cpp</FILENAME><LINE>15</LINE><COLUMN>11</COLUMN></SFA><SFA><FILEPATH>c:\somepath\</FILEPATH><FILENAME>test106.cpp</FILENAME><LINE>15</LINE><COLUMN>15</COLUMN></SFA><SFA><FILEPATH>c:\somepath\</FILEPATH><FILENAME>test106.cpp</FILENAME><LINE>17</LINE><COLUMN>11</COLUMN></SFA><SFA><FILEPATH>c:\somepath\</FILEPATH><FILENAME>test106.cpp</FILENAME><LINE>17</LINE><COLUMN>18</COLUMN></SFA></PATH></DEFECT></DEFECTS>