<?xml version='1.0' encoding='UTF-8'?>
<DEFECTS><DEFECT><SFA><FILEPATH>c:\somepath\</FILEPATH><FILENAME>test092.cpp</FILENAME><LINE>58</LINE><COLUMN>13</COLUMN></SFA><DEFECTCODE>26014</DEFECTCODE><DESCRIPTION>Potential overflow using expression 'a[x]'
PREFAST_NEWLINE
This is likely to be due to incorrect or insufficient validation of the buffer access
PREFAST_NEWLINE
Buffer accessed is a
PREFAST_NEWLINE
Buffer is of length 15 elements (4 bytes/element) [size of variable]
PREFAST_NEWLINE
Accessing the element (4 bytes/element) at element offset {i &gt;&gt; 40}`57
PREFAST_NEWLINE

PREFAST_NEWLINE
Values of variables:
PREFAST_NEWLINE
x = {i &gt;&gt; 40}`57
PREFAST_NEWLINE

PREFAST_NEWLINE
where
PREFAST_NEWLINE
1099511627776*{loop iterations}'55 + 1099511627776 == 1099511627776*{i &gt;&gt; 40}`57 + {(1099511627776*{loop iterations}'55 + 1099511627776) % 1099511627776}`57
PREFAST_NEWLINE
{(1099511627776*{loop iterations}'55 + 1099511627776) % 1099511627776}`57 &lt;= 1099511627775
PREFAST_NEWLINE
{(1099511627776*{loop iterations}'55 + 1099511627776) % 1099511627776}`57 &gt;= 0
PREFAST_NEWLINE
{loop iterations}'55 &lt;= 14
PREFAST_NEWLINE
{loop iterations}'55 &gt;= 0
PREFAST_NEWLINE

PREFAST_NEWLINE
Overrun access occurs when
PREFAST_NEWLINE
{i &gt;&gt; 40}`57 &gt;= 15
PREFAST_NEWLINE
</DESCRIPTION><FUNCTION>test2t</FUNCTION><DECORATED>?test2t@@YAXXZ</DECORATED><FUNCLINE>51</FUNCLINE><PATH><SFA><FILEPATH>c:\somepath\</FILEPATH><FILENAME>test092.cpp</FILENAME><LINE>51</LINE><COLUMN>5</COLUMN></SFA><SFA><FILEPATH>c:\somepath\</FILEPATH><FILENAME>test092.cpp</FILENAME><LINE>53</LINE><COLUMN>8</COLUMN></SFA><SFA><FILEPATH>c:\somepath\</FILEPATH><FILENAME>test092.cpp</FILENAME><LINE>55</LINE><COLUMN>17</COLUMN></SFA><SFA><FILEPATH>c:\somepath\</FILEPATH><FILENAME>test092.cpp</FILENAME><LINE>55</LINE><COLUMN>21</COLUMN></SFA><SFA><FILEPATH>c:\somepath\</FILEPATH><FILENAME>test092.cpp</FILENAME><LINE>55</LINE><COLUMN>27</COLUMN></SFA><SFA><FILEPATH>c:\somepath\</FILEPATH><FILENAME>test092.cpp</FILENAME><LINE>57</LINE><COLUMN>16</COLUMN></SFA><SFA><FILEPATH>c:\somepath\</FILEPATH><FILENAME>test092.cpp</FILENAME><LINE>57</LINE><COLUMN>21</COLUMN></SFA><SFA><FILEPATH>c:\somepath\</FILEPATH><FILENAME>test092.cpp</FILENAME><LINE>58</LINE><COLUMN>13</COLUMN></SFA><SFA><FILEPATH>c:\somepath\</FILEPATH><FILENAME>test092.cpp</FILENAME><LINE>55</LINE><COLUMN>38</COLUMN></SFA><SFA><FILEPATH>c:\somepath\</FILEPATH><FILENAME>test092.cpp</FILENAME><LINE>55</LINE><COLUMN>27</COLUMN></SFA><SFA><FILEPATH>c:\somepath\</FILEPATH><FILENAME>test092.cpp</FILENAME><LINE>57</LINE><COLUMN>16</COLUMN></SFA><SFA><FILEPATH>c:\somepath\</FILEPATH><FILENAME>test092.cpp</FILENAME><LINE>57</LINE><COLUMN>21</COLUMN></SFA><SFA><FILEPATH>c:\somepath\</FILEPATH><FILENAME>test092.cpp</FILENAME><LINE>58</LINE><COLUMN>13</COLUMN></SFA><SFA><FILEPATH>c:\somepath\</FILEPATH><FILENAME>test092.cpp</FILENAME><LINE>55</LINE><COLUMN>38</COLUMN></SFA><SFA><FILEPATH>c:\somepath\</FILEPATH><FILENAME>test092.cpp</FILENAME><LINE>55</LINE><COLUMN>27</COLUMN></SFA><SFA><FILEPATH>c:\somepath\</FILEPATH><FILENAME>test092.cpp</FILENAME><LINE>57</LINE><COLUMN>16</COLUMN></SFA><SFA><FILEPATH>c:\somepath\</FILEPATH><FILENAME>test092.cpp</FILENAME><LINE>57</LINE><COLUMN>21</COLUMN></SFA><SFA><FILEPATH>c:\somepath\</FILEPATH><FILENAME>test092.cpp</FILENAME><LINE>58</LINE><COLUMN>13</COLUMN></SFA></PATH></DEFECT><DEFECT><SFA><FILEPATH>c:\somepath\</FILEPATH><FILENAME>test092.cpp</FILENAME><LINE>60</LINE><COLUMN>9</COLUMN></SFA><DEFECTCODE>26001</DEFECTCODE><DESCRIPTION>Underflow using expression 'a[-9]'
PREFAST_NEWLINE
Buffer accessed is a
PREFAST_NEWLINE
Buffer is of length 15 elements (4 bytes/element) [size of variable]
PREFAST_NEWLINE
Accessing the element (4 bytes/element) at element offset -9
PREFAST_NEWLINE
</DESCRIPTION><FUNCTION>test2t</FUNCTION><DECORATED>?test2t@@YAXXZ</DECORATED><FUNCLINE>51</FUNCLINE><PATH><SFA><FILEPATH>c:\somepath\</FILEPATH><FILENAME>test092.cpp</FILENAME><LINE>51</LINE><COLUMN>5</COLUMN></SFA><SFA><FILEPATH>c:\somepath\</FILEPATH><FILENAME>test092.cpp</FILENAME><LINE>53</LINE><COLUMN>8</COLUMN></SFA><SFA><FILEPATH>c:\somepath\</FILEPATH><FILENAME>test092.cpp</FILENAME><LINE>55</LINE><COLUMN>17</COLUMN></SFA><SFA><FILEPATH>c:\somepath\</FILEPATH><FILENAME>test092.cpp</FILENAME><LINE>55</LINE><COLUMN>21</COLUMN></SFA><SFA><FILEPATH>c:\somepath\</FILEPATH><FILENAME>test092.cpp</FILENAME><LINE>55</LINE><COLUMN>27</COLUMN></SFA><SFA><FILEPATH>c:\somepath\</FILEPATH><FILENAME>test092.cpp</FILENAME><LINE>57</LINE><COLUMN>16</COLUMN></SFA><SFA><FILEPATH>c:\somepath\</FILEPATH><FILENAME>test092.cpp</FILENAME><LINE>57</LINE><COLUMN>21</COLUMN></SFA><SFA><FILEPATH>c:\somepath\</FILEPATH><FILENAME>test092.cpp</FILENAME><LINE>58</LINE><COLUMN>13</COLUMN></SFA><SFA><FILEPATH>c:\somepath\</FILEPATH><FILENAME>test092.cpp</FILENAME><LINE>55</LINE><COLUMN>38</COLUMN></SFA><SFA><FILEPATH>c:\somepath\</FILEPATH><FILENAME>test092.cpp</FILENAME><LINE>55</LINE><COLUMN>27</COLUMN></SFA><SFA><FILEPATH>c:\somepath\</FILEPATH><FILENAME>test092.cpp</FILENAME><LINE>57</LINE><COLUMN>16</COLUMN></SFA><SFA><FILEPATH>c:\somepath\</FILEPATH><FILENAME>test092.cpp</FILENAME><LINE>57</LINE><COLUMN>21</COLUMN></SFA><SFA><FILEPATH>c:\somepath\</FILEPATH><FILENAME>test092.cpp</FILENAME><LINE>58</LINE><COLUMN>13</COLUMN></SFA><SFA><FILEPATH>c:\somepath\</FILEPATH><FILENAME>test092.cpp</FILENAME><LINE>55</LINE><COLUMN>38</COLUMN></SFA><SFA><FILEPATH>c:\somepath\</FILEPATH><FILENAME>test092.cpp</FILENAME><LINE>55</LINE><COLUMN>27</COLUMN></SFA><SFA><FILEPATH>c:\somepath\</FILEPATH><FILENAME>test092.cpp</FILENAME><LINE>57</LINE><COLUMN>16</COLUMN></SFA><SFA><FILEPATH>c:\somepath\</FILEPATH><FILENAME>test092.cpp</FILENAME><LINE>57</LINE><COLUMN>21</COLUMN></SFA><SFA><FILEPATH>c:\somepath\</FILEPATH><FILENAME>test092.cpp</FILENAME><LINE>58</LINE><COLUMN>13</COLUMN></SFA><SFA><FILEPATH>c:\somepath\</FILEPATH><FILENAME>test092.cpp</FILENAME><LINE>55</LINE><COLUMN>38</COLUMN></SFA><SFA><FILEPATH>c:\somepath\</FILEPATH><FILENAME>test092.cpp</FILENAME><LINE>55</LINE><COLUMN>27</COLUMN></SFA><SFA><FILEPATH>c:\somepath\</FILEPATH><FILENAME>test092.cpp</FILENAME><LINE>60</LINE><COLUMN>9</COLUMN></SFA></PATH></DEFECT><DEFECT><SFA><FILEPATH>c:\somepath\</FILEPATH><FILENAME>test092.cpp</FILENAME><LINE>72</LINE><COLUMN>13</COLUMN></SFA><DEFECTCODE>26014</DEFECTCODE><DESCRIPTION>Potential overflow using expression 'a[x]'
PREFAST_NEWLINE
This is likely to be due to incorrect or insufficient validation of the buffer access
PREFAST_NEWLINE
Buffer accessed is a
PREFAST_NEWLINE
Buffer is of length 15 elements (4 bytes/element) [size of variable]
PREFAST_NEWLINE
Accessing the element (4 bytes/element) at element offset {i &gt;&gt; 10}`71
PREFAST_NEWLINE

PREFAST_NEWLINE
Values of variables:
PREFAST_NEWLINE
x = {i &gt;&gt; 10}`71
PREFAST_NEWLINE

PREFAST_NEWLINE
where
PREFAST_NEWLINE
1024*{loop iterations}'69 + 1024 == 1024*{i &gt;&gt; 10}`71 + {(1024*{loop iterations}'69 + 1024) % 1024}`71
PREFAST_NEWLINE
{(1024*{loop iterations}'69 + 1024) % 1024}`71 &lt;= 1023
PREFAST_NEWLINE
{(1024*{loop iterations}'69 + 1024) % 1024}`71 &gt;= 0
PREFAST_NEWLINE
{loop iterations}'69 &lt;= 14
PREFAST_NEWLINE
{loop iterations}'69 &gt;= 0
PREFAST_NEWLINE

PREFAST_NEWLINE
Overrun access occurs when
PREFAST_NEWLINE
{i &gt;&gt; 10}`71 &gt;= 15
PREFAST_NEWLINE
</DESCRIPTION><FUNCTION>test2k</FUNCTION><DECORATED>?test2k@@YAXXZ</DECORATED><FUNCLINE>65</FUNCLINE><PATH><SFA><FILEPATH>c:\somepath\</FILEPATH><FILENAME>test092.cpp</FILENAME><LINE>65</LINE><COLUMN>5</COLUMN></SFA><SFA><FILEPATH>c:\somepath\</FILEPATH><FILENAME>test092.cpp</FILENAME><LINE>67</LINE><COLUMN>8</COLUMN></SFA><SFA><FILEPATH>c:\somepath\</FILEPATH><FILENAME>test092.cpp</FILENAME><LINE>69</LINE><COLUMN>17</COLUMN></SFA><SFA><FILEPATH>c:\somepath\</FILEPATH><FILENAME>test092.cpp</FILENAME><LINE>69</LINE><COLUMN>21</COLUMN></SFA><SFA><FILEPATH>c:\somepath\</FILEPATH><FILENAME>test092.cpp</FILENAME><LINE>69</LINE><COLUMN>27</COLUMN></SFA><SFA><FILEPATH>c:\somepath\</FILEPATH><FILENAME>test092.cpp</FILENAME><LINE>71</LINE><COLUMN>16</COLUMN></SFA><SFA><FILEPATH>c:\somepath\</FILEPATH><FILENAME>test092.cpp</FILENAME><LINE>71</LINE><COLUMN>21</COLUMN></SFA><SFA><FILEPATH>c:\somepath\</FILEPATH><FILENAME>test092.cpp</FILENAME><LINE>72</LINE><COLUMN>13</COLUMN></SFA><SFA><FILEPATH>c:\somepath\</FILEPATH><FILENAME>test092.cpp</FILENAME><LINE>69</LINE><COLUMN>38</COLUMN></SFA><SFA><FILEPATH>c:\somepath\</FILEPATH><FILENAME>test092.cpp</FILENAME><LINE>69</LINE><COLUMN>27</COLUMN></SFA><SFA><FILEPATH>c:\somepath\</FILEPATH><FILENAME>test092.cpp</FILENAME><LINE>71</LINE><COLUMN>16</COLUMN></SFA><SFA><FILEPATH>c:\somepath\</FILEPATH><FILENAME>test092.cpp</FILENAME><LINE>71</LINE><COLUMN>21</COLUMN></SFA><SFA><FILEPATH>c:\somepath\</FILEPATH><FILENAME>test092.cpp</FILENAME><LINE>72</LINE><COLUMN>13</COLUMN></SFA><SFA><FILEPATH>c:\somepath\</FILEPATH><FILENAME>test092.cpp</FILENAME><LINE>69</LINE><COLUMN>38</COLUMN></SFA><SFA><FILEPATH>c:\somepath\</FILEPATH><FILENAME>test092.cpp</FILENAME><LINE>69</LINE><COLUMN>27</COLUMN></SFA><SFA><FILEPATH>c:\somepath\</FILEPATH><FILENAME>test092.cpp</FILENAME><LINE>71</LINE><COLUMN>16</COLUMN></SFA><SFA><FILEPATH>c:\somepath\</FILEPATH><FILENAME>test092.cpp</FILENAME><LINE>71</LINE><COLUMN>21</COLUMN></SFA><SFA><FILEPATH>c:\somepath\</FILEPATH><FILENAME>test092.cpp</FILENAME><LINE>72</LINE><COLUMN>13</COLUMN></SFA></PATH></DEFECT><DEFECT><SFA><FILEPATH>c:\somepath\</FILEPATH><FILENAME>test092.cpp</FILENAME><LINE>74</LINE><COLUMN>9</COLUMN></SFA><DEFECTCODE>26001</DEFECTCODE><DESCRIPTION>Underflow using expression 'a[-9]'
PREFAST_NEWLINE
Buffer accessed is a
PREFAST_NEWLINE
Buffer is of length 15 elements (4 bytes/element) [size of variable]
PREFAST_NEWLINE
Accessing the element (4 bytes/element) at element offset -9
PREFAST_NEWLINE
</DESCRIPTION><FUNCTION>test2k</FUNCTION><DECORATED>?test2k@@YAXXZ</DECORATED><FUNCLINE>65</FUNCLINE><PATH><SFA><FILEPATH>c:\somepath\</FILEPATH><FILENAME>test092.cpp</FILENAME><LINE>65</LINE><COLUMN>5</COLUMN></SFA><SFA><FILEPATH>c:\somepath\</FILEPATH><FILENAME>test092.cpp</FILENAME><LINE>67</LINE><COLUMN>8</COLUMN></SFA><SFA><FILEPATH>c:\somepath\</FILEPATH><FILENAME>test092.cpp</FILENAME><LINE>69</LINE><COLUMN>17</COLUMN></SFA><SFA><FILEPATH>c:\somepath\</FILEPATH><FILENAME>test092.cpp</FILENAME><LINE>69</LINE><COLUMN>21</COLUMN></SFA><SFA><FILEPATH>c:\somepath\</FILEPATH><FILENAME>test092.cpp</FILENAME><LINE>69</LINE><COLUMN>27</COLUMN></SFA><SFA><FILEPATH>c:\somepath\</FILEPATH><FILENAME>test092.cpp</FILENAME><LINE>71</LINE><COLUMN>16</COLUMN></SFA><SFA><FILEPATH>c:\somepath\</FILEPATH><FILENAME>test092.cpp</FILENAME><LINE>71</LINE><COLUMN>21</COLUMN></SFA><SFA><FILEPATH>c:\somepath\</FILEPATH><FILENAME>test092.cpp</FILENAME><LINE>72</LINE><COLUMN>13</COLUMN></SFA><SFA><FILEPATH>c:\somepath\</FILEPATH><FILENAME>test092.cpp</FILENAME><LINE>69</LINE><COLUMN>38</COLUMN></SFA><SFA><FILEPATH>c:\somepath\</FILEPATH><FILENAME>test092.cpp</FILENAME><LINE>69</LINE><COLUMN>27</COLUMN></SFA><SFA><FILEPATH>c:\somepath\</FILEPATH><FILENAME>test092.cpp</FILENAME><LINE>71</LINE><COLUMN>16</COLUMN></SFA><SFA><FILEPATH>c:\somepath\</FILEPATH><FILENAME>test092.cpp</FILENAME><LINE>71</LINE><COLUMN>21</COLUMN></SFA><SFA><FILEPATH>c:\somepath\</FILEPATH><FILENAME>test092.cpp</FILENAME><LINE>72</LINE><COLUMN>13</COLUMN></SFA><SFA><FILEPATH>c:\somepath\</FILEPATH><FILENAME>test092.cpp</FILENAME><LINE>69</LINE><COLUMN>38</COLUMN></SFA><SFA><FILEPATH>c:\somepath\</FILEPATH><FILENAME>test092.cpp</FILENAME><LINE>69</LINE><COLUMN>27</COLUMN></SFA><SFA><FILEPATH>c:\somepath\</FILEPATH><FILENAME>test092.cpp</FILENAME><LINE>71</LINE><COLUMN>16</COLUMN></SFA><SFA><FILEPATH>c:\somepath\</FILEPATH><FILENAME>test092.cpp</FILENAME><LINE>71</LINE><COLUMN>21</COLUMN></SFA><SFA><FILEPATH>c:\somepath\</FILEPATH><FILENAME>test092.cpp</FILENAME><LINE>72</LINE><COLUMN>13</COLUMN></SFA><SFA><FILEPATH>c:\somepath\</FILEPATH><FILENAME>test092.cpp</FILENAME><LINE>69</LINE><COLUMN>38</COLUMN></SFA><SFA><FILEPATH>c:\somepath\</FILEPATH><FILENAME>test092.cpp</FILENAME><LINE>69</LINE><COLUMN>27</COLUMN></SFA><SFA><FILEPATH>c:\somepath\</FILEPATH><FILENAME>test092.cpp</FILENAME><LINE>74</LINE><COLUMN>9</COLUMN></SFA></PATH></DEFECT><DEFECT><SFA><FILEPATH>c:\somepath\</FILEPATH><FILENAME>test092.cpp</FILENAME><LINE>84</LINE><COLUMN>15</COLUMN></SFA><DEFECTCODE>26014</DEFECTCODE><DESCRIPTION>Potential overflow using expression 'a[i / 1099511628032]'
PREFAST_NEWLINE
This is likely to be due to incorrect or insufficient validation of the buffer access
PREFAST_NEWLINE
Buffer accessed is a
PREFAST_NEWLINE
Buffer is of length 15 elements (4 bytes/element) [size of variable]
PREFAST_NEWLINE
Accessing the element (4 bytes/element) at element offset {i / 1099511628032}`84
PREFAST_NEWLINE

PREFAST_NEWLINE
Values of variables:
PREFAST_NEWLINE
i = 1099511628032*{loop iterations}'82 + 1099511628032
PREFAST_NEWLINE

PREFAST_NEWLINE
where
PREFAST_NEWLINE
1099511628032*{loop iterations}'82 + 1099511628032 == 1099511628032*{i / 1099511628032}`84 + {(1099511628032*{loop iterations}'82 + 1099511628032) % 1099511628032}`84
PREFAST_NEWLINE
{(1099511628032*{loop iterations}'82 + 1099511628032) % 1099511628032}`84 &lt;= 1099511628031
PREFAST_NEWLINE
{(1099511628032*{loop iterations}'82 + 1099511628032) % 1099511628032}`84 &gt;= 0
PREFAST_NEWLINE
{loop iterations}'82 &lt;= 14
PREFAST_NEWLINE
{loop iterations}'82 &gt;= 0
PREFAST_NEWLINE

PREFAST_NEWLINE
Overrun access occurs when
PREFAST_NEWLINE
{i / 1099511628032}`84 &gt;= 15
PREFAST_NEWLINE
</DESCRIPTION><FUNCTION>test2x</FUNCTION><DECORATED>?test2x@@YAXXZ</DECORATED><FUNCLINE>78</FUNCLINE><PATH><SFA><FILEPATH>c:\somepath\</FILEPATH><FILENAME>test092.cpp</FILENAME><LINE>78</LINE><COLUMN>5</COLUMN></SFA><SFA><FILEPATH>c:\somepath\</FILEPATH><FILENAME>test092.cpp</FILENAME><LINE>80</LINE><COLUMN>8</COLUMN></SFA><SFA><FILEPATH>c:\somepath\</FILEPATH><FILENAME>test092.cpp</FILENAME><LINE>82</LINE><COLUMN>17</COLUMN></SFA><SFA><FILEPATH>c:\somepath\</FILEPATH><FILENAME>test092.cpp</FILENAME><LINE>82</LINE><COLUMN>21</COLUMN></SFA><SFA><FILEPATH>c:\somepath\</FILEPATH><FILENAME>test092.cpp</FILENAME><LINE>82</LINE><COLUMN>27</COLUMN></SFA><SFA><FILEPATH>c:\somepath\</FILEPATH><FILENAME>test092.cpp</FILENAME><LINE>84</LINE><COLUMN>15</COLUMN></SFA><SFA><FILEPATH>c:\somepath\</FILEPATH><FILENAME>test092.cpp</FILENAME><LINE>82</LINE><COLUMN>38</COLUMN></SFA><SFA><FILEPATH>c:\somepath\</FILEPATH><FILENAME>test092.cpp</FILENAME><LINE>82</LINE><COLUMN>27</COLUMN></SFA><SFA><FILEPATH>c:\somepath\</FILEPATH><FILENAME>test092.cpp</FILENAME><LINE>84</LINE><COLUMN>15</COLUMN></SFA><SFA><FILEPATH>c:\somepath\</FILEPATH><FILENAME>test092.cpp</FILENAME><LINE>82</LINE><COLUMN>38</COLUMN></SFA><SFA><FILEPATH>c:\somepath\</FILEPATH><FILENAME>test092.cpp</FILENAME><LINE>82</LINE><COLUMN>27</COLUMN></SFA><SFA><FILEPATH>c:\somepath\</FILEPATH><FILENAME>test092.cpp</FILENAME><LINE>84</LINE><COLUMN>15</COLUMN></SFA></PATH></DEFECT><DEFECT><SFA><FILEPATH>c:\somepath\</FILEPATH><FILENAME>test092.cpp</FILENAME><LINE>86</LINE><COLUMN>9</COLUMN></SFA><DEFECTCODE>26001</DEFECTCODE><DESCRIPTION>Underflow using expression 'a[-9]'
PREFAST_NEWLINE
Buffer accessed is a
PREFAST_NEWLINE
Buffer is of length 15 elements (4 bytes/element) [size of variable]
PREFAST_NEWLINE
Accessing the element (4 bytes/element) at element offset -9
PREFAST_NEWLINE
</DESCRIPTION><FUNCTION>test2x</FUNCTION><DECORATED>?test2x@@YAXXZ</DECORATED><FUNCLINE>78</FUNCLINE><PATH><SFA><FILEPATH>c:\somepath\</FILEPATH><FILENAME>test092.cpp</FILENAME><LINE>78</LINE><COLUMN>5</COLUMN></SFA><SFA><FILEPATH>c:\somepath\</FILEPATH><FILENAME>test092.cpp</FILENAME><LINE>80</LINE><COLUMN>8</COLUMN></SFA><SFA><FILEPATH>c:\somepath\</FILEPATH><FILENAME>test092.cpp</FILENAME><LINE>82</LINE><COLUMN>17</COLUMN></SFA><SFA><FILEPATH>c:\somepath\</FILEPATH><FILENAME>test092.cpp</FILENAME><LINE>82</LINE><COLUMN>21</COLUMN></SFA><SFA><FILEPATH>c:\somepath\</FILEPATH><FILENAME>test092.cpp</FILENAME><LINE>82</LINE><COLUMN>27</COLUMN></SFA><SFA><FILEPATH>c:\somepath\</FILEPATH><FILENAME>test092.cpp</FILENAME><LINE>84</LINE><COLUMN>15</COLUMN></SFA><SFA><FILEPATH>c:\somepath\</FILEPATH><FILENAME>test092.cpp</FILENAME><LINE>82</LINE><COLUMN>38</COLUMN></SFA><SFA><FILEPATH>c:\somepath\</FILEPATH><FILENAME>test092.cpp</FILENAME><LINE>82</LINE><COLUMN>27</COLUMN></SFA><SFA><FILEPATH>c:\somepath\</FILEPATH><FILENAME>test092.cpp</FILENAME><LINE>84</LINE><COLUMN>15</COLUMN></SFA><SFA><FILEPATH>c:\somepath\</FILEPATH><FILENAME>test092.cpp</FILENAME><LINE>82</LINE><COLUMN>38</COLUMN></SFA><SFA><FILEPATH>c:\somepath\</FILEPATH><FILENAME>test092.cpp</FILENAME><LINE>82</LINE><COLUMN>27</COLUMN></SFA><SFA><FILEPATH>c:\somepath\</FILEPATH><FILENAME>test092.cpp</FILENAME><LINE>84</LINE><COLUMN>15</COLUMN></SFA><SFA><FILEPATH>c:\somepath\</FILEPATH><FILENAME>test092.cpp</FILENAME><LINE>82</LINE><COLUMN>38</COLUMN></SFA><SFA><FILEPATH>c:\somepath\</FILEPATH><FILENAME>test092.cpp</FILENAME><LINE>82</LINE><COLUMN>27</COLUMN></SFA><SFA><FILEPATH>c:\somepath\</FILEPATH><FILENAME>test092.cpp</FILENAME><LINE>86</LINE><COLUMN>9</COLUMN></SFA></PATH></DEFECT><DEFECT><SFA><FILEPATH>c:\somepath\</FILEPATH><FILENAME>test092.cpp</FILENAME><LINE>96</LINE><COLUMN>13</COLUMN></SFA><DEFECTCODE>26014</DEFECTCODE><DESCRIPTION>Potential overflow using expression 'a[x]'
PREFAST_NEWLINE
This is likely to be due to incorrect or insufficient validation of the buffer access
PREFAST_NEWLINE
Buffer accessed is a
PREFAST_NEWLINE
Buffer is of length 15 elements (4 bytes/element) [size of variable]
PREFAST_NEWLINE
Accessing the element (4 bytes/element) at element offset {i &gt;&gt; 40}`95
PREFAST_NEWLINE

PREFAST_NEWLINE
Values of variables:
PREFAST_NEWLINE
x = {i &gt;&gt; 40}`95
PREFAST_NEWLINE

PREFAST_NEWLINE
where
PREFAST_NEWLINE
1099511627776*{loop iterations}'93 + 1099511627776 == 1099511627776*{i &gt;&gt; 40}`95 + {(1099511627776*{loop iterations}'93 + 1099511627776) % 1099511627776}`95
PREFAST_NEWLINE
{(1099511627776*{loop iterations}'93 + 1099511627776) % 1099511627776}`95 &lt;= 1099511627775
PREFAST_NEWLINE
{(1099511627776*{loop iterations}'93 + 1099511627776) % 1099511627776}`95 &gt;= 0
PREFAST_NEWLINE
{i &gt;&gt; 40}`95 &gt;= 0
PREFAST_NEWLINE
{loop iterations}'93 &lt;= 14
PREFAST_NEWLINE
{loop iterations}'93 &gt;= 0
PREFAST_NEWLINE

PREFAST_NEWLINE
Overrun access occurs when
PREFAST_NEWLINE
{i &gt;&gt; 40}`95 &gt;= 15
PREFAST_NEWLINE
</DESCRIPTION><FUNCTION>test2tu</FUNCTION><DECORATED>?test2tu@@YAXXZ</DECORATED><FUNCLINE>89</FUNCLINE><PATH><SFA><FILEPATH>c:\somepath\</FILEPATH><FILENAME>test092.cpp</FILENAME><LINE>89</LINE><COLUMN>5</COLUMN></SFA><SFA><FILEPATH>c:\somepath\</FILEPATH><FILENAME>test092.cpp</FILENAME><LINE>91</LINE><COLUMN>8</COLUMN></SFA><SFA><FILEPATH>c:\somepath\</FILEPATH><FILENAME>test092.cpp</FILENAME><LINE>93</LINE><COLUMN>26</COLUMN></SFA><SFA><FILEPATH>c:\somepath\</FILEPATH><FILENAME>test092.cpp</FILENAME><LINE>93</LINE><COLUMN>30</COLUMN></SFA><SFA><FILEPATH>c:\somepath\</FILEPATH><FILENAME>test092.cpp</FILENAME><LINE>93</LINE><COLUMN>36</COLUMN></SFA><SFA><FILEPATH>c:\somepath\</FILEPATH><FILENAME>test092.cpp</FILENAME><LINE>95</LINE><COLUMN>25</COLUMN></SFA><SFA><FILEPATH>c:\somepath\</FILEPATH><FILENAME>test092.cpp</FILENAME><LINE>95</LINE><COLUMN>30</COLUMN></SFA><SFA><FILEPATH>c:\somepath\</FILEPATH><FILENAME>test092.cpp</FILENAME><LINE>96</LINE><COLUMN>13</COLUMN></SFA><SFA><FILEPATH>c:\somepath\</FILEPATH><FILENAME>test092.cpp</FILENAME><LINE>93</LINE><COLUMN>47</COLUMN></SFA><SFA><FILEPATH>c:\somepath\</FILEPATH><FILENAME>test092.cpp</FILENAME><LINE>93</LINE><COLUMN>36</COLUMN></SFA><SFA><FILEPATH>c:\somepath\</FILEPATH><FILENAME>test092.cpp</FILENAME><LINE>95</LINE><COLUMN>25</COLUMN></SFA><SFA><FILEPATH>c:\somepath\</FILEPATH><FILENAME>test092.cpp</FILENAME><LINE>95</LINE><COLUMN>30</COLUMN></SFA><SFA><FILEPATH>c:\somepath\</FILEPATH><FILENAME>test092.cpp</FILENAME><LINE>96</LINE><COLUMN>13</COLUMN></SFA><SFA><FILEPATH>c:\somepath\</FILEPATH><FILENAME>test092.cpp</FILENAME><LINE>93</LINE><COLUMN>47</COLUMN></SFA><SFA><FILEPATH>c:\somepath\</FILEPATH><FILENAME>test092.cpp</FILENAME><LINE>93</LINE><COLUMN>36</COLUMN></SFA><SFA><FILEPATH>c:\somepath\</FILEPATH><FILENAME>test092.cpp</FILENAME><LINE>95</LINE><COLUMN>25</COLUMN></SFA><SFA><FILEPATH>c:\somepath\</FILEPATH><FILENAME>test092.cpp</FILENAME><LINE>95</LINE><COLUMN>30</COLUMN></SFA><SFA><FILEPATH>c:\somepath\</FILEPATH><FILENAME>test092.cpp</FILENAME><LINE>96</LINE><COLUMN>13</COLUMN></SFA></PATH></DEFECT><DEFECT><SFA><FILEPATH>c:\somepath\</FILEPATH><FILENAME>test092.cpp</FILENAME><LINE>98</LINE><COLUMN>9</COLUMN></SFA><DEFECTCODE>26001</DEFECTCODE><DESCRIPTION>Underflow using expression 'a[-9]'
PREFAST_NEWLINE
Buffer accessed is a
PREFAST_NEWLINE
Buffer is of length 15 elements (4 bytes/element) [size of variable]
PREFAST_NEWLINE
Accessing the element (4 bytes/element) at element offset -9
PREFAST_NEWLINE
</DESCRIPTION><FUNCTION>test2tu</FUNCTION><DECORATED>?test2tu@@YAXXZ</DECORATED><FUNCLINE>89</FUNCLINE><PATH><SFA><FILEPATH>c:\somepath\</FILEPATH><FILENAME>test092.cpp</FILENAME><LINE>89</LINE><COLUMN>5</COLUMN></SFA><SFA><FILEPATH>c:\somepath\</FILEPATH><FILENAME>test092.cpp</FILENAME><LINE>91</LINE><COLUMN>8</COLUMN></SFA><SFA><FILEPATH>c:\somepath\</FILEPATH><FILENAME>test092.cpp</FILENAME><LINE>93</LINE><COLUMN>26</COLUMN></SFA><SFA><FILEPATH>c:\somepath\</FILEPATH><FILENAME>test092.cpp</FILENAME><LINE>93</LINE><COLUMN>30</COLUMN></SFA><SFA><FILEPATH>c:\somepath\</FILEPATH><FILENAME>test092.cpp</FILENAME><LINE>93</LINE><COLUMN>36</COLUMN></SFA><SFA><FILEPATH>c:\somepath\</FILEPATH><FILENAME>test092.cpp</FILENAME><LINE>95</LINE><COLUMN>25</COLUMN></SFA><SFA><FILEPATH>c:\somepath\</FILEPATH><FILENAME>test092.cpp</FILENAME><LINE>95</LINE><COLUMN>30</COLUMN></SFA><SFA><FILEPATH>c:\somepath\</FILEPATH><FILENAME>test092.cpp</FILENAME><LINE>96</LINE><COLUMN>13</COLUMN></SFA><SFA><FILEPATH>c:\somepath\</FILEPATH><FILENAME>test092.cpp</FILENAME><LINE>93</LINE><COLUMN>47</COLUMN></SFA><SFA><FILEPATH>c:\somepath\</FILEPATH><FILENAME>test092.cpp</FILENAME><LINE>93</LINE><COLUMN>36</COLUMN></SFA><SFA><FILEPATH>c:\somepath\</FILEPATH><FILENAME>test092.cpp</FILENAME><LINE>95</LINE><COLUMN>25</COLUMN></SFA><SFA><FILEPATH>c:\somepath\</FILEPATH><FILENAME>test092.cpp</FILENAME><LINE>95</LINE><COLUMN>30</COLUMN></SFA><SFA><FILEPATH>c:\somepath\</FILEPATH><FILENAME>test092.cpp</FILENAME><LINE>96</LINE><COLUMN>13</COLUMN></SFA><SFA><FILEPATH>c:\somepath\</FILEPATH><FILENAME>test092.cpp</FILENAME><LINE>93</LINE><COLUMN>47</COLUMN></SFA><SFA><FILEPATH>c:\somepath\</FILEPATH><FILENAME>test092.cpp</FILENAME><LINE>93</LINE><COLUMN>36</COLUMN></SFA><SFA><FILEPATH>c:\somepath\</FILEPATH><FILENAME>test092.cpp</FILENAME><LINE>95</LINE><COLUMN>25</COLUMN></SFA><SFA><FILEPATH>c:\somepath\</FILEPATH><FILENAME>test092.cpp</FILENAME><LINE>95</LINE><COLUMN>30</COLUMN></SFA><SFA><FILEPATH>c:\somepath\</FILEPATH><FILENAME>test092.cpp</FILENAME><LINE>96</LINE><COLUMN>13</COLUMN></SFA><SFA><FILEPATH>c:\somepath\</FILEPATH><FILENAME>test092.cpp</FILENAME><LINE>93</LINE><COLUMN>47</COLUMN></SFA><SFA><FILEPATH>c:\somepath\</FILEPATH><FILENAME>test092.cpp</FILENAME><LINE>93</LINE><COLUMN>36</COLUMN></SFA><SFA><FILEPATH>c:\somepath\</FILEPATH><FILENAME>test092.cpp</FILENAME><LINE>98</LINE><COLUMN>9</COLUMN></SFA></PATH></DEFECT><DEFECT><SFA><FILEPATH>c:\somepath\</FILEPATH><FILENAME>test092.cpp</FILENAME><LINE>110</LINE><COLUMN>13</COLUMN></SFA><DEFECTCODE>26014</DEFECTCODE><DESCRIPTION>Potential overflow using expression 'a[x]'
PREFAST_NEWLINE
This is likely to be due to incorrect or insufficient validation of the buffer access
PREFAST_NEWLINE
Buffer accessed is a
PREFAST_NEWLINE
Buffer is of length 15 elements (4 bytes/element) [size of variable]
PREFAST_NEWLINE
Accessing the element (4 bytes/element) at element offset {i &gt;&gt; 10}`109
PREFAST_NEWLINE

PREFAST_NEWLINE
Values of variables:
PREFAST_NEWLINE
x = {i &gt;&gt; 10}`109
PREFAST_NEWLINE

PREFAST_NEWLINE
where
PREFAST_NEWLINE
1024*{loop iterations}'107 + 1024 == 1024*{i &gt;&gt; 10}`109 + {(1024*{loop iterations}'107 + 1024) % 1024}`109
PREFAST_NEWLINE
{(1024*{loop iterations}'107 + 1024) % 1024}`109 &lt;= 1023
PREFAST_NEWLINE
{(1024*{loop iterations}'107 + 1024) % 1024}`109 &gt;= 0
PREFAST_NEWLINE
{i &gt;&gt; 10}`109 &gt;= 0
PREFAST_NEWLINE
{loop iterations}'107 &lt;= 14
PREFAST_NEWLINE
{loop iterations}'107 &gt;= 0
PREFAST_NEWLINE

PREFAST_NEWLINE
Overrun access occurs when
PREFAST_NEWLINE
{i &gt;&gt; 10}`109 &gt;= 15
PREFAST_NEWLINE
</DESCRIPTION><FUNCTION>test2ku</FUNCTION><DECORATED>?test2ku@@YAXXZ</DECORATED><FUNCLINE>103</FUNCLINE><PATH><SFA><FILEPATH>c:\somepath\</FILEPATH><FILENAME>test092.cpp</FILENAME><LINE>103</LINE><COLUMN>5</COLUMN></SFA><SFA><FILEPATH>c:\somepath\</FILEPATH><FILENAME>test092.cpp</FILENAME><LINE>105</LINE><COLUMN>8</COLUMN></SFA><SFA><FILEPATH>c:\somepath\</FILEPATH><FILENAME>test092.cpp</FILENAME><LINE>107</LINE><COLUMN>26</COLUMN></SFA><SFA><FILEPATH>c:\somepath\</FILEPATH><FILENAME>test092.cpp</FILENAME><LINE>107</LINE><COLUMN>30</COLUMN></SFA><SFA><FILEPATH>c:\somepath\</FILEPATH><FILENAME>test092.cpp</FILENAME><LINE>107</LINE><COLUMN>36</COLUMN></SFA><SFA><FILEPATH>c:\somepath\</FILEPATH><FILENAME>test092.cpp</FILENAME><LINE>109</LINE><COLUMN>16</COLUMN></SFA><SFA><FILEPATH>c:\somepath\</FILEPATH><FILENAME>test092.cpp</FILENAME><LINE>109</LINE><COLUMN>21</COLUMN></SFA><SFA><FILEPATH>c:\somepath\</FILEPATH><FILENAME>test092.cpp</FILENAME><LINE>110</LINE><COLUMN>13</COLUMN></SFA><SFA><FILEPATH>c:\somepath\</FILEPATH><FILENAME>test092.cpp</FILENAME><LINE>107</LINE><COLUMN>47</COLUMN></SFA><SFA><FILEPATH>c:\somepath\</FILEPATH><FILENAME>test092.cpp</FILENAME><LINE>107</LINE><COLUMN>36</COLUMN></SFA><SFA><FILEPATH>c:\somepath\</FILEPATH><FILENAME>test092.cpp</FILENAME><LINE>109</LINE><COLUMN>16</COLUMN></SFA><SFA><FILEPATH>c:\somepath\</FILEPATH><FILENAME>test092.cpp</FILENAME><LINE>109</LINE><COLUMN>21</COLUMN></SFA><SFA><FILEPATH>c:\somepath\</FILEPATH><FILENAME>test092.cpp</FILENAME><LINE>110</LINE><COLUMN>13</COLUMN></SFA><SFA><FILEPATH>c:\somepath\</FILEPATH><FILENAME>test092.cpp</FILENAME><LINE>107</LINE><COLUMN>47</COLUMN></SFA><SFA><FILEPATH>c:\somepath\</FILEPATH><FILENAME>test092.cpp</FILENAME><LINE>107</LINE><COLUMN>36</COLUMN></SFA><SFA><FILEPATH>c:\somepath\</FILEPATH><FILENAME>test092.cpp</FILENAME><LINE>109</LINE><COLUMN>16</COLUMN></SFA><SFA><FILEPATH>c:\somepath\</FILEPATH><FILENAME>test092.cpp</FILENAME><LINE>109</LINE><COLUMN>21</COLUMN></SFA><SFA><FILEPATH>c:\somepath\</FILEPATH><FILENAME>test092.cpp</FILENAME><LINE>110</LINE><COLUMN>13</COLUMN></SFA></PATH></DEFECT><DEFECT><SFA><FILEPATH>c:\somepath\</FILEPATH><FILENAME>test092.cpp</FILENAME><LINE>112</LINE><COLUMN>9</COLUMN></SFA><DEFECTCODE>26001</DEFECTCODE><DESCRIPTION>Underflow using expression 'a[-9]'
PREFAST_NEWLINE
Buffer accessed is a
PREFAST_NEWLINE
Buffer is of length 15 elements (4 bytes/element) [size of variable]
PREFAST_NEWLINE
Accessing the element (4 bytes/element) at element offset -9
PREFAST_NEWLINE
</DESCRIPTION><FUNCTION>test2ku</FUNCTION><DECORATED>?test2ku@@YAXXZ</DECORATED><FUNCLINE>103</FUNCLINE><PATH><SFA><FILEPATH>c:\somepath\</FILEPATH><FILENAME>test092.cpp</FILENAME><LINE>103</LINE><COLUMN>5</COLUMN></SFA><SFA><FILEPATH>c:\somepath\</FILEPATH><FILENAME>test092.cpp</FILENAME><LINE>105</LINE><COLUMN>8</COLUMN></SFA><SFA><FILEPATH>c:\somepath\</FILEPATH><FILENAME>test092.cpp</FILENAME><LINE>107</LINE><COLUMN>26</COLUMN></SFA><SFA><FILEPATH>c:\somepath\</FILEPATH><FILENAME>test092.cpp</FILENAME><LINE>107</LINE><COLUMN>30</COLUMN></SFA><SFA><FILEPATH>c:\somepath\</FILEPATH><FILENAME>test092.cpp</FILENAME><LINE>107</LINE><COLUMN>36</COLUMN></SFA><SFA><FILEPATH>c:\somepath\</FILEPATH><FILENAME>test092.cpp</FILENAME><LINE>109</LINE><COLUMN>16</COLUMN></SFA><SFA><FILEPATH>c:\somepath\</FILEPATH><FILENAME>test092.cpp</FILENAME><LINE>109</LINE><COLUMN>21</COLUMN></SFA><SFA><FILEPATH>c:\somepath\</FILEPATH><FILENAME>test092.cpp</FILENAME><LINE>110</LINE><COLUMN>13</COLUMN></SFA><SFA><FILEPATH>c:\somepath\</FILEPATH><FILENAME>test092.cpp</FILENAME><LINE>107</LINE><COLUMN>47</COLUMN></SFA><SFA><FILEPATH>c:\somepath\</FILEPATH><FILENAME>test092.cpp</FILENAME><LINE>107</LINE><COLUMN>36</COLUMN></SFA><SFA><FILEPATH>c:\somepath\</FILEPATH><FILENAME>test092.cpp</FILENAME><LINE>109</LINE><COLUMN>16</COLUMN></SFA><SFA><FILEPATH>c:\somepath\</FILEPATH><FILENAME>test092.cpp</FILENAME><LINE>109</LINE><COLUMN>21</COLUMN></SFA><SFA><FILEPATH>c:\somepath\</FILEPATH><FILENAME>test092.cpp</FILENAME><LINE>110</LINE><COLUMN>13</COLUMN></SFA><SFA><FILEPATH>c:\somepath\</FILEPATH><FILENAME>test092.cpp</FILENAME><LINE>107</LINE><COLUMN>47</COLUMN></SFA><SFA><FILEPATH>c:\somepath\</FILEPATH><FILENAME>test092.cpp</FILENAME><LINE>107</LINE><COLUMN>36</COLUMN></SFA><SFA><FILEPATH>c:\somepath\</FILEPATH><FILENAME>test092.cpp</FILENAME><LINE>109</LINE><COLUMN>16</COLUMN></SFA><SFA><FILEPATH>c:\somepath\</FILEPATH><FILENAME>test092.cpp</FILENAME><LINE>109</LINE><COLUMN>21</COLUMN></SFA><SFA><FILEPATH>c:\somepath\</FILEPATH><FILENAME>test092.cpp</FILENAME><LINE>110</LINE><COLUMN>13</COLUMN></SFA><SFA><FILEPATH>c:\somepath\</FILEPATH><FILENAME>test092.cpp</FILENAME><LINE>107</LINE><COLUMN>47</COLUMN></SFA><SFA><FILEPATH>c:\somepath\</FILEPATH><FILENAME>test092.cpp</FILENAME><LINE>107</LINE><COLUMN>36</COLUMN></SFA><SFA><FILEPATH>c:\somepath\</FILEPATH><FILENAME>test092.cpp</FILENAME><LINE>112</LINE><COLUMN>9</COLUMN></SFA></PATH></DEFECT><DEFECT><SFA><FILEPATH>c:\somepath\</FILEPATH><FILENAME>test092.cpp</FILENAME><LINE>122</LINE><COLUMN>15</COLUMN></SFA><DEFECTCODE>26014</DEFECTCODE><DESCRIPTION>Potential overflow using expression 'a[i / 1099511628032]'
PREFAST_NEWLINE
This is likely to be due to incorrect or insufficient validation of the buffer access
PREFAST_NEWLINE
Buffer accessed is a
PREFAST_NEWLINE
Buffer is of length 15 elements (4 bytes/element) [size of variable]
PREFAST_NEWLINE
Accessing the element (4 bytes/element) at element offset {i / 1099511628032}`122
PREFAST_NEWLINE

PREFAST_NEWLINE
Values of variables:
PREFAST_NEWLINE
i = 1099511628032*{loop iterations}'120 + 1099511628032
PREFAST_NEWLINE

PREFAST_NEWLINE
where
PREFAST_NEWLINE
1099511628032*{loop iterations}'120 + 1099511628032 == 1099511628032*{i / 1099511628032}`122 + {(1099511628032*{loop iterations}'120 + 1099511628032) % 1099511628032}`122
PREFAST_NEWLINE
{(1099511628032*{loop iterations}'120 + 1099511628032) % 1099511628032}`122 &lt;= 1099511628031
PREFAST_NEWLINE
{(1099511628032*{loop iterations}'120 + 1099511628032) % 1099511628032}`122 &gt;= 0
PREFAST_NEWLINE
{i / 1099511628032}`122 &gt;= 0
PREFAST_NEWLINE
{loop iterations}'120 &lt;= 14
PREFAST_NEWLINE
{loop iterations}'120 &gt;= 0
PREFAST_NEWLINE

PREFAST_NEWLINE
Overrun access occurs when
PREFAST_NEWLINE
{i / 1099511628032}`122 &gt;= 15
PREFAST_NEWLINE
</DESCRIPTION><FUNCTION>test2xu</FUNCTION><DECORATED>?test2xu@@YAXXZ</DECORATED><FUNCLINE>116</FUNCLINE><PATH><SFA><FILEPATH>c:\somepath\</FILEPATH><FILENAME>test092.cpp</FILENAME><LINE>116</LINE><COLUMN>5</COLUMN></SFA><SFA><FILEPATH>c:\somepath\</FILEPATH><FILENAME>test092.cpp</FILENAME><LINE>118</LINE><COLUMN>8</COLUMN></SFA><SFA><FILEPATH>c:\somepath\</FILEPATH><FILENAME>test092.cpp</FILENAME><LINE>120</LINE><COLUMN>26</COLUMN></SFA><SFA><FILEPATH>c:\somepath\</FILEPATH><FILENAME>test092.cpp</FILENAME><LINE>120</LINE><COLUMN>30</COLUMN></SFA><SFA><FILEPATH>c:\somepath\</FILEPATH><FILENAME>test092.cpp</FILENAME><LINE>120</LINE><COLUMN>36</COLUMN></SFA><SFA><FILEPATH>c:\somepath\</FILEPATH><FILENAME>test092.cpp</FILENAME><LINE>122</LINE><COLUMN>15</COLUMN></SFA><SFA><FILEPATH>c:\somepath\</FILEPATH><FILENAME>test092.cpp</FILENAME><LINE>120</LINE><COLUMN>47</COLUMN></SFA><SFA><FILEPATH>c:\somepath\</FILEPATH><FILENAME>test092.cpp</FILENAME><LINE>120</LINE><COLUMN>36</COLUMN></SFA><SFA><FILEPATH>c:\somepath\</FILEPATH><FILENAME>test092.cpp</FILENAME><LINE>122</LINE><COLUMN>15</COLUMN></SFA><SFA><FILEPATH>c:\somepath\</FILEPATH><FILENAME>test092.cpp</FILENAME><LINE>120</LINE><COLUMN>47</COLUMN></SFA><SFA><FILEPATH>c:\somepath\</FILEPATH><FILENAME>test092.cpp</FILENAME><LINE>120</LINE><COLUMN>36</COLUMN></SFA><SFA><FILEPATH>c:\somepath\</FILEPATH><FILENAME>test092.cpp</FILENAME><LINE>122</LINE><COLUMN>15</COLUMN></SFA></PATH></DEFECT><DEFECT><SFA><FILEPATH>c:\somepath\</FILEPATH><FILENAME>test092.cpp</FILENAME><LINE>124</LINE><COLUMN>9</COLUMN></SFA><DEFECTCODE>26001</DEFECTCODE><DESCRIPTION>Underflow using expression 'a[-9]'
PREFAST_NEWLINE
Buffer accessed is a
PREFAST_NEWLINE
Buffer is of length 15 elements (4 bytes/element) [size of variable]
PREFAST_NEWLINE
Accessing the element (4 bytes/element) at element offset -9
PREFAST_NEWLINE
</DESCRIPTION><FUNCTION>test2xu</FUNCTION><DECORATED>?test2xu@@YAXXZ</DECORATED><FUNCLINE>116</FUNCLINE><PATH><SFA><FILEPATH>c:\somepath\</FILEPATH><FILENAME>test092.cpp</FILENAME><LINE>116</LINE><COLUMN>5</COLUMN></SFA><SFA><FILEPATH>c:\somepath\</FILEPATH><FILENAME>test092.cpp</FILENAME><LINE>118</LINE><COLUMN>8</COLUMN></SFA><SFA><FILEPATH>c:\somepath\</FILEPATH><FILENAME>test092.cpp</FILENAME><LINE>120</LINE><COLUMN>26</COLUMN></SFA><SFA><FILEPATH>c:\somepath\</FILEPATH><FILENAME>test092.cpp</FILENAME><LINE>120</LINE><COLUMN>30</COLUMN></SFA><SFA><FILEPATH>c:\somepath\</FILEPATH><FILENAME>test092.cpp</FILENAME><LINE>120</LINE><COLUMN>36</COLUMN></SFA><SFA><FILEPATH>c:\somepath\</FILEPATH><FILENAME>test092.cpp</FILENAME><LINE>122</LINE><COLUMN>15</COLUMN></SFA><SFA><FILEPATH>c:\somepath\</FILEPATH><FILENAME>test092.cpp</FILENAME><LINE>120</LINE><COLUMN>47</COLUMN></SFA><SFA><FILEPATH>c:\somepath\</FILEPATH><FILENAME>test092.cpp</FILENAME><LINE>120</LINE><COLUMN>36</COLUMN></SFA><SFA><FILEPATH>c:\somepath\</FILEPATH><FILENAME>test092.cpp</FILENAME><LINE>122</LINE><COLUMN>15</COLUMN></SFA><SFA><FILEPATH>c:\somepath\</FILEPATH><FILENAME>test092.cpp</FILENAME><LINE>120</LINE><COLUMN>47</COLUMN></SFA><SFA><FILEPATH>c:\somepath\</FILEPATH><FILENAME>test092.cpp</FILENAME><LINE>120</LINE><COLUMN>36</COLUMN></SFA><SFA><FILEPATH>c:\somepath\</FILEPATH><FILENAME>test092.cpp</FILENAME><LINE>122</LINE><COLUMN>15</COLUMN></SFA><SFA><FILEPATH>c:\somepath\</FILEPATH><FILENAME>test092.cpp</FILENAME><LINE>120</LINE><COLUMN>47</COLUMN></SFA><SFA><FILEPATH>c:\somepath\</FILEPATH><FILENAME>test092.cpp</FILENAME><LINE>120</LINE><COLUMN>36</COLUMN></SFA><SFA><FILEPATH>c:\somepath\</FILEPATH><FILENAME>test092.cpp</FILENAME><LINE>124</LINE><COLUMN>9</COLUMN></SFA></PATH></DEFECT></DEFECTS>