<?xml version='1.0' encoding='UTF-8'?>
<DEFECTS><DEFECT><SFA><FILEPATH>c:\somepath\</FILEPATH><FILENAME>test157.cpp</FILENAME><LINE>40</LINE><COLUMN>30</COLUMN></SFA><DEFECTCODE>26000</DEFECTCODE><DESCRIPTION>Overflow using expression 'pMS-&gt;m_data[pMS-&gt;m_cData]'
PREFAST_NEWLINE
Buffer accessed is buffer
PREFAST_NEWLINE
Buffer is of length 102 elements (4 bytes/element) [size of variable]
PREFAST_NEWLINE
Accessing the element (4 bytes/element) at element offset 102
PREFAST_NEWLINE

PREFAST_NEWLINE
Values of variables:
PREFAST_NEWLINE
buffer.MyStruct::m_cData = 101
PREFAST_NEWLINE
pMS = &amp;buffer
PREFAST_NEWLINE

PREFAST_NEWLINE
where
PREFAST_NEWLINE
buffer.MyStruct::m_cData`39 == 101
PREFAST_NEWLINE
</DESCRIPTION><FUNCTION>TestMyStructBufferOverrun</FUNCTION><DECORATED>?TestMyStructBufferOverrun@@YAXXZ</DECORATED><FUNCLINE>34</FUNCLINE><PATH><SFA><FILEPATH>c:\somepath\</FILEPATH><FILENAME>test157.cpp</FILENAME><LINE>34</LINE><COLUMN>5</COLUMN></SFA><SFA><FILEPATH>c:\somepath\</FILEPATH><FILENAME>test157.cpp</FILENAME><LINE>36</LINE><COLUMN>18</COLUMN></SFA><SFA><FILEPATH>c:\somepath\</FILEPATH><FILENAME>test157.cpp</FILENAME><LINE>37</LINE><COLUMN>14</COLUMN></SFA><SFA><FILEPATH>c:\somepath\</FILEPATH><FILENAME>test157.cpp</FILENAME><LINE>37</LINE><COLUMN>20</COLUMN></SFA><SFA><FILEPATH>c:\somepath\</FILEPATH><FILENAME>test157.cpp</FILENAME><LINE>39</LINE><COLUMN>16</COLUMN></SFA><SFA><FILEPATH>c:\somepath\</FILEPATH><FILENAME>test157.cpp</FILENAME><LINE>40</LINE><COLUMN>30</COLUMN></SFA></PATH></DEFECT><DEFECT><SFA><FILEPATH>c:\somepath\</FILEPATH><FILENAME>test157.cpp</FILENAME><LINE>47</LINE><COLUMN>26</COLUMN></SFA><DEFECTCODE>26000</DEFECTCODE><DESCRIPTION>Overflow using expression 'ms.m_data[ms.m_cData]'
PREFAST_NEWLINE
Buffer ms.MyStruct::m_data created during call to InitMyStruct on line 46
PREFAST_NEWLINE
Buffer is of length ms.MyStruct::m_cData`46 elements (4 bytes/element) [from type annotation SAL_writableTo(elementCount({parameter 1}-&gt;m_cData)) at c:\somepath\test157.cpp(8) on function InitMyStruct called at line 46]
PREFAST_NEWLINE
Accessing the element (4 bytes/element) at element offset 1
PREFAST_NEWLINE

PREFAST_NEWLINE
Values of variables:
PREFAST_NEWLINE
ms.MyStruct::m_cData = 1
PREFAST_NEWLINE

PREFAST_NEWLINE
where
PREFAST_NEWLINE
ms.MyStruct::m_cData`46 == 1
PREFAST_NEWLINE
</DESCRIPTION><FUNCTION>TestMyStructBufferOverrun2</FUNCTION><DECORATED>?TestMyStructBufferOverrun2@@YAXXZ</DECORATED><FUNCLINE>43</FUNCLINE><PATH><SFA><FILEPATH>c:\somepath\</FILEPATH><FILENAME>test157.cpp</FILENAME><LINE>43</LINE><COLUMN>5</COLUMN></SFA><SFA><FILEPATH>c:\somepath\</FILEPATH><FILENAME>test157.cpp</FILENAME><LINE>45</LINE><COLUMN>13</COLUMN></SFA><SFA><FILEPATH>c:\somepath\</FILEPATH><FILENAME>test157.cpp</FILENAME><LINE>46</LINE><COLUMN>16</COLUMN></SFA><SFA><FILEPATH>c:\somepath\</FILEPATH><FILENAME>test157.cpp</FILENAME><LINE>47</LINE><COLUMN>26</COLUMN></SFA></PATH></DEFECT></DEFECTS>