<?xml version='1.0' encoding='UTF-8'?>
<DEFECTS><DEFECT><SFA><FILEPATH>c:\somepath\</FILEPATH><FILENAME>test005.cpp</FILENAME><LINE>20</LINE><COLUMN>16</COLUMN></SFA><DEFECTCODE>26000</DEFECTCODE><DESCRIPTION>Read overflow using expression 'b[7]'
PREFAST_NEWLINE
Buffer result.mallocInt created during call to mallocInt on line 12
PREFAST_NEWLINE
Buffer is of length 40 bytes [from annotation SAL_writableTo(elementCount({parameter 1})) at c:\somepath\test005.cpp(5) on function mallocInt called at line 12] OR
PREFAST_NEWLINE
  offset(result.mallocInt)`12a + 40 bytes [from annotation _Out_(byteCount({parameter 3})) on function memset called at line 16]
PREFAST_NEWLINE
Accessing 4 bytes starting at byte offset 40
PREFAST_NEWLINE

PREFAST_NEWLINE
Values of variables:
PREFAST_NEWLINE
Pointer b is at offset 12 bytes from the start of the buffer
PREFAST_NEWLINE

PREFAST_NEWLINE
where
PREFAST_NEWLINE
offset(result.mallocInt)`12a == 0
PREFAST_NEWLINE
offset(result.memset)`16a == 0
PREFAST_NEWLINE
</DESCRIPTION><FUNCTION>main</FUNCTION><DECORATED>main</DECORATED><FUNCLINE>10</FUNCLINE><PATH><SFA><FILEPATH>c:\somepath\</FILEPATH><FILENAME>test005.cpp</FILENAME><LINE>10</LINE><COLUMN>4</COLUMN></SFA><SFA><FILEPATH>c:\somepath\</FILEPATH><FILENAME>test005.cpp</FILENAME><LINE>12</LINE><COLUMN>9</COLUMN></SFA><SFA><FILEPATH>c:\somepath\</FILEPATH><FILENAME>test005.cpp</FILENAME><LINE>12</LINE><COLUMN>22</COLUMN></SFA><SFA><FILEPATH>c:\somepath\</FILEPATH><FILENAME>test005.cpp</FILENAME><LINE>12</LINE><COLUMN>22</COLUMN></SFA><SFA><FILEPATH>c:\somepath\</FILEPATH><FILENAME>test005.cpp</FILENAME><LINE>13</LINE><COLUMN>8</COLUMN></SFA><SFA><FILEPATH>c:\somepath\</FILEPATH><FILENAME>test005.cpp</FILENAME><LINE>16</LINE><COLUMN>10</COLUMN></SFA><SFA><FILEPATH>c:\somepath\</FILEPATH><FILENAME>test005.cpp</FILENAME><LINE>18</LINE><COLUMN>9</COLUMN></SFA><SFA><FILEPATH>c:\somepath\</FILEPATH><FILENAME>test005.cpp</FILENAME><LINE>18</LINE><COLUMN>14</COLUMN></SFA><SFA><FILEPATH>c:\somepath\</FILEPATH><FILENAME>test005.cpp</FILENAME><LINE>19</LINE><COLUMN>8</COLUMN></SFA><SFA><FILEPATH>c:\somepath\</FILEPATH><FILENAME>test005.cpp</FILENAME><LINE>19</LINE><COLUMN>16</COLUMN></SFA><SFA><FILEPATH>c:\somepath\</FILEPATH><FILENAME>test005.cpp</FILENAME><LINE>20</LINE><COLUMN>8</COLUMN></SFA><SFA><FILEPATH>c:\somepath\</FILEPATH><FILENAME>test005.cpp</FILENAME><LINE>20</LINE><COLUMN>16</COLUMN></SFA></PATH></DEFECT></DEFECTS>