<?xml version='1.0' encoding='UTF-8'?>
<DEFECTS><DEFECT><SFA><FILEPATH>c:\somepath\</FILEPATH><FILENAME>test049.cpp</FILENAME><LINE>7</LINE><COLUMN>24</COLUMN></SFA><DEFECTCODE>28204</DEFECTCODE><DESCRIPTION>'Compare' has an override at `c:\somepath\test049.cpp(18)` and only the override is annotated for _Param_(1): when an override is annotated, the base (this function) should be similarly annotated.</DESCRIPTION><FUNCTION></FUNCTION><DECORATED></DECORATED><FUNCLINE>0</FUNCLINE><PATH/></DEFECT><DEFECT><SFA><FILEPATH>c:\somepath\</FILEPATH><FILENAME>test049.cpp</FILENAME><LINE>31</LINE><COLUMN>12</COLUMN></SFA><DEFECTCODE>26015</DEFECTCODE><DESCRIPTION>Potential overflow using expression 'buf[100]'
PREFAST_NEWLINE
Buffer access is apparently unbounded by the buffer size.  
PREFAST_NEWLINE

PREFAST_NEWLINE
In particular: any constant is not constrained by (c-&gt;Base::a)`29
PREFAST_NEWLINE

PREFAST_NEWLINE
Buffer buf is a parameter to this function declared on line 29
PREFAST_NEWLINE
Buffer is of length offset(buf)`29 + (c-&gt;Base::a)`29 bytes [from annotation SAL_readableTo(elementCount(c-&gt;a)) at c:\somepath\test049.cpp(29)]
PREFAST_NEWLINE
Accessing the byte at byte offset 100
PREFAST_NEWLINE

PREFAST_NEWLINE
Values of variables:
PREFAST_NEWLINE
Pointer buf is at offset 0 bytes from the start of the buffer
PREFAST_NEWLINE

PREFAST_NEWLINE
where
PREFAST_NEWLINE
offset(buf)`29 == 0
PREFAST_NEWLINE
(c-&gt;Base::a)`29 &gt;= 1
PREFAST_NEWLINE

PREFAST_NEWLINE
Overrun access occurs when
PREFAST_NEWLINE
(c-&gt;Base::a)`29 &lt;= 100
PREFAST_NEWLINE
</DESCRIPTION><FUNCTION>test_b_a</FUNCTION><DECORATED>?test_b_a@@YAXPADPBVBase@@@Z</DECORATED><FUNCLINE>29</FUNCLINE><PATH><SFA><FILEPATH>c:\somepath\</FILEPATH><FILENAME>test049.cpp</FILENAME><LINE>29</LINE><COLUMN>13</COLUMN></SFA><SFA><FILEPATH>c:\somepath\</FILEPATH><FILENAME>test049.cpp</FILENAME><LINE>31</LINE><COLUMN>12</COLUMN></SFA></PATH></DEFECT><DEFECT><SFA><FILEPATH>c:\somepath\</FILEPATH><FILENAME>test049.cpp</FILENAME><LINE>36</LINE><COLUMN>12</COLUMN></SFA><DEFECTCODE>26015</DEFECTCODE><DESCRIPTION>Potential overflow using expression 'buf[100]'
PREFAST_NEWLINE
Buffer access is apparently unbounded by the buffer size.  
PREFAST_NEWLINE

PREFAST_NEWLINE
In particular: any constant is not constrained by (c-&gt;Derived::b)`34
PREFAST_NEWLINE

PREFAST_NEWLINE
Buffer buf is a parameter to this function declared on line 34
PREFAST_NEWLINE
Buffer is of length offset(buf)`34 + (c-&gt;Derived::b)`34 bytes [from annotation SAL_readableTo(elementCount(c-&gt;b)) at c:\somepath\test049.cpp(34)]
PREFAST_NEWLINE
Accessing the byte at byte offset 100
PREFAST_NEWLINE

PREFAST_NEWLINE
Values of variables:
PREFAST_NEWLINE
Pointer buf is at offset 0 bytes from the start of the buffer
PREFAST_NEWLINE

PREFAST_NEWLINE
where
PREFAST_NEWLINE
offset(buf)`34 == 0
PREFAST_NEWLINE
(c-&gt;Derived::b)`34 &gt;= 1
PREFAST_NEWLINE

PREFAST_NEWLINE
Overrun access occurs when
PREFAST_NEWLINE
(c-&gt;Derived::b)`34 &lt;= 100
PREFAST_NEWLINE
</DESCRIPTION><FUNCTION>test_d_b</FUNCTION><DECORATED>?test_d_b@@YAXPADPBVDerived@@@Z</DECORATED><FUNCLINE>34</FUNCLINE><PATH><SFA><FILEPATH>c:\somepath\</FILEPATH><FILENAME>test049.cpp</FILENAME><LINE>34</LINE><COLUMN>13</COLUMN></SFA><SFA><FILEPATH>c:\somepath\</FILEPATH><FILENAME>test049.cpp</FILENAME><LINE>36</LINE><COLUMN>12</COLUMN></SFA></PATH></DEFECT><DEFECT><SFA><FILEPATH>c:\somepath\</FILEPATH><FILENAME>test049.cpp</FILENAME><LINE>42</LINE><COLUMN>12</COLUMN></SFA><DEFECTCODE>26015</DEFECTCODE><DESCRIPTION>Potential overflow using expression 'buf[100]'
PREFAST_NEWLINE
Buffer access is apparently unbounded by the buffer size.  
PREFAST_NEWLINE

PREFAST_NEWLINE
In particular: any constant is not constrained by (c-&gt;Base::a)`40
PREFAST_NEWLINE

PREFAST_NEWLINE
Buffer buf is a parameter to this function declared on line 40
PREFAST_NEWLINE
Buffer is of length offset(buf)`40 + (c-&gt;Base::a)`40 bytes [from annotation SAL_readableTo(elementCount(c-&gt;Base.a)) at c:\somepath\test049.cpp(40)]
PREFAST_NEWLINE
Accessing the byte at byte offset 100
PREFAST_NEWLINE

PREFAST_NEWLINE
Values of variables:
PREFAST_NEWLINE
Pointer buf is at offset 0 bytes from the start of the buffer
PREFAST_NEWLINE

PREFAST_NEWLINE
where
PREFAST_NEWLINE
offset(buf)`40 == 0
PREFAST_NEWLINE
(c-&gt;Base::a)`40 &gt;= 1
PREFAST_NEWLINE

PREFAST_NEWLINE
Overrun access occurs when
PREFAST_NEWLINE
(c-&gt;Base::a)`40 &lt;= 100
PREFAST_NEWLINE
</DESCRIPTION><FUNCTION>test_d_a</FUNCTION><DECORATED>?test_d_a@@YAXPADPBVDerived@@@Z</DECORATED><FUNCLINE>40</FUNCLINE><PATH><SFA><FILEPATH>c:\somepath\</FILEPATH><FILENAME>test049.cpp</FILENAME><LINE>40</LINE><COLUMN>13</COLUMN></SFA><SFA><FILEPATH>c:\somepath\</FILEPATH><FILENAME>test049.cpp</FILENAME><LINE>42</LINE><COLUMN>12</COLUMN></SFA></PATH></DEFECT></DEFECTS>
