<?xml version='1.0' encoding='UTF-8'?>
<DEFECTS><DEFECT><SFA><FILEPATH>c:\somepath\</FILEPATH><FILENAME>test046.cpp</FILENAME><LINE>15</LINE><COLUMN>13</COLUMN></SFA><DEFECTCODE>26024</DEFECTCODE><DESCRIPTION>Cast cannot be proven safe: "(struct S1 *)p" Accessing 12 bytes starting at byte offset 0
PREFAST_NEWLINE

PREFAST_NEWLINE
Values of variables:
PREFAST_NEWLINE
Pointer p is at offset offset(p)`13 bytes from the start of the buffer
PREFAST_NEWLINE
</DESCRIPTION><FUNCTION>f</FUNCTION><DECORATED>?f@@YAXQBUS@@@Z</DECORATED><FUNCLINE>13</FUNCLINE><PATH><SFA><FILEPATH>c:\somepath\</FILEPATH><FILENAME>test046.cpp</FILENAME><LINE>13</LINE><COLUMN>5</COLUMN></SFA><SFA><FILEPATH>c:\somepath\</FILEPATH><FILENAME>test046.cpp</FILENAME><LINE>15</LINE><COLUMN>13</COLUMN></SFA></PATH></DEFECT><DEFECT><SFA><FILEPATH>c:\somepath\</FILEPATH><FILENAME>test046.cpp</FILENAME><LINE>19</LINE><COLUMN>11</COLUMN></SFA><DEFECTCODE>26007</DEFECTCODE><DESCRIPTION>Possibly incorrect single element annotation on buffer
PREFAST_NEWLINE
Read overflow using expression '* (p ++)'
PREFAST_NEWLINE
Buffer p is a parameter to this function declared on line 18
PREFAST_NEWLINE
Buffer lengths are from an assumed __in annotation on the parameter
PREFAST_NEWLINE
Buffer is of length offset(p)`18 + 1 bytes [from annotation valid(elementCount(1)) at c:\somepath\test046.cpp(18)]
PREFAST_NEWLINE
Accessing the byte at byte offset 1
PREFAST_NEWLINE

PREFAST_NEWLINE
Values of variables:
PREFAST_NEWLINE
Pointer p is at offset 2 bytes from the start of the buffer
PREFAST_NEWLINE

PREFAST_NEWLINE
where
PREFAST_NEWLINE
offset(p)`18 == 0
PREFAST_NEWLINE
{loop iterations}'19 == 0
PREFAST_NEWLINE
</DESCRIPTION><FUNCTION>f1</FUNCTION><DECORATED>?f1@@YAXPBD@Z</DECORATED><FUNCLINE>18</FUNCLINE><PATH><SFA><FILEPATH>c:\somepath\</FILEPATH><FILENAME>test046.cpp</FILENAME><LINE>18</LINE><COLUMN>5</COLUMN></SFA><SFA><FILEPATH>c:\somepath\</FILEPATH><FILENAME>test046.cpp</FILENAME><LINE>19</LINE><COLUMN>11</COLUMN></SFA><SFA><FILEPATH>c:\somepath\</FILEPATH><FILENAME>test046.cpp</FILENAME><LINE>19</LINE><COLUMN>11</COLUMN></SFA></PATH></DEFECT><DEFECT><SFA><FILEPATH>c:\somepath\</FILEPATH><FILENAME>test046.cpp</FILENAME><LINE>24</LINE><COLUMN>11</COLUMN></SFA><DEFECTCODE>26007</DEFECTCODE><DESCRIPTION>Possibly incorrect single element annotation on buffer
PREFAST_NEWLINE
Read overflow using expression '* (p ++)'
PREFAST_NEWLINE
Buffer p is a parameter to this function declared on line 23
PREFAST_NEWLINE
Buffer lengths are from an assumed __in annotation on the parameter
PREFAST_NEWLINE
Buffer is of length offset(p)`23 + 2 bytes [from annotation valid(elementCount(1)) at c:\somepath\test046.cpp(23)]
PREFAST_NEWLINE
Accessing 2 bytes starting at byte offset 2
PREFAST_NEWLINE

PREFAST_NEWLINE
Values of variables:
PREFAST_NEWLINE
Pointer p is at offset 4 bytes from the start of the buffer
PREFAST_NEWLINE

PREFAST_NEWLINE
where
PREFAST_NEWLINE
offset(p)`23 == 0
PREFAST_NEWLINE
{loop iterations}'24 == 0
PREFAST_NEWLINE
</DESCRIPTION><FUNCTION>f2</FUNCTION><DECORATED>?f2@@YAXPBG@Z</DECORATED><FUNCLINE>23</FUNCLINE><PATH><SFA><FILEPATH>c:\somepath\</FILEPATH><FILENAME>test046.cpp</FILENAME><LINE>23</LINE><COLUMN>5</COLUMN></SFA><SFA><FILEPATH>c:\somepath\</FILEPATH><FILENAME>test046.cpp</FILENAME><LINE>24</LINE><COLUMN>11</COLUMN></SFA><SFA><FILEPATH>c:\somepath\</FILEPATH><FILENAME>test046.cpp</FILENAME><LINE>24</LINE><COLUMN>11</COLUMN></SFA></PATH></DEFECT><DEFECT><SFA><FILEPATH>c:\somepath\</FILEPATH><FILENAME>test046.cpp</FILENAME><LINE>29</LINE><COLUMN>11</COLUMN></SFA><DEFECTCODE>26007</DEFECTCODE><DESCRIPTION>Possibly incorrect single element annotation on buffer
PREFAST_NEWLINE
Read overflow using expression '* (p ++)'
PREFAST_NEWLINE
Buffer p is a parameter to this function declared on line 28
PREFAST_NEWLINE
Buffer lengths are from an assumed __in annotation on the parameter
PREFAST_NEWLINE
Buffer is of length offset(p)`28 + 2 bytes [from annotation valid(elementCount(1)) at c:\somepath\test046.cpp(28)]
PREFAST_NEWLINE
Accessing 2 bytes starting at byte offset 2
PREFAST_NEWLINE

PREFAST_NEWLINE
Values of variables:
PREFAST_NEWLINE
Pointer p is at offset 4 bytes from the start of the buffer
PREFAST_NEWLINE

PREFAST_NEWLINE
where
PREFAST_NEWLINE
offset(p)`28 == 0
PREFAST_NEWLINE
{loop iterations}'29 == 0
PREFAST_NEWLINE
</DESCRIPTION><FUNCTION>f3</FUNCTION><DECORATED>?f3@@YAXPBG@Z</DECORATED><FUNCLINE>28</FUNCLINE><PATH><SFA><FILEPATH>c:\somepath\</FILEPATH><FILENAME>test046.cpp</FILENAME><LINE>28</LINE><COLUMN>5</COLUMN></SFA><SFA><FILEPATH>c:\somepath\</FILEPATH><FILENAME>test046.cpp</FILENAME><LINE>29</LINE><COLUMN>11</COLUMN></SFA><SFA><FILEPATH>c:\somepath\</FILEPATH><FILENAME>test046.cpp</FILENAME><LINE>29</LINE><COLUMN>11</COLUMN></SFA></PATH></DEFECT><DEFECT><SFA><FILEPATH>c:\somepath\</FILEPATH><FILENAME>test046.cpp</FILENAME><LINE>39</LINE><COLUMN>11</COLUMN></SFA><DEFECTCODE>26007</DEFECTCODE><DESCRIPTION>Possibly incorrect single element annotation on buffer
PREFAST_NEWLINE
Read overflow using expression '* (p ++)'
PREFAST_NEWLINE
Buffer p is a parameter to this function declared on line 38
PREFAST_NEWLINE
Buffer lengths are from an assumed __in annotation on the parameter
PREFAST_NEWLINE
Buffer is of length offset(p)`38 + 1 bytes [from annotation valid(elementCount(1)) at c:\somepath\test046.cpp(38)]
PREFAST_NEWLINE
Accessing the byte at byte offset 1
PREFAST_NEWLINE

PREFAST_NEWLINE
Values of variables:
PREFAST_NEWLINE
Pointer p is at offset 2 bytes from the start of the buffer
PREFAST_NEWLINE

PREFAST_NEWLINE
where
PREFAST_NEWLINE
offset(p)`38 == 0
PREFAST_NEWLINE
{loop iterations}'39 == 0
PREFAST_NEWLINE
</DESCRIPTION><FUNCTION>f4</FUNCTION><DECORATED>?f4@@YAXPBE@Z</DECORATED><FUNCLINE>38</FUNCLINE><PATH><SFA><FILEPATH>c:\somepath\</FILEPATH><FILENAME>test046.cpp</FILENAME><LINE>38</LINE><COLUMN>5</COLUMN></SFA><SFA><FILEPATH>c:\somepath\</FILEPATH><FILENAME>test046.cpp</FILENAME><LINE>39</LINE><COLUMN>11</COLUMN></SFA><SFA><FILEPATH>c:\somepath\</FILEPATH><FILENAME>test046.cpp</FILENAME><LINE>39</LINE><COLUMN>11</COLUMN></SFA></PATH></DEFECT></DEFECTS>