<?xml version='1.0' encoding='UTF-8'?>
<DEFECTS><DEFECT><SFA><FILEPATH>c:\somepath\</FILEPATH><FILENAME>test129.cpp</FILENAME><LINE>33</LINE><COLUMN>4</COLUMN></SFA><DEFECTCODE>26002</DEFECTCODE><DESCRIPTION>Accessing buffer '(*pBuf)' of unspecified length.  Please annotate.
PREFAST_NEWLINE

PREFAST_NEWLINE
If we assume that the buffer has single element in length, then the checker would report:
PREFAST_NEWLINE
Potential read overflow using expression '* (* ((WORD **)pBuf))'
PREFAST_NEWLINE
Accessing unannotated buffer (*pBuf)
PREFAST_NEWLINE
Buffer is of length 1 bytes [assumed because the buffer is unannotated]
PREFAST_NEWLINE
Accessing 2 bytes starting at byte offset 0
PREFAST_NEWLINE

PREFAST_NEWLINE
Values of variables:
PREFAST_NEWLINE
Pointer (*pBuf) is at offset 0 bytes from the start of the buffer
PREFAST_NEWLINE
Pointer pBuf is at offset 0 bytes from the start of pBuf
PREFAST_NEWLINE

PREFAST_NEWLINE
where
PREFAST_NEWLINE
offset((*pBuf))`32a == 0
PREFAST_NEWLINE
</DESCRIPTION><FUNCTION>BadGetWord1</FUNCTION><DECORATED>?BadGetWord1@@YAGPAPAD@Z</DECORATED><FUNCLINE>28</FUNCLINE><PATH><SFA><FILEPATH>c:\somepath\</FILEPATH><FILENAME>test129.cpp</FILENAME><LINE>28</LINE><COLUMN>5</COLUMN></SFA><SFA><FILEPATH>c:\somepath\</FILEPATH><FILENAME>test129.cpp</FILENAME><LINE>32</LINE><COLUMN>9</COLUMN></SFA><SFA><FILEPATH>c:\somepath\</FILEPATH><FILENAME>test129.cpp</FILENAME><LINE>32</LINE><COLUMN>25</COLUMN></SFA><SFA><FILEPATH>c:\somepath\</FILEPATH><FILENAME>test129.cpp</FILENAME><LINE>32</LINE><COLUMN>25</COLUMN></SFA><SFA><FILEPATH>c:\somepath\</FILEPATH><FILENAME>test129.cpp</FILENAME><LINE>33</LINE><COLUMN>4</COLUMN></SFA></PATH></DEFECT><DEFECT><SFA><FILEPATH>c:\somepath\</FILEPATH><FILENAME>test129.cpp</FILENAME><LINE>42</LINE><COLUMN>4</COLUMN></SFA><DEFECTCODE>26000</DEFECTCODE><DESCRIPTION>Read overflow using expression '* (* ((WORD **)pBuf))'
PREFAST_NEWLINE
Buffer (*pBuf) is a parameter to this function declared on line 36
PREFAST_NEWLINE
Buffer is of length 1 elements (2 bytes/element) [from annotation SAL_readableTo(elementCount(2)) at c:\somepath\test129.cpp(36)]
PREFAST_NEWLINE
Accessing the element (2 bytes/element) at element offset 1
PREFAST_NEWLINE

PREFAST_NEWLINE
Values of variables:
PREFAST_NEWLINE
Pointer (*pBuf) is at offset 2 bytes from the start of the buffer
PREFAST_NEWLINE
Pointer pBuf is at offset 0 bytes from the start of pBuf
PREFAST_NEWLINE
</DESCRIPTION><FUNCTION>BadGetWord2</FUNCTION><DECORATED>?BadGetWord2@@YAGPAPAD@Z</DECORATED><FUNCLINE>36</FUNCLINE><PATH><SFA><FILEPATH>c:\somepath\</FILEPATH><FILENAME>test129.cpp</FILENAME><LINE>36</LINE><COLUMN>5</COLUMN></SFA><SFA><FILEPATH>c:\somepath\</FILEPATH><FILENAME>test129.cpp</FILENAME><LINE>40</LINE><COLUMN>9</COLUMN></SFA><SFA><FILEPATH>c:\somepath\</FILEPATH><FILENAME>test129.cpp</FILENAME><LINE>40</LINE><COLUMN>18</COLUMN></SFA><SFA><FILEPATH>c:\somepath\</FILEPATH><FILENAME>test129.cpp</FILENAME><LINE>41</LINE><COLUMN>10</COLUMN></SFA><SFA><FILEPATH>c:\somepath\</FILEPATH><FILENAME>test129.cpp</FILENAME><LINE>42</LINE><COLUMN>4</COLUMN></SFA></PATH></DEFECT><DEFECT><SFA><FILEPATH>c:\somepath\</FILEPATH><FILENAME>test129.cpp</FILENAME><LINE>52</LINE><COLUMN>29</COLUMN></SFA><DEFECTCODE>26003</DEFECTCODE><DESCRIPTION>Writing to buffer '(*pBuf)' of unspecified length.  Please annotate.
PREFAST_NEWLINE

PREFAST_NEWLINE
If we assume that the buffer has single element in length, then the checker would report:
PREFAST_NEWLINE
Potential overflow using expression 'pBuf'
PREFAST_NEWLINE
Accessing unannotated buffer (*pBuf)
PREFAST_NEWLINE
Buffer is of length 1 bytes [assumed because the buffer is unannotated]
PREFAST_NEWLINE
Accessing 2 bytes starting at byte offset 0
PREFAST_NEWLINE
Annotation on function GetWord requires that * {parameter 1} is of length &gt;= 2 elements (1 bytes/element)
PREFAST_NEWLINE
  where * {parameter 1} is pBuf
PREFAST_NEWLINE
[Annotation SAL_readableTo(elementCount(2)) at c:\somepath\test129.cpp(13)]
PREFAST_NEWLINE

PREFAST_NEWLINE

PREFAST_NEWLINE
Values of variables:
PREFAST_NEWLINE
Pointer (*pBuf) is at offset 0 bytes from the start of the buffer
PREFAST_NEWLINE

PREFAST_NEWLINE
where
PREFAST_NEWLINE
offset((*pBuf))`51a == 0
PREFAST_NEWLINE
</DESCRIPTION><FUNCTION>GetDWord</FUNCTION><DECORATED>?GetDWord@@YAIPAPAD@Z</DECORATED><FUNCLINE>45</FUNCLINE><PATH><SFA><FILEPATH>c:\somepath\</FILEPATH><FILENAME>test129.cpp</FILENAME><LINE>45</LINE><COLUMN>6</COLUMN></SFA><SFA><FILEPATH>c:\somepath\</FILEPATH><FILENAME>test129.cpp</FILENAME><LINE>49</LINE><COLUMN>10</COLUMN></SFA><SFA><FILEPATH>c:\somepath\</FILEPATH><FILENAME>test129.cpp</FILENAME><LINE>51</LINE><COLUMN>20</COLUMN></SFA><SFA><FILEPATH>c:\somepath\</FILEPATH><FILENAME>test129.cpp</FILENAME><LINE>51</LINE><COLUMN>11</COLUMN></SFA><SFA><FILEPATH>c:\somepath\</FILEPATH><FILENAME>test129.cpp</FILENAME><LINE>52</LINE><COLUMN>29</COLUMN></SFA></PATH></DEFECT></DEFECTS>