<?xml version='1.0' encoding='UTF-8'?>
<DEFECTS><DEFECT><SFA><FILEPATH>c:\somepath\</FILEPATH><FILENAME>test093.cpp</FILENAME><LINE>56</LINE><COLUMN>15</COLUMN></SFA><DEFECTCODE>26011</DEFECTCODE><DESCRIPTION>Potential Underflow using expression '* (p - 2)'
PREFAST_NEWLINE
Buffer accessed is ss::a
PREFAST_NEWLINE
Buffer is of length 1024 bytes [size of field]
PREFAST_NEWLINE
Accessing the byte at byte offset {d % 1024}`50 - 2
PREFAST_NEWLINE

PREFAST_NEWLINE
Values of variables:
PREFAST_NEWLINE
Pointer p is at offset {d % 1024}`50 bytes from the start of the buffer
PREFAST_NEWLINE

PREFAST_NEWLINE
where
PREFAST_NEWLINE
d`48 &gt;= 0
PREFAST_NEWLINE
{d % 1024}`50 &lt;= 1023
PREFAST_NEWLINE
{d % 1024}`50 &lt;= d`48
PREFAST_NEWLINE
{d % 1024}`50 &gt;= 1
PREFAST_NEWLINE

PREFAST_NEWLINE
Underflow access occurs when
PREFAST_NEWLINE
{d % 1024}`50 == 1
PREFAST_NEWLINE
d`48 &gt;= 1
PREFAST_NEWLINE
</DESCRIPTION><FUNCTION>foo3</FUNCTION><DECORATED>?foo3@@YAXPAUss@@I@Z</DECORATED><FUNCLINE>48</FUNCLINE><PATH><SFA><FILEPATH>c:\somepath\</FILEPATH><FILENAME>test093.cpp</FILENAME><LINE>48</LINE><COLUMN>5</COLUMN></SFA><SFA><FILEPATH>c:\somepath\</FILEPATH><FILENAME>test093.cpp</FILENAME><LINE>50</LINE><COLUMN>10</COLUMN></SFA><SFA><FILEPATH>c:\somepath\</FILEPATH><FILENAME>test093.cpp</FILENAME><LINE>50</LINE><COLUMN>21</COLUMN></SFA><SFA><FILEPATH>c:\somepath\</FILEPATH><FILENAME>test093.cpp</FILENAME><LINE>52</LINE><COLUMN>10</COLUMN></SFA><SFA><FILEPATH>c:\somepath\</FILEPATH><FILENAME>test093.cpp</FILENAME><LINE>53</LINE><COLUMN>15</COLUMN></SFA><SFA><FILEPATH>c:\somepath\</FILEPATH><FILENAME>test093.cpp</FILENAME><LINE>55</LINE><COLUMN>15</COLUMN></SFA><SFA><FILEPATH>c:\somepath\</FILEPATH><FILENAME>test093.cpp</FILENAME><LINE>56</LINE><COLUMN>15</COLUMN></SFA></PATH></DEFECT></DEFECTS>