<?xml version='1.0' encoding='UTF-8'?>
<DEFECTS><DEFECT><SFA><FILEPATH>c:\somepath\</FILEPATH><FILENAME>test020.cpp</FILENAME><LINE>15</LINE><COLUMN>5</COLUMN></SFA><DEFECTCODE>26018</DEFECTCODE><DESCRIPTION>Potential read overflow of null terminated buffer using expression '* s'
PREFAST_NEWLINE
This is likely to be due to incorrect or insufficient validation of the buffer access
PREFAST_NEWLINE
Buffer s is a parameter to this function declared on line 9
PREFAST_NEWLINE
Buffer is of length 2*nullpos(s)`9 + 2 bytes [length of zero terminated string]
PREFAST_NEWLINE
Accessing 2 bytes starting at byte offset 2
PREFAST_NEWLINE

PREFAST_NEWLINE
Values of variables:
PREFAST_NEWLINE
Pointer s is at offset 2 bytes from the start of the buffer
PREFAST_NEWLINE

PREFAST_NEWLINE
where
PREFAST_NEWLINE
offset(s)`9 == 0
PREFAST_NEWLINE
nullpos(s)`9 &gt;= 0
PREFAST_NEWLINE

PREFAST_NEWLINE
Overrun access occurs when
PREFAST_NEWLINE
2*nullpos(s)`9 &lt;= 1
PREFAST_NEWLINE
</DESCRIPTION><FUNCTION>g</FUNCTION><DECORATED>?g@@YAXPBG@Z</DECORATED><FUNCLINE>9</FUNCLINE><PATH><SFA><FILEPATH>c:\somepath\</FILEPATH><FILENAME>test020.cpp</FILENAME><LINE>9</LINE><COLUMN>5</COLUMN></SFA><SFA><FILEPATH>c:\somepath\</FILEPATH><FILENAME>test020.cpp</FILENAME><LINE>11</LINE><COLUMN>5</COLUMN></SFA><SFA><FILEPATH>c:\somepath\</FILEPATH><FILENAME>test020.cpp</FILENAME><LINE>11</LINE><COLUMN>9</COLUMN></SFA><SFA><FILEPATH>c:\somepath\</FILEPATH><FILENAME>test020.cpp</FILENAME><LINE>12</LINE><COLUMN>5</COLUMN></SFA><SFA><FILEPATH>c:\somepath\</FILEPATH><FILENAME>test020.cpp</FILENAME><LINE>14</LINE><COLUMN>2</COLUMN></SFA><SFA><FILEPATH>c:\somepath\</FILEPATH><FILENAME>test020.cpp</FILENAME><LINE>15</LINE><COLUMN>5</COLUMN></SFA></PATH></DEFECT></DEFECTS>