<?xml version='1.0' encoding='UTF-8'?>
<DEFECTS><DEFECT><SFA><FILEPATH>c:\somepath\</FILEPATH><FILENAME>test096.cpp</FILENAME><LINE>39</LINE><COLUMN>4</COLUMN></SFA><DEFECTCODE>26036</DEFECTCODE><DESCRIPTION>Possible postcondition violation due to failure to null terminate string
PREFAST_NEWLINE
The function has a __success annotation that is satisfied
PREFAST_NEWLINE
Buffer psz is a parameter to this function declared on line 27
PREFAST_NEWLINE
Annotation on function MyFunction requires that psz is null terminated
PREFAST_NEWLINE
[Annotation SAL_nullTerminated at c:\somepath\test096.cpp(19)]
PREFAST_NEWLINE
</DESCRIPTION><FUNCTION>MyFunction</FUNCTION><DECORATED>?MyFunction@@YAJPADH@Z</DECORATED><FUNCLINE>27</FUNCLINE><PATH><SFA><FILEPATH>c:\somepath\</FILEPATH><FILENAME>test096.cpp</FILENAME><LINE>27</LINE><COLUMN>8</COLUMN></SFA><SFA><FILEPATH>c:\somepath\</FILEPATH><FILENAME>test096.cpp</FILENAME><LINE>29</LINE><COLUMN>8</COLUMN></SFA><SFA><FILEPATH>c:\somepath\</FILEPATH><FILENAME>test096.cpp</FILENAME><LINE>30</LINE><COLUMN>12</COLUMN></SFA><SFA><FILEPATH>c:\somepath\</FILEPATH><FILENAME>test096.cpp</FILENAME><LINE>30</LINE><COLUMN>17</COLUMN></SFA><SFA><FILEPATH>c:\somepath\</FILEPATH><FILENAME>test096.cpp</FILENAME><LINE>31</LINE><COLUMN>11</COLUMN></SFA><SFA><FILEPATH>c:\somepath\</FILEPATH><FILENAME>test096.cpp</FILENAME><LINE>31</LINE><COLUMN>11</COLUMN></SFA><SFA><FILEPATH>c:\somepath\</FILEPATH><FILENAME>test096.cpp</FILENAME><LINE>37</LINE><COLUMN>31</COLUMN></SFA><SFA><FILEPATH>c:\somepath\</FILEPATH><FILENAME>test096.cpp</FILENAME><LINE>37</LINE><COLUMN>11</COLUMN></SFA><SFA><FILEPATH>c:\somepath\</FILEPATH><FILENAME>test096.cpp</FILENAME><LINE>39</LINE><COLUMN>4</COLUMN></SFA></PATH></DEFECT><DEFECT><SFA><FILEPATH>c:\somepath\</FILEPATH><FILENAME>test096.cpp</FILENAME><LINE>51</LINE><COLUMN>15</COLUMN></SFA><DEFECTCODE>26015</DEFECTCODE><DESCRIPTION>Potential overflow using expression 'aa[hr]'
PREFAST_NEWLINE
Buffer access is apparently unbounded by the buffer size.  
PREFAST_NEWLINE

PREFAST_NEWLINE
In particular: result.HRESULT_FROM_WIN32`50a is not constrained by any constant
PREFAST_NEWLINE

PREFAST_NEWLINE
Buffer accessed is aa
PREFAST_NEWLINE
Buffer is of length 10 elements (4 bytes/element) [size of variable]
PREFAST_NEWLINE
Accessing the element (4 bytes/element) at element offset result.HRESULT_FROM_WIN32`50a
PREFAST_NEWLINE

PREFAST_NEWLINE
Values of variables:
PREFAST_NEWLINE
hr = result.HRESULT_FROM_WIN32`50a
PREFAST_NEWLINE

PREFAST_NEWLINE
where
PREFAST_NEWLINE
result.HRESULT_FROM_WIN32`50a &gt;= 0
PREFAST_NEWLINE

PREFAST_NEWLINE
Overrun access occurs when
PREFAST_NEWLINE
result.HRESULT_FROM_WIN32`50a &gt;= 10
PREFAST_NEWLINE
</DESCRIPTION><FUNCTION>ConstantFoldingTest</FUNCTION><DECORATED>?ConstantFoldingTest@@YAJK@Z</DECORATED><FUNCLINE>43</FUNCLINE><PATH><SFA><FILEPATH>c:\somepath\</FILEPATH><FILENAME>test096.cpp</FILENAME><LINE>43</LINE><COLUMN>8</COLUMN></SFA><SFA><FILEPATH>c:\somepath\</FILEPATH><FILENAME>test096.cpp</FILENAME><LINE>45</LINE><COLUMN>8</COLUMN></SFA><SFA><FILEPATH>c:\somepath\</FILEPATH><FILENAME>test096.cpp</FILENAME><LINE>45</LINE><COLUMN>16</COLUMN></SFA><SFA><FILEPATH>c:\somepath\</FILEPATH><FILENAME>test096.cpp</FILENAME><LINE>45</LINE><COLUMN>24</COLUMN></SFA><SFA><FILEPATH>c:\somepath\</FILEPATH><FILENAME>test096.cpp</FILENAME><LINE>46</LINE><COLUMN>12</COLUMN></SFA><SFA><FILEPATH>c:\somepath\</FILEPATH><FILENAME>test096.cpp</FILENAME><LINE>46</LINE><COLUMN>17</COLUMN></SFA><SFA><FILEPATH>c:\somepath\</FILEPATH><FILENAME>test096.cpp</FILENAME><LINE>48</LINE><COLUMN>10</COLUMN></SFA><SFA><FILEPATH>c:\somepath\</FILEPATH><FILENAME>test096.cpp</FILENAME><LINE>48</LINE><COLUMN>10</COLUMN></SFA><SFA><FILEPATH>c:\somepath\</FILEPATH><FILENAME>test096.cpp</FILENAME><LINE>50</LINE><COLUMN>31</COLUMN></SFA><SFA><FILEPATH>c:\somepath\</FILEPATH><FILENAME>test096.cpp</FILENAME><LINE>50</LINE><COLUMN>11</COLUMN></SFA><SFA><FILEPATH>c:\somepath\</FILEPATH><FILENAME>test096.cpp</FILENAME><LINE>51</LINE><COLUMN>15</COLUMN></SFA></PATH></DEFECT><DEFECT><SFA><FILEPATH>c:\somepath\</FILEPATH><FILENAME>test096.cpp</FILENAME><LINE>51</LINE><COLUMN>15</COLUMN></SFA><DEFECTCODE>26001</DEFECTCODE><DESCRIPTION>Underflow using expression 'aa[hr]'
PREFAST_NEWLINE
Buffer accessed is aa
PREFAST_NEWLINE
Buffer is of length 10 elements (4 bytes/element) [size of variable]
PREFAST_NEWLINE
Accessing the element (4 bytes/element) at element offset result.HRESULT_FROM_WIN32`50a
PREFAST_NEWLINE

PREFAST_NEWLINE
 when function HRESULT_FROM_WIN32 called at line 50 fails.
PREFAST_NEWLINE

PREFAST_NEWLINE
Values of variables:
PREFAST_NEWLINE
hr = result.HRESULT_FROM_WIN32`50a
PREFAST_NEWLINE

PREFAST_NEWLINE
where
PREFAST_NEWLINE
result.HRESULT_FROM_WIN32`50a + 1 &lt;= 0
PREFAST_NEWLINE
</DESCRIPTION><FUNCTION>ConstantFoldingTest</FUNCTION><DECORATED>?ConstantFoldingTest@@YAJK@Z</DECORATED><FUNCLINE>43</FUNCLINE><PATH><SFA><FILEPATH>c:\somepath\</FILEPATH><FILENAME>test096.cpp</FILENAME><LINE>43</LINE><COLUMN>8</COLUMN></SFA><SFA><FILEPATH>c:\somepath\</FILEPATH><FILENAME>test096.cpp</FILENAME><LINE>45</LINE><COLUMN>8</COLUMN></SFA><SFA><FILEPATH>c:\somepath\</FILEPATH><FILENAME>test096.cpp</FILENAME><LINE>45</LINE><COLUMN>16</COLUMN></SFA><SFA><FILEPATH>c:\somepath\</FILEPATH><FILENAME>test096.cpp</FILENAME><LINE>45</LINE><COLUMN>24</COLUMN></SFA><SFA><FILEPATH>c:\somepath\</FILEPATH><FILENAME>test096.cpp</FILENAME><LINE>46</LINE><COLUMN>12</COLUMN></SFA><SFA><FILEPATH>c:\somepath\</FILEPATH><FILENAME>test096.cpp</FILENAME><LINE>46</LINE><COLUMN>17</COLUMN></SFA><SFA><FILEPATH>c:\somepath\</FILEPATH><FILENAME>test096.cpp</FILENAME><LINE>48</LINE><COLUMN>10</COLUMN></SFA><SFA><FILEPATH>c:\somepath\</FILEPATH><FILENAME>test096.cpp</FILENAME><LINE>48</LINE><COLUMN>10</COLUMN></SFA><SFA><FILEPATH>c:\somepath\</FILEPATH><FILENAME>test096.cpp</FILENAME><LINE>50</LINE><COLUMN>31</COLUMN></SFA><SFA><FILEPATH>c:\somepath\</FILEPATH><FILENAME>test096.cpp</FILENAME><LINE>50</LINE><COLUMN>11</COLUMN></SFA><SFA><FILEPATH>c:\somepath\</FILEPATH><FILENAME>test096.cpp</FILENAME><LINE>51</LINE><COLUMN>15</COLUMN></SFA></PATH></DEFECT><DEFECT><SFA><FILEPATH>c:\somepath\</FILEPATH><FILENAME>test096.cpp</FILENAME><LINE>58</LINE><COLUMN>15</COLUMN></SFA><DEFECTCODE>26015</DEFECTCODE><DESCRIPTION>Potential overflow using expression 'bb[hr]'
PREFAST_NEWLINE
Buffer access is apparently unbounded by the buffer size.  
PREFAST_NEWLINE

PREFAST_NEWLINE
In particular: result.HRESULT_FROM_WIN32`57a is not constrained by any constant
PREFAST_NEWLINE

PREFAST_NEWLINE
Buffer accessed is bb
PREFAST_NEWLINE
Buffer is of length 10 elements (4 bytes/element) [size of variable]
PREFAST_NEWLINE
Accessing the element (4 bytes/element) at element offset result.HRESULT_FROM_WIN32`57a
PREFAST_NEWLINE

PREFAST_NEWLINE
Values of variables:
PREFAST_NEWLINE
hr = result.HRESULT_FROM_WIN32`57a
PREFAST_NEWLINE

PREFAST_NEWLINE
where
PREFAST_NEWLINE
result.HRESULT_FROM_WIN32`57a &gt;= 0
PREFAST_NEWLINE

PREFAST_NEWLINE
Overrun access occurs when
PREFAST_NEWLINE
result.HRESULT_FROM_WIN32`57a &gt;= 10
PREFAST_NEWLINE
</DESCRIPTION><FUNCTION>ConstantFoldingTest</FUNCTION><DECORATED>?ConstantFoldingTest@@YAJK@Z</DECORATED><FUNCLINE>43</FUNCLINE><PATH><SFA><FILEPATH>c:\somepath\</FILEPATH><FILENAME>test096.cpp</FILENAME><LINE>43</LINE><COLUMN>8</COLUMN></SFA><SFA><FILEPATH>c:\somepath\</FILEPATH><FILENAME>test096.cpp</FILENAME><LINE>45</LINE><COLUMN>8</COLUMN></SFA><SFA><FILEPATH>c:\somepath\</FILEPATH><FILENAME>test096.cpp</FILENAME><LINE>45</LINE><COLUMN>16</COLUMN></SFA><SFA><FILEPATH>c:\somepath\</FILEPATH><FILENAME>test096.cpp</FILENAME><LINE>45</LINE><COLUMN>24</COLUMN></SFA><SFA><FILEPATH>c:\somepath\</FILEPATH><FILENAME>test096.cpp</FILENAME><LINE>46</LINE><COLUMN>12</COLUMN></SFA><SFA><FILEPATH>c:\somepath\</FILEPATH><FILENAME>test096.cpp</FILENAME><LINE>46</LINE><COLUMN>17</COLUMN></SFA><SFA><FILEPATH>c:\somepath\</FILEPATH><FILENAME>test096.cpp</FILENAME><LINE>48</LINE><COLUMN>10</COLUMN></SFA><SFA><FILEPATH>c:\somepath\</FILEPATH><FILENAME>test096.cpp</FILENAME><LINE>48</LINE><COLUMN>10</COLUMN></SFA><SFA><FILEPATH>c:\somepath\</FILEPATH><FILENAME>test096.cpp</FILENAME><LINE>55</LINE><COLUMN>10</COLUMN></SFA><SFA><FILEPATH>c:\somepath\</FILEPATH><FILENAME>test096.cpp</FILENAME><LINE>55</LINE><COLUMN>10</COLUMN></SFA><SFA><FILEPATH>c:\somepath\</FILEPATH><FILENAME>test096.cpp</FILENAME><LINE>57</LINE><COLUMN>31</COLUMN></SFA><SFA><FILEPATH>c:\somepath\</FILEPATH><FILENAME>test096.cpp</FILENAME><LINE>57</LINE><COLUMN>11</COLUMN></SFA><SFA><FILEPATH>c:\somepath\</FILEPATH><FILENAME>test096.cpp</FILENAME><LINE>58</LINE><COLUMN>15</COLUMN></SFA></PATH></DEFECT><DEFECT><SFA><FILEPATH>c:\somepath\</FILEPATH><FILENAME>test096.cpp</FILENAME><LINE>58</LINE><COLUMN>15</COLUMN></SFA><DEFECTCODE>26001</DEFECTCODE><DESCRIPTION>Underflow using expression 'bb[hr]'
PREFAST_NEWLINE
Buffer accessed is bb
PREFAST_NEWLINE
Buffer is of length 10 elements (4 bytes/element) [size of variable]
PREFAST_NEWLINE
Accessing the element (4 bytes/element) at element offset result.HRESULT_FROM_WIN32`57a
PREFAST_NEWLINE

PREFAST_NEWLINE
 when function HRESULT_FROM_WIN32 called at line 57 fails.
PREFAST_NEWLINE

PREFAST_NEWLINE
Values of variables:
PREFAST_NEWLINE
hr = result.HRESULT_FROM_WIN32`57a
PREFAST_NEWLINE

PREFAST_NEWLINE
where
PREFAST_NEWLINE
result.HRESULT_FROM_WIN32`57a + 1 &lt;= 0
PREFAST_NEWLINE
</DESCRIPTION><FUNCTION>ConstantFoldingTest</FUNCTION><DECORATED>?ConstantFoldingTest@@YAJK@Z</DECORATED><FUNCLINE>43</FUNCLINE><PATH><SFA><FILEPATH>c:\somepath\</FILEPATH><FILENAME>test096.cpp</FILENAME><LINE>43</LINE><COLUMN>8</COLUMN></SFA><SFA><FILEPATH>c:\somepath\</FILEPATH><FILENAME>test096.cpp</FILENAME><LINE>45</LINE><COLUMN>8</COLUMN></SFA><SFA><FILEPATH>c:\somepath\</FILEPATH><FILENAME>test096.cpp</FILENAME><LINE>45</LINE><COLUMN>16</COLUMN></SFA><SFA><FILEPATH>c:\somepath\</FILEPATH><FILENAME>test096.cpp</FILENAME><LINE>45</LINE><COLUMN>24</COLUMN></SFA><SFA><FILEPATH>c:\somepath\</FILEPATH><FILENAME>test096.cpp</FILENAME><LINE>46</LINE><COLUMN>12</COLUMN></SFA><SFA><FILEPATH>c:\somepath\</FILEPATH><FILENAME>test096.cpp</FILENAME><LINE>46</LINE><COLUMN>17</COLUMN></SFA><SFA><FILEPATH>c:\somepath\</FILEPATH><FILENAME>test096.cpp</FILENAME><LINE>48</LINE><COLUMN>10</COLUMN></SFA><SFA><FILEPATH>c:\somepath\</FILEPATH><FILENAME>test096.cpp</FILENAME><LINE>48</LINE><COLUMN>10</COLUMN></SFA><SFA><FILEPATH>c:\somepath\</FILEPATH><FILENAME>test096.cpp</FILENAME><LINE>55</LINE><COLUMN>10</COLUMN></SFA><SFA><FILEPATH>c:\somepath\</FILEPATH><FILENAME>test096.cpp</FILENAME><LINE>55</LINE><COLUMN>10</COLUMN></SFA><SFA><FILEPATH>c:\somepath\</FILEPATH><FILENAME>test096.cpp</FILENAME><LINE>57</LINE><COLUMN>31</COLUMN></SFA><SFA><FILEPATH>c:\somepath\</FILEPATH><FILENAME>test096.cpp</FILENAME><LINE>57</LINE><COLUMN>11</COLUMN></SFA><SFA><FILEPATH>c:\somepath\</FILEPATH><FILENAME>test096.cpp</FILENAME><LINE>58</LINE><COLUMN>15</COLUMN></SFA></PATH></DEFECT><DEFECT><SFA><FILEPATH>c:\somepath\</FILEPATH><FILENAME>test096.cpp</FILENAME><LINE>65</LINE><COLUMN>18</COLUMN></SFA><DEFECTCODE>26015</DEFECTCODE><DESCRIPTION>Potential overflow using expression 'cc[hr - 99]'
PREFAST_NEWLINE
Buffer access is apparently unbounded by the buffer size.  
PREFAST_NEWLINE

PREFAST_NEWLINE
In particular: result.HRESULT_FROM_WIN32`64a is not constrained by any constant
PREFAST_NEWLINE

PREFAST_NEWLINE
Buffer accessed is cc
PREFAST_NEWLINE
Buffer is of length 10 elements (4 bytes/element) [size of variable]
PREFAST_NEWLINE
Accessing the element (4 bytes/element) at element offset result.HRESULT_FROM_WIN32`64a - 99
PREFAST_NEWLINE

PREFAST_NEWLINE
Values of variables:
PREFAST_NEWLINE
hr = result.HRESULT_FROM_WIN32`64a
PREFAST_NEWLINE

PREFAST_NEWLINE
where
PREFAST_NEWLINE
result.HRESULT_FROM_WIN32`64a &gt;= 0
PREFAST_NEWLINE

PREFAST_NEWLINE
Overrun access occurs when
PREFAST_NEWLINE
result.HRESULT_FROM_WIN32`64a &gt;= 109
PREFAST_NEWLINE
</DESCRIPTION><FUNCTION>ConstantFoldingTest</FUNCTION><DECORATED>?ConstantFoldingTest@@YAJK@Z</DECORATED><FUNCLINE>43</FUNCLINE><PATH><SFA><FILEPATH>c:\somepath\</FILEPATH><FILENAME>test096.cpp</FILENAME><LINE>43</LINE><COLUMN>8</COLUMN></SFA><SFA><FILEPATH>c:\somepath\</FILEPATH><FILENAME>test096.cpp</FILENAME><LINE>45</LINE><COLUMN>8</COLUMN></SFA><SFA><FILEPATH>c:\somepath\</FILEPATH><FILENAME>test096.cpp</FILENAME><LINE>45</LINE><COLUMN>16</COLUMN></SFA><SFA><FILEPATH>c:\somepath\</FILEPATH><FILENAME>test096.cpp</FILENAME><LINE>45</LINE><COLUMN>24</COLUMN></SFA><SFA><FILEPATH>c:\somepath\</FILEPATH><FILENAME>test096.cpp</FILENAME><LINE>46</LINE><COLUMN>12</COLUMN></SFA><SFA><FILEPATH>c:\somepath\</FILEPATH><FILENAME>test096.cpp</FILENAME><LINE>46</LINE><COLUMN>17</COLUMN></SFA><SFA><FILEPATH>c:\somepath\</FILEPATH><FILENAME>test096.cpp</FILENAME><LINE>48</LINE><COLUMN>10</COLUMN></SFA><SFA><FILEPATH>c:\somepath\</FILEPATH><FILENAME>test096.cpp</FILENAME><LINE>48</LINE><COLUMN>10</COLUMN></SFA><SFA><FILEPATH>c:\somepath\</FILEPATH><FILENAME>test096.cpp</FILENAME><LINE>55</LINE><COLUMN>10</COLUMN></SFA><SFA><FILEPATH>c:\somepath\</FILEPATH><FILENAME>test096.cpp</FILENAME><LINE>55</LINE><COLUMN>10</COLUMN></SFA><SFA><FILEPATH>c:\somepath\</FILEPATH><FILENAME>test096.cpp</FILENAME><LINE>62</LINE><COLUMN>10</COLUMN></SFA><SFA><FILEPATH>c:\somepath\</FILEPATH><FILENAME>test096.cpp</FILENAME><LINE>62</LINE><COLUMN>10</COLUMN></SFA><SFA><FILEPATH>c:\somepath\</FILEPATH><FILENAME>test096.cpp</FILENAME><LINE>64</LINE><COLUMN>31</COLUMN></SFA><SFA><FILEPATH>c:\somepath\</FILEPATH><FILENAME>test096.cpp</FILENAME><LINE>64</LINE><COLUMN>11</COLUMN></SFA><SFA><FILEPATH>c:\somepath\</FILEPATH><FILENAME>test096.cpp</FILENAME><LINE>65</LINE><COLUMN>18</COLUMN></SFA></PATH></DEFECT><DEFECT><SFA><FILEPATH>c:\somepath\</FILEPATH><FILENAME>test096.cpp</FILENAME><LINE>65</LINE><COLUMN>18</COLUMN></SFA><DEFECTCODE>26001</DEFECTCODE><DESCRIPTION>Underflow using expression 'cc[hr - 99]'
PREFAST_NEWLINE
Buffer accessed is cc
PREFAST_NEWLINE
Buffer is of length 10 elements (4 bytes/element) [size of variable]
PREFAST_NEWLINE
Accessing the element (4 bytes/element) at element offset result.HRESULT_FROM_WIN32`64a - 99
PREFAST_NEWLINE

PREFAST_NEWLINE
 when function HRESULT_FROM_WIN32 called at line 64 fails.
PREFAST_NEWLINE

PREFAST_NEWLINE
Values of variables:
PREFAST_NEWLINE
hr = result.HRESULT_FROM_WIN32`64a
PREFAST_NEWLINE

PREFAST_NEWLINE
where
PREFAST_NEWLINE
result.HRESULT_FROM_WIN32`64a + 1 &lt;= 0
PREFAST_NEWLINE
</DESCRIPTION><FUNCTION>ConstantFoldingTest</FUNCTION><DECORATED>?ConstantFoldingTest@@YAJK@Z</DECORATED><FUNCLINE>43</FUNCLINE><PATH><SFA><FILEPATH>c:\somepath\</FILEPATH><FILENAME>test096.cpp</FILENAME><LINE>43</LINE><COLUMN>8</COLUMN></SFA><SFA><FILEPATH>c:\somepath\</FILEPATH><FILENAME>test096.cpp</FILENAME><LINE>45</LINE><COLUMN>8</COLUMN></SFA><SFA><FILEPATH>c:\somepath\</FILEPATH><FILENAME>test096.cpp</FILENAME><LINE>45</LINE><COLUMN>16</COLUMN></SFA><SFA><FILEPATH>c:\somepath\</FILEPATH><FILENAME>test096.cpp</FILENAME><LINE>45</LINE><COLUMN>24</COLUMN></SFA><SFA><FILEPATH>c:\somepath\</FILEPATH><FILENAME>test096.cpp</FILENAME><LINE>46</LINE><COLUMN>12</COLUMN></SFA><SFA><FILEPATH>c:\somepath\</FILEPATH><FILENAME>test096.cpp</FILENAME><LINE>46</LINE><COLUMN>17</COLUMN></SFA><SFA><FILEPATH>c:\somepath\</FILEPATH><FILENAME>test096.cpp</FILENAME><LINE>48</LINE><COLUMN>10</COLUMN></SFA><SFA><FILEPATH>c:\somepath\</FILEPATH><FILENAME>test096.cpp</FILENAME><LINE>48</LINE><COLUMN>10</COLUMN></SFA><SFA><FILEPATH>c:\somepath\</FILEPATH><FILENAME>test096.cpp</FILENAME><LINE>55</LINE><COLUMN>10</COLUMN></SFA><SFA><FILEPATH>c:\somepath\</FILEPATH><FILENAME>test096.cpp</FILENAME><LINE>55</LINE><COLUMN>10</COLUMN></SFA><SFA><FILEPATH>c:\somepath\</FILEPATH><FILENAME>test096.cpp</FILENAME><LINE>62</LINE><COLUMN>10</COLUMN></SFA><SFA><FILEPATH>c:\somepath\</FILEPATH><FILENAME>test096.cpp</FILENAME><LINE>62</LINE><COLUMN>10</COLUMN></SFA><SFA><FILEPATH>c:\somepath\</FILEPATH><FILENAME>test096.cpp</FILENAME><LINE>64</LINE><COLUMN>31</COLUMN></SFA><SFA><FILEPATH>c:\somepath\</FILEPATH><FILENAME>test096.cpp</FILENAME><LINE>64</LINE><COLUMN>11</COLUMN></SFA><SFA><FILEPATH>c:\somepath\</FILEPATH><FILENAME>test096.cpp</FILENAME><LINE>65</LINE><COLUMN>18</COLUMN></SFA></PATH></DEFECT><DEFECT><SFA><FILEPATH>c:\somepath\</FILEPATH><FILENAME>test096.cpp</FILENAME><LINE>77</LINE><COLUMN>19</COLUMN></SFA><DEFECTCODE>26011</DEFECTCODE><DESCRIPTION>Potential Underflow using expression 'aa[hr + 1000]'
PREFAST_NEWLINE
Buffer accessed is aa
PREFAST_NEWLINE
Buffer is of length 10 elements (4 bytes/element) [size of variable]
PREFAST_NEWLINE
Accessing the element (4 bytes/element) at element offset result.HRESULT_FROM_WIN32`76a + 1000
PREFAST_NEWLINE

PREFAST_NEWLINE
 when function HRESULT_FROM_WIN32 called at line 76 fails.
PREFAST_NEWLINE

PREFAST_NEWLINE
Values of variables:
PREFAST_NEWLINE
hr = result.HRESULT_FROM_WIN32`76a
PREFAST_NEWLINE

PREFAST_NEWLINE
where
PREFAST_NEWLINE
result.HRESULT_FROM_WIN32`76a + 1 &lt;= 0
PREFAST_NEWLINE

PREFAST_NEWLINE
Underflow access occurs when
PREFAST_NEWLINE
result.HRESULT_FROM_WIN32`76a + 1001 &lt;= 0
PREFAST_NEWLINE
</DESCRIPTION><FUNCTION>MyFunction2</FUNCTION><DECORATED>?MyFunction2@@YAXK@Z</DECORATED><FUNCLINE>71</FUNCLINE><PATH><SFA><FILEPATH>c:\somepath\</FILEPATH><FILENAME>test096.cpp</FILENAME><LINE>71</LINE><COLUMN>5</COLUMN></SFA><SFA><FILEPATH>c:\somepath\</FILEPATH><FILENAME>test096.cpp</FILENAME><LINE>73</LINE><COLUMN>11</COLUMN></SFA><SFA><FILEPATH>c:\somepath\</FILEPATH><FILENAME>test096.cpp</FILENAME><LINE>73</LINE><COLUMN>21</COLUMN></SFA><SFA><FILEPATH>c:\somepath\</FILEPATH><FILENAME>test096.cpp</FILENAME><LINE>75</LINE><COLUMN>12</COLUMN></SFA><SFA><FILEPATH>c:\somepath\</FILEPATH><FILENAME>test096.cpp</FILENAME><LINE>76</LINE><COLUMN>16</COLUMN></SFA><SFA><FILEPATH>c:\somepath\</FILEPATH><FILENAME>test096.cpp</FILENAME><LINE>76</LINE><COLUMN>39</COLUMN></SFA><SFA><FILEPATH>c:\somepath\</FILEPATH><FILENAME>test096.cpp</FILENAME><LINE>76</LINE><COLUMN>39</COLUMN></SFA><SFA><FILEPATH>c:\somepath\</FILEPATH><FILENAME>test096.cpp</FILENAME><LINE>77</LINE><COLUMN>19</COLUMN></SFA></PATH></DEFECT><DEFECT><SFA><FILEPATH>c:\somepath\</FILEPATH><FILENAME>test096.cpp</FILENAME><LINE>77</LINE><COLUMN>19</COLUMN></SFA><DEFECTCODE>26000</DEFECTCODE><DESCRIPTION>Overflow using expression 'aa[hr + 1000]'
PREFAST_NEWLINE
Buffer accessed is aa
PREFAST_NEWLINE
Buffer is of length 10 elements (4 bytes/element) [size of variable]
PREFAST_NEWLINE
Accessing the element (4 bytes/element) at element offset result.HRESULT_FROM_WIN32`76a + 1000
PREFAST_NEWLINE

PREFAST_NEWLINE
Values of variables:
PREFAST_NEWLINE
hr = result.HRESULT_FROM_WIN32`76a
PREFAST_NEWLINE

PREFAST_NEWLINE
where
PREFAST_NEWLINE
result.HRESULT_FROM_WIN32`76a &gt;= 0
PREFAST_NEWLINE
</DESCRIPTION><FUNCTION>MyFunction2</FUNCTION><DECORATED>?MyFunction2@@YAXK@Z</DECORATED><FUNCLINE>71</FUNCLINE><PATH><SFA><FILEPATH>c:\somepath\</FILEPATH><FILENAME>test096.cpp</FILENAME><LINE>71</LINE><COLUMN>5</COLUMN></SFA><SFA><FILEPATH>c:\somepath\</FILEPATH><FILENAME>test096.cpp</FILENAME><LINE>73</LINE><COLUMN>11</COLUMN></SFA><SFA><FILEPATH>c:\somepath\</FILEPATH><FILENAME>test096.cpp</FILENAME><LINE>73</LINE><COLUMN>21</COLUMN></SFA><SFA><FILEPATH>c:\somepath\</FILEPATH><FILENAME>test096.cpp</FILENAME><LINE>75</LINE><COLUMN>12</COLUMN></SFA><SFA><FILEPATH>c:\somepath\</FILEPATH><FILENAME>test096.cpp</FILENAME><LINE>76</LINE><COLUMN>16</COLUMN></SFA><SFA><FILEPATH>c:\somepath\</FILEPATH><FILENAME>test096.cpp</FILENAME><LINE>76</LINE><COLUMN>39</COLUMN></SFA><SFA><FILEPATH>c:\somepath\</FILEPATH><FILENAME>test096.cpp</FILENAME><LINE>76</LINE><COLUMN>39</COLUMN></SFA><SFA><FILEPATH>c:\somepath\</FILEPATH><FILENAME>test096.cpp</FILENAME><LINE>77</LINE><COLUMN>19</COLUMN></SFA></PATH></DEFECT><DEFECT><SFA><FILEPATH>c:\somepath\</FILEPATH><FILENAME>test096.cpp</FILENAME><LINE>87</LINE><COLUMN>19</COLUMN></SFA><DEFECTCODE>26011</DEFECTCODE><DESCRIPTION>Potential Underflow using expression 'aa[hr + 1000]'
PREFAST_NEWLINE
Buffer accessed is aa
PREFAST_NEWLINE
Buffer is of length 10 elements (4 bytes/element) [size of variable]
PREFAST_NEWLINE
Accessing the element (4 bytes/element) at element offset result.HRESULT_FROM_WIN32`86a + 1000
PREFAST_NEWLINE

PREFAST_NEWLINE
 when function HRESULT_FROM_WIN32 called at line 86 fails.
PREFAST_NEWLINE

PREFAST_NEWLINE
Values of variables:
PREFAST_NEWLINE
hr = result.HRESULT_FROM_WIN32`86a
PREFAST_NEWLINE

PREFAST_NEWLINE
where
PREFAST_NEWLINE
result.HRESULT_FROM_WIN32`86a + 1 &lt;= 0
PREFAST_NEWLINE

PREFAST_NEWLINE
Underflow access occurs when
PREFAST_NEWLINE
result.HRESULT_FROM_WIN32`86a + 1001 &lt;= 0
PREFAST_NEWLINE
</DESCRIPTION><FUNCTION>MyFunction3</FUNCTION><DECORATED>?MyFunction3@@YAXK@Z</DECORATED><FUNCLINE>81</FUNCLINE><PATH><SFA><FILEPATH>c:\somepath\</FILEPATH><FILENAME>test096.cpp</FILENAME><LINE>81</LINE><COLUMN>5</COLUMN></SFA><SFA><FILEPATH>c:\somepath\</FILEPATH><FILENAME>test096.cpp</FILENAME><LINE>83</LINE><COLUMN>8</COLUMN></SFA><SFA><FILEPATH>c:\somepath\</FILEPATH><FILENAME>test096.cpp</FILENAME><LINE>85</LINE><COLUMN>12</COLUMN></SFA><SFA><FILEPATH>c:\somepath\</FILEPATH><FILENAME>test096.cpp</FILENAME><LINE>86</LINE><COLUMN>16</COLUMN></SFA><SFA><FILEPATH>c:\somepath\</FILEPATH><FILENAME>test096.cpp</FILENAME><LINE>86</LINE><COLUMN>39</COLUMN></SFA><SFA><FILEPATH>c:\somepath\</FILEPATH><FILENAME>test096.cpp</FILENAME><LINE>86</LINE><COLUMN>39</COLUMN></SFA><SFA><FILEPATH>c:\somepath\</FILEPATH><FILENAME>test096.cpp</FILENAME><LINE>87</LINE><COLUMN>19</COLUMN></SFA></PATH></DEFECT><DEFECT><SFA><FILEPATH>c:\somepath\</FILEPATH><FILENAME>test096.cpp</FILENAME><LINE>87</LINE><COLUMN>19</COLUMN></SFA><DEFECTCODE>26000</DEFECTCODE><DESCRIPTION>Overflow using expression 'aa[hr + 1000]'
PREFAST_NEWLINE
Buffer accessed is aa
PREFAST_NEWLINE
Buffer is of length 10 elements (4 bytes/element) [size of variable]
PREFAST_NEWLINE
Accessing the element (4 bytes/element) at element offset result.HRESULT_FROM_WIN32`86a + 1000
PREFAST_NEWLINE

PREFAST_NEWLINE
Values of variables:
PREFAST_NEWLINE
hr = result.HRESULT_FROM_WIN32`86a
PREFAST_NEWLINE

PREFAST_NEWLINE
where
PREFAST_NEWLINE
result.HRESULT_FROM_WIN32`86a &gt;= 0
PREFAST_NEWLINE
</DESCRIPTION><FUNCTION>MyFunction3</FUNCTION><DECORATED>?MyFunction3@@YAXK@Z</DECORATED><FUNCLINE>81</FUNCLINE><PATH><SFA><FILEPATH>c:\somepath\</FILEPATH><FILENAME>test096.cpp</FILENAME><LINE>81</LINE><COLUMN>5</COLUMN></SFA><SFA><FILEPATH>c:\somepath\</FILEPATH><FILENAME>test096.cpp</FILENAME><LINE>83</LINE><COLUMN>8</COLUMN></SFA><SFA><FILEPATH>c:\somepath\</FILEPATH><FILENAME>test096.cpp</FILENAME><LINE>85</LINE><COLUMN>12</COLUMN></SFA><SFA><FILEPATH>c:\somepath\</FILEPATH><FILENAME>test096.cpp</FILENAME><LINE>86</LINE><COLUMN>16</COLUMN></SFA><SFA><FILEPATH>c:\somepath\</FILEPATH><FILENAME>test096.cpp</FILENAME><LINE>86</LINE><COLUMN>39</COLUMN></SFA><SFA><FILEPATH>c:\somepath\</FILEPATH><FILENAME>test096.cpp</FILENAME><LINE>86</LINE><COLUMN>39</COLUMN></SFA><SFA><FILEPATH>c:\somepath\</FILEPATH><FILENAME>test096.cpp</FILENAME><LINE>87</LINE><COLUMN>19</COLUMN></SFA></PATH></DEFECT><DEFECT><SFA><FILEPATH>c:\somepath\</FILEPATH><FILENAME>test096.cpp</FILENAME><LINE>97</LINE><COLUMN>14</COLUMN></SFA><DEFECTCODE>26015</DEFECTCODE><DESCRIPTION>Potential overflow using expression 'aa[hr]'
PREFAST_NEWLINE
Buffer access is apparently unbounded by the buffer size.  
PREFAST_NEWLINE

PREFAST_NEWLINE
In particular: result.HRESULT_FROM_WIN32`96a is not constrained by any constant
PREFAST_NEWLINE

PREFAST_NEWLINE
Buffer accessed is aa
PREFAST_NEWLINE
Buffer is of length 10 elements (4 bytes/element) [size of variable]
PREFAST_NEWLINE
Accessing the element (4 bytes/element) at element offset result.HRESULT_FROM_WIN32`96a
PREFAST_NEWLINE

PREFAST_NEWLINE
Values of variables:
PREFAST_NEWLINE
hr = result.HRESULT_FROM_WIN32`96a
PREFAST_NEWLINE

PREFAST_NEWLINE
where
PREFAST_NEWLINE
result.HRESULT_FROM_WIN32`96a &gt;= 0
PREFAST_NEWLINE

PREFAST_NEWLINE
Overrun access occurs when
PREFAST_NEWLINE
result.HRESULT_FROM_WIN32`96a &gt;= 10
PREFAST_NEWLINE
</DESCRIPTION><FUNCTION>MyFunction4</FUNCTION><DECORATED>?MyFunction4@@YAXK@Z</DECORATED><FUNCLINE>91</FUNCLINE><PATH><SFA><FILEPATH>c:\somepath\</FILEPATH><FILENAME>test096.cpp</FILENAME><LINE>91</LINE><COLUMN>5</COLUMN></SFA><SFA><FILEPATH>c:\somepath\</FILEPATH><FILENAME>test096.cpp</FILENAME><LINE>93</LINE><COLUMN>11</COLUMN></SFA><SFA><FILEPATH>c:\somepath\</FILEPATH><FILENAME>test096.cpp</FILENAME><LINE>95</LINE><COLUMN>12</COLUMN></SFA><SFA><FILEPATH>c:\somepath\</FILEPATH><FILENAME>test096.cpp</FILENAME><LINE>96</LINE><COLUMN>16</COLUMN></SFA><SFA><FILEPATH>c:\somepath\</FILEPATH><FILENAME>test096.cpp</FILENAME><LINE>96</LINE><COLUMN>39</COLUMN></SFA><SFA><FILEPATH>c:\somepath\</FILEPATH><FILENAME>test096.cpp</FILENAME><LINE>96</LINE><COLUMN>39</COLUMN></SFA><SFA><FILEPATH>c:\somepath\</FILEPATH><FILENAME>test096.cpp</FILENAME><LINE>97</LINE><COLUMN>14</COLUMN></SFA></PATH></DEFECT><DEFECT><SFA><FILEPATH>c:\somepath\</FILEPATH><FILENAME>test096.cpp</FILENAME><LINE>97</LINE><COLUMN>14</COLUMN></SFA><DEFECTCODE>26001</DEFECTCODE><DESCRIPTION>Underflow using expression 'aa[hr]'
PREFAST_NEWLINE
Buffer accessed is aa
PREFAST_NEWLINE
Buffer is of length 10 elements (4 bytes/element) [size of variable]
PREFAST_NEWLINE
Accessing the element (4 bytes/element) at element offset result.HRESULT_FROM_WIN32`96a
PREFAST_NEWLINE

PREFAST_NEWLINE
 when function HRESULT_FROM_WIN32 called at line 96 fails.
PREFAST_NEWLINE

PREFAST_NEWLINE
Values of variables:
PREFAST_NEWLINE
hr = result.HRESULT_FROM_WIN32`96a
PREFAST_NEWLINE

PREFAST_NEWLINE
where
PREFAST_NEWLINE
result.HRESULT_FROM_WIN32`96a + 1 &lt;= 0
PREFAST_NEWLINE
</DESCRIPTION><FUNCTION>MyFunction4</FUNCTION><DECORATED>?MyFunction4@@YAXK@Z</DECORATED><FUNCLINE>91</FUNCLINE><PATH><SFA><FILEPATH>c:\somepath\</FILEPATH><FILENAME>test096.cpp</FILENAME><LINE>91</LINE><COLUMN>5</COLUMN></SFA><SFA><FILEPATH>c:\somepath\</FILEPATH><FILENAME>test096.cpp</FILENAME><LINE>93</LINE><COLUMN>11</COLUMN></SFA><SFA><FILEPATH>c:\somepath\</FILEPATH><FILENAME>test096.cpp</FILENAME><LINE>95</LINE><COLUMN>12</COLUMN></SFA><SFA><FILEPATH>c:\somepath\</FILEPATH><FILENAME>test096.cpp</FILENAME><LINE>96</LINE><COLUMN>16</COLUMN></SFA><SFA><FILEPATH>c:\somepath\</FILEPATH><FILENAME>test096.cpp</FILENAME><LINE>96</LINE><COLUMN>39</COLUMN></SFA><SFA><FILEPATH>c:\somepath\</FILEPATH><FILENAME>test096.cpp</FILENAME><LINE>96</LINE><COLUMN>39</COLUMN></SFA><SFA><FILEPATH>c:\somepath\</FILEPATH><FILENAME>test096.cpp</FILENAME><LINE>97</LINE><COLUMN>14</COLUMN></SFA></PATH></DEFECT><DEFECT><SFA><FILEPATH>c:\somepath\</FILEPATH><FILENAME>test096.cpp</FILENAME><LINE>107</LINE><COLUMN>14</COLUMN></SFA><DEFECTCODE>26015</DEFECTCODE><DESCRIPTION>Potential overflow using expression 'aa[hr]'
PREFAST_NEWLINE
Buffer access is apparently unbounded by the buffer size.  
PREFAST_NEWLINE

PREFAST_NEWLINE
In particular: result.HRESULT_FROM_WIN32`106a is not constrained by any constant
PREFAST_NEWLINE

PREFAST_NEWLINE
Buffer accessed is aa
PREFAST_NEWLINE
Buffer is of length 10 elements (4 bytes/element) [size of variable]
PREFAST_NEWLINE
Accessing the element (4 bytes/element) at element offset result.HRESULT_FROM_WIN32`106a
PREFAST_NEWLINE

PREFAST_NEWLINE
Values of variables:
PREFAST_NEWLINE
hr = result.HRESULT_FROM_WIN32`106a
PREFAST_NEWLINE

PREFAST_NEWLINE
where
PREFAST_NEWLINE
result.HRESULT_FROM_WIN32`106a &gt;= 0
PREFAST_NEWLINE

PREFAST_NEWLINE
Overrun access occurs when
PREFAST_NEWLINE
result.HRESULT_FROM_WIN32`106a &gt;= 10
PREFAST_NEWLINE
</DESCRIPTION><FUNCTION>MyFunction5</FUNCTION><DECORATED>?MyFunction5@@YAXK@Z</DECORATED><FUNCLINE>101</FUNCLINE><PATH><SFA><FILEPATH>c:\somepath\</FILEPATH><FILENAME>test096.cpp</FILENAME><LINE>101</LINE><COLUMN>5</COLUMN></SFA><SFA><FILEPATH>c:\somepath\</FILEPATH><FILENAME>test096.cpp</FILENAME><LINE>103</LINE><COLUMN>8</COLUMN></SFA><SFA><FILEPATH>c:\somepath\</FILEPATH><FILENAME>test096.cpp</FILENAME><LINE>105</LINE><COLUMN>12</COLUMN></SFA><SFA><FILEPATH>c:\somepath\</FILEPATH><FILENAME>test096.cpp</FILENAME><LINE>106</LINE><COLUMN>16</COLUMN></SFA><SFA><FILEPATH>c:\somepath\</FILEPATH><FILENAME>test096.cpp</FILENAME><LINE>106</LINE><COLUMN>39</COLUMN></SFA><SFA><FILEPATH>c:\somepath\</FILEPATH><FILENAME>test096.cpp</FILENAME><LINE>106</LINE><COLUMN>39</COLUMN></SFA><SFA><FILEPATH>c:\somepath\</FILEPATH><FILENAME>test096.cpp</FILENAME><LINE>107</LINE><COLUMN>14</COLUMN></SFA></PATH></DEFECT><DEFECT><SFA><FILEPATH>c:\somepath\</FILEPATH><FILENAME>test096.cpp</FILENAME><LINE>107</LINE><COLUMN>14</COLUMN></SFA><DEFECTCODE>26001</DEFECTCODE><DESCRIPTION>Underflow using expression 'aa[hr]'
PREFAST_NEWLINE
Buffer accessed is aa
PREFAST_NEWLINE
Buffer is of length 10 elements (4 bytes/element) [size of variable]
PREFAST_NEWLINE
Accessing the element (4 bytes/element) at element offset result.HRESULT_FROM_WIN32`106a
PREFAST_NEWLINE

PREFAST_NEWLINE
 when function HRESULT_FROM_WIN32 called at line 106 fails.
PREFAST_NEWLINE

PREFAST_NEWLINE
Values of variables:
PREFAST_NEWLINE
hr = result.HRESULT_FROM_WIN32`106a
PREFAST_NEWLINE

PREFAST_NEWLINE
where
PREFAST_NEWLINE
result.HRESULT_FROM_WIN32`106a + 1 &lt;= 0
PREFAST_NEWLINE
</DESCRIPTION><FUNCTION>MyFunction5</FUNCTION><DECORATED>?MyFunction5@@YAXK@Z</DECORATED><FUNCLINE>101</FUNCLINE><PATH><SFA><FILEPATH>c:\somepath\</FILEPATH><FILENAME>test096.cpp</FILENAME><LINE>101</LINE><COLUMN>5</COLUMN></SFA><SFA><FILEPATH>c:\somepath\</FILEPATH><FILENAME>test096.cpp</FILENAME><LINE>103</LINE><COLUMN>8</COLUMN></SFA><SFA><FILEPATH>c:\somepath\</FILEPATH><FILENAME>test096.cpp</FILENAME><LINE>105</LINE><COLUMN>12</COLUMN></SFA><SFA><FILEPATH>c:\somepath\</FILEPATH><FILENAME>test096.cpp</FILENAME><LINE>106</LINE><COLUMN>16</COLUMN></SFA><SFA><FILEPATH>c:\somepath\</FILEPATH><FILENAME>test096.cpp</FILENAME><LINE>106</LINE><COLUMN>39</COLUMN></SFA><SFA><FILEPATH>c:\somepath\</FILEPATH><FILENAME>test096.cpp</FILENAME><LINE>106</LINE><COLUMN>39</COLUMN></SFA><SFA><FILEPATH>c:\somepath\</FILEPATH><FILENAME>test096.cpp</FILENAME><LINE>107</LINE><COLUMN>14</COLUMN></SFA></PATH></DEFECT></DEFECTS>