<?xml version='1.0' encoding='UTF-8'?>
<DEFECTS><DEFECT><SFA><FILEPATH>c:\somepath\</FILEPATH><FILENAME>test170.cpp</FILENAME><LINE>62</LINE><COLUMN>7</COLUMN></SFA><DEFECTCODE>26000</DEFECTCODE><DESCRIPTION>Overflow using expression 'a[11]'
PREFAST_NEWLINE
Buffer accessed is a
PREFAST_NEWLINE
Buffer is of length 10 bytes [size of variable]
PREFAST_NEWLINE
Accessing the byte at byte offset 11
PREFAST_NEWLINE
</DESCRIPTION><FUNCTION>CopyNullTerminatedBufferToOffset</FUNCTION><DECORATED>?CopyNullTerminatedBufferToOffset@@YAXXZ</DECORATED><FUNCLINE>47</FUNCLINE><PATH><SFA><FILEPATH>c:\somepath\</FILEPATH><FILENAME>test170.cpp</FILENAME><LINE>47</LINE><COLUMN>5</COLUMN></SFA><SFA><FILEPATH>c:\somepath\</FILEPATH><FILENAME>test170.cpp</FILENAME><LINE>49</LINE><COLUMN>9</COLUMN></SFA><SFA><FILEPATH>c:\somepath\</FILEPATH><FILENAME>test170.cpp</FILENAME><LINE>50</LINE><COLUMN>9</COLUMN></SFA><SFA><FILEPATH>c:\somepath\</FILEPATH><FILENAME>test170.cpp</FILENAME><LINE>52</LINE><COLUMN>9</COLUMN></SFA><SFA><FILEPATH>c:\somepath\</FILEPATH><FILENAME>test170.cpp</FILENAME><LINE>53</LINE><COLUMN>9</COLUMN></SFA><SFA><FILEPATH>c:\somepath\</FILEPATH><FILENAME>test170.cpp</FILENAME><LINE>54</LINE><COLUMN>9</COLUMN></SFA><SFA><FILEPATH>c:\somepath\</FILEPATH><FILENAME>test170.cpp</FILENAME><LINE>56</LINE><COLUMN>12</COLUMN></SFA><SFA><FILEPATH>c:\somepath\</FILEPATH><FILENAME>test170.cpp</FILENAME><LINE>61</LINE><COLUMN>16</COLUMN></SFA><SFA><FILEPATH>c:\somepath\</FILEPATH><FILENAME>test170.cpp</FILENAME><LINE>61</LINE><COLUMN>31</COLUMN></SFA><SFA><FILEPATH>c:\somepath\</FILEPATH><FILENAME>test170.cpp</FILENAME><LINE>61</LINE><COLUMN>20</COLUMN></SFA><SFA><FILEPATH>c:\somepath\</FILEPATH><FILENAME>test170.cpp</FILENAME><LINE>62</LINE><COLUMN>7</COLUMN></SFA></PATH></DEFECT></DEFECTS>