<?xml version='1.0' encoding='UTF-8'?>
<DEFECTS><DEFECT><SFA><FILEPATH>c:\somepath\</FILEPATH><FILENAME>test193.cpp</FILENAME><LINE>41</LINE><COLUMN>14</COLUMN></SFA><DEFECTCODE>26000</DEFECTCODE><DESCRIPTION>Overflow using expression 'a[10]'
PREFAST_NEWLINE
Buffer accessed is a
PREFAST_NEWLINE
Buffer is of length 10 bytes [size of variable]
PREFAST_NEWLINE
Accessing the byte at byte offset 10
PREFAST_NEWLINE
</DESCRIPTION><FUNCTION>UlpFixupIISLogRecord</FUNCTION><DECORATED>?UlpFixupIISLogRecord@@YAHPAULOG_DATA@@@Z</DECORATED><FUNCLINE>13</FUNCLINE><PATH><SFA><FILEPATH>c:\somepath\</FILEPATH><FILENAME>test193.cpp</FILENAME><LINE>13</LINE><COLUMN>0</COLUMN></SFA><SFA><FILEPATH>c:\somepath\</FILEPATH><FILENAME>test193.cpp</FILENAME><LINE>17</LINE><COLUMN>9</COLUMN></SFA><SFA><FILEPATH>c:\somepath\</FILEPATH><FILENAME>test193.cpp</FILENAME><LINE>18</LINE><COLUMN>11</COLUMN></SFA><SFA><FILEPATH>c:\somepath\</FILEPATH><FILENAME>test193.cpp</FILENAME><LINE>19</LINE><COLUMN>11</COLUMN></SFA><SFA><FILEPATH>c:\somepath\</FILEPATH><FILENAME>test193.cpp</FILENAME><LINE>20</LINE><COLUMN>11</COLUMN></SFA><SFA><FILEPATH>c:\somepath\</FILEPATH><FILENAME>test193.cpp</FILENAME><LINE>21</LINE><COLUMN>11</COLUMN></SFA><SFA><FILEPATH>c:\somepath\</FILEPATH><FILENAME>test193.cpp</FILENAME><LINE>22</LINE><COLUMN>11</COLUMN></SFA><SFA><FILEPATH>c:\somepath\</FILEPATH><FILENAME>test193.cpp</FILENAME><LINE>23</LINE><COLUMN>11</COLUMN></SFA><SFA><FILEPATH>c:\somepath\</FILEPATH><FILENAME>test193.cpp</FILENAME><LINE>25</LINE><COLUMN>10</COLUMN></SFA><SFA><FILEPATH>c:\somepath\</FILEPATH><FILENAME>test193.cpp</FILENAME><LINE>26</LINE><COLUMN>13</COLUMN></SFA><SFA><FILEPATH>c:\somepath\</FILEPATH><FILENAME>test193.cpp</FILENAME><LINE>28</LINE><COLUMN>11</COLUMN></SFA><SFA><FILEPATH>c:\somepath\</FILEPATH><FILENAME>test193.cpp</FILENAME><LINE>29</LINE><COLUMN>14</COLUMN></SFA><SFA><FILEPATH>c:\somepath\</FILEPATH><FILENAME>test193.cpp</FILENAME><LINE>31</LINE><COLUMN>10</COLUMN></SFA><SFA><FILEPATH>c:\somepath\</FILEPATH><FILENAME>test193.cpp</FILENAME><LINE>33</LINE><COLUMN>17</COLUMN></SFA><SFA><FILEPATH>c:\somepath\</FILEPATH><FILENAME>test193.cpp</FILENAME><LINE>33</LINE><COLUMN>38</COLUMN></SFA><SFA><FILEPATH>c:\somepath\</FILEPATH><FILENAME>test193.cpp</FILENAME><LINE>40</LINE><COLUMN>18</COLUMN></SFA><SFA><FILEPATH>c:\somepath\</FILEPATH><FILENAME>test193.cpp</FILENAME><LINE>41</LINE><COLUMN>14</COLUMN></SFA></PATH></DEFECT></DEFECTS>