<?xml version='1.0' encoding='UTF-8'?>
<DEFECTS><DEFECT><SFA><FILEPATH>c:\somepath\</FILEPATH><FILENAME>test104.cpp</FILENAME><LINE>26</LINE><COLUMN>12</COLUMN></SFA><DEFECTCODE>26003</DEFECTCODE><DESCRIPTION>Writing to buffer '((this-&gt;CDXGKDX_DUMP_LOG::LevelCache)[0]-&gt;LEVEL_CACHE::m_pCache)' of unspecified length.  Please annotate.
PREFAST_NEWLINE

PREFAST_NEWLINE
If we assume that the buffer has single element in length, then the checker would report:
PREFAST_NEWLINE
Potential overflow using expression 'allotemp.1'
PREFAST_NEWLINE
Accessing unannotated buffer ((this-&gt;CDXGKDX_DUMP_LOG::LevelCache)[0]-&gt;LEVEL_CACHE::m_pCache)
PREFAST_NEWLINE
Buffer is of length 1 bytes [assumed because the buffer is unannotated]
PREFAST_NEWLINE
Accessing ((this-&gt;CDXGKDX_DUMP_LOG::LevelCache)[0]-&gt;LEVEL_CACHE::m_CacheSize)`26 bytes starting at byte offset 0
PREFAST_NEWLINE
Assumed __inout annotation on function LEVEL_CACHE::`scalar deleting destructor' requires that {parameter 1}-&gt;m_pCache is of length &gt;= {parameter 1}-&gt;m_CacheSize elements (1 bytes/element)
PREFAST_NEWLINE
  where {parameter 1}-&gt;m_pCache is allotemp.1; {parameter 1} is allotemp.1
PREFAST_NEWLINE
[Field annotation SAL_writableTo(elementCount({parameter 1}-&gt;m_CacheSize)) at c:\somepath\test104.cpp(12)]
PREFAST_NEWLINE

PREFAST_NEWLINE

PREFAST_NEWLINE
Values of variables:
PREFAST_NEWLINE
((this-&gt;CDXGKDX_DUMP_LOG::LevelCache)[0]-&gt;LEVEL_CACHE::m_CacheSize) = ((this-&gt;CDXGKDX_DUMP_LOG::LevelCache)[0]-&gt;LEVEL_CACHE::m_CacheSize)`26
PREFAST_NEWLINE

PREFAST_NEWLINE
where
PREFAST_NEWLINE
((this-&gt;CDXGKDX_DUMP_LOG::LevelCache)[0]-&gt;LEVEL_CACHE::m_CacheSize)`26 &gt;= 1
PREFAST_NEWLINE

PREFAST_NEWLINE
Overrun access occurs when
PREFAST_NEWLINE
((this-&gt;CDXGKDX_DUMP_LOG::LevelCache)[0]-&gt;LEVEL_CACHE::m_CacheSize)`26 &gt;= 2
PREFAST_NEWLINE
</DESCRIPTION><FUNCTION>CDXGKDX_DUMP_LOG::{dtor}</FUNCTION><DECORATED>??1CDXGKDX_DUMP_LOG@@QAE@XZ</DECORATED><FUNCLINE>23</FUNCLINE><PATH><SFA><FILEPATH>c:\somepath\</FILEPATH><FILENAME>test104.cpp</FILENAME><LINE>23</LINE><COLUMN>21</COLUMN></SFA><SFA><FILEPATH>c:\somepath\</FILEPATH><FILENAME>test104.cpp</FILENAME><LINE>25</LINE><COLUMN>27</COLUMN></SFA><SFA><FILEPATH>c:\somepath\</FILEPATH><FILENAME>test104.cpp</FILENAME><LINE>25</LINE><COLUMN>31</COLUMN></SFA><SFA><FILEPATH>c:\somepath\</FILEPATH><FILENAME>test104.cpp</FILENAME><LINE>25</LINE><COLUMN>36</COLUMN></SFA><SFA><FILEPATH>c:\somepath\</FILEPATH><FILENAME>test104.cpp</FILENAME><LINE>26</LINE><COLUMN>12</COLUMN></SFA><SFA><FILEPATH>c:\somepath\</FILEPATH><FILENAME>test104.cpp</FILENAME><LINE>26</LINE><COLUMN>12</COLUMN></SFA><SFA><FILEPATH>c:\somepath\</FILEPATH><FILENAME>test104.cpp</FILENAME><LINE>26</LINE><COLUMN>12</COLUMN></SFA><SFA><FILEPATH>c:\somepath\</FILEPATH><FILENAME>test104.cpp</FILENAME><LINE>25</LINE><COLUMN>61</COLUMN></SFA><SFA><FILEPATH>c:\somepath\</FILEPATH><FILENAME>test104.cpp</FILENAME><LINE>25</LINE><COLUMN>36</COLUMN></SFA><SFA><FILEPATH>c:\somepath\</FILEPATH><FILENAME>test104.cpp</FILENAME><LINE>26</LINE><COLUMN>12</COLUMN></SFA><SFA><FILEPATH>c:\somepath\</FILEPATH><FILENAME>test104.cpp</FILENAME><LINE>26</LINE><COLUMN>12</COLUMN></SFA><SFA><FILEPATH>c:\somepath\</FILEPATH><FILENAME>test104.cpp</FILENAME><LINE>26</LINE><COLUMN>12</COLUMN></SFA><SFA><FILEPATH>c:\somepath\</FILEPATH><FILENAME>test104.cpp</FILENAME><LINE>25</LINE><COLUMN>61</COLUMN></SFA><SFA><FILEPATH>c:\somepath\</FILEPATH><FILENAME>test104.cpp</FILENAME><LINE>25</LINE><COLUMN>36</COLUMN></SFA><SFA><FILEPATH>c:\somepath\</FILEPATH><FILENAME>test104.cpp</FILENAME><LINE>26</LINE><COLUMN>12</COLUMN></SFA><SFA><FILEPATH>c:\somepath\</FILEPATH><FILENAME>test104.cpp</FILENAME><LINE>26</LINE><COLUMN>12</COLUMN></SFA><SFA><FILEPATH>c:\somepath\</FILEPATH><FILENAME>test104.cpp</FILENAME><LINE>26</LINE><COLUMN>12</COLUMN></SFA><SFA><FILEPATH>c:\somepath\</FILEPATH><FILENAME>test104.cpp</FILENAME><LINE>25</LINE><COLUMN>61</COLUMN></SFA><SFA><FILEPATH>c:\somepath\</FILEPATH><FILENAME>test104.cpp</FILENAME><LINE>25</LINE><COLUMN>36</COLUMN></SFA><SFA><FILEPATH>c:\somepath\</FILEPATH><FILENAME>test104.cpp</FILENAME><LINE>26</LINE><COLUMN>12</COLUMN></SFA><SFA><FILEPATH>c:\somepath\</FILEPATH><FILENAME>test104.cpp</FILENAME><LINE>26</LINE><COLUMN>12</COLUMN></SFA><SFA><FILEPATH>c:\somepath\</FILEPATH><FILENAME>test104.cpp</FILENAME><LINE>26</LINE><COLUMN>12</COLUMN></SFA></PATH></DEFECT><DEFECT><SFA><FILEPATH>c:\somepath\</FILEPATH><FILENAME>test104.cpp</FILENAME><LINE>42</LINE><COLUMN>8</COLUMN></SFA><DEFECTCODE>26003</DEFECTCODE><DESCRIPTION>Writing to buffer '(LevelCache[0]-&gt;LEVEL_CACHE::m_pCache)' of unspecified length.  Please annotate.
PREFAST_NEWLINE

PREFAST_NEWLINE
If we assume that the buffer has single element in length, then the checker would report:
PREFAST_NEWLINE
Potential overflow using expression 'allotemp.2'
PREFAST_NEWLINE
Accessing unannotated buffer (LevelCache[0]-&gt;LEVEL_CACHE::m_pCache)
PREFAST_NEWLINE
Buffer is of length 1 bytes [assumed because the buffer is unannotated]
PREFAST_NEWLINE
Accessing (LevelCache[0]-&gt;LEVEL_CACHE::m_CacheSize)`39 bytes starting at byte offset 0
PREFAST_NEWLINE
Assumed __inout annotation on function LEVEL_CACHE::`scalar deleting destructor' requires that {parameter 1}-&gt;m_pCache is of length &gt;= {parameter 1}-&gt;m_CacheSize elements (1 bytes/element)
PREFAST_NEWLINE
  where {parameter 1}-&gt;m_pCache is allotemp.2; {parameter 1} is allotemp.2
PREFAST_NEWLINE
[Field annotation SAL_writableTo(elementCount({parameter 1}-&gt;m_CacheSize)) at c:\somepath\test104.cpp(12)]
PREFAST_NEWLINE

PREFAST_NEWLINE

PREFAST_NEWLINE
Values of variables:
PREFAST_NEWLINE
(LevelCache[0]-&gt;LEVEL_CACHE::m_CacheSize) = (LevelCache[0]-&gt;LEVEL_CACHE::m_CacheSize)`39
PREFAST_NEWLINE

PREFAST_NEWLINE
where
PREFAST_NEWLINE
(LevelCache[0]-&gt;LEVEL_CACHE::m_CacheSize)`39 &gt;= 1
PREFAST_NEWLINE

PREFAST_NEWLINE
Overrun access occurs when
PREFAST_NEWLINE
(LevelCache[0]-&gt;LEVEL_CACHE::m_CacheSize)`39 &gt;= 2
PREFAST_NEWLINE
</DESCRIPTION><FUNCTION>main</FUNCTION><DECORATED>main</DECORATED><FUNCLINE>32</FUNCLINE><PATH><SFA><FILEPATH>c:\somepath\</FILEPATH><FILENAME>test104.cpp</FILENAME><LINE>32</LINE><COLUMN>16</COLUMN></SFA><SFA><FILEPATH>c:\somepath\</FILEPATH><FILENAME>test104.cpp</FILENAME><LINE>34</LINE><COLUMN>21</COLUMN></SFA><SFA><FILEPATH>c:\somepath\</FILEPATH><FILENAME>test104.cpp</FILENAME><LINE>34</LINE><COLUMN>22</COLUMN></SFA><SFA><FILEPATH>c:\somepath\</FILEPATH><FILENAME>test104.cpp</FILENAME><LINE>36</LINE><COLUMN>17</COLUMN></SFA><SFA><FILEPATH>c:\somepath\</FILEPATH><FILENAME>test104.cpp</FILENAME><LINE>38</LINE><COLUMN>23</COLUMN></SFA><SFA><FILEPATH>c:\somepath\</FILEPATH><FILENAME>test104.cpp</FILENAME><LINE>38</LINE><COLUMN>27</COLUMN></SFA><SFA><FILEPATH>c:\somepath\</FILEPATH><FILENAME>test104.cpp</FILENAME><LINE>38</LINE><COLUMN>32</COLUMN></SFA><SFA><FILEPATH>c:\somepath\</FILEPATH><FILENAME>test104.cpp</FILENAME><LINE>39</LINE><COLUMN>39</COLUMN></SFA><SFA><FILEPATH>c:\somepath\</FILEPATH><FILENAME>test104.cpp</FILENAME><LINE>39</LINE><COLUMN>39</COLUMN></SFA><SFA><FILEPATH>c:\somepath\</FILEPATH><FILENAME>test104.cpp</FILENAME><LINE>39</LINE><COLUMN>39</COLUMN></SFA><SFA><FILEPATH>c:\somepath\</FILEPATH><FILENAME>test104.cpp</FILENAME><LINE>39</LINE><COLUMN>22</COLUMN></SFA><SFA><FILEPATH>c:\somepath\</FILEPATH><FILENAME>test104.cpp</FILENAME><LINE>38</LINE><COLUMN>57</COLUMN></SFA><SFA><FILEPATH>c:\somepath\</FILEPATH><FILENAME>test104.cpp</FILENAME><LINE>38</LINE><COLUMN>32</COLUMN></SFA><SFA><FILEPATH>c:\somepath\</FILEPATH><FILENAME>test104.cpp</FILENAME><LINE>39</LINE><COLUMN>39</COLUMN></SFA><SFA><FILEPATH>c:\somepath\</FILEPATH><FILENAME>test104.cpp</FILENAME><LINE>39</LINE><COLUMN>39</COLUMN></SFA><SFA><FILEPATH>c:\somepath\</FILEPATH><FILENAME>test104.cpp</FILENAME><LINE>39</LINE><COLUMN>39</COLUMN></SFA><SFA><FILEPATH>c:\somepath\</FILEPATH><FILENAME>test104.cpp</FILENAME><LINE>39</LINE><COLUMN>22</COLUMN></SFA><SFA><FILEPATH>c:\somepath\</FILEPATH><FILENAME>test104.cpp</FILENAME><LINE>38</LINE><COLUMN>57</COLUMN></SFA><SFA><FILEPATH>c:\somepath\</FILEPATH><FILENAME>test104.cpp</FILENAME><LINE>38</LINE><COLUMN>32</COLUMN></SFA><SFA><FILEPATH>c:\somepath\</FILEPATH><FILENAME>test104.cpp</FILENAME><LINE>39</LINE><COLUMN>39</COLUMN></SFA><SFA><FILEPATH>c:\somepath\</FILEPATH><FILENAME>test104.cpp</FILENAME><LINE>39</LINE><COLUMN>39</COLUMN></SFA><SFA><FILEPATH>c:\somepath\</FILEPATH><FILENAME>test104.cpp</FILENAME><LINE>39</LINE><COLUMN>39</COLUMN></SFA><SFA><FILEPATH>c:\somepath\</FILEPATH><FILENAME>test104.cpp</FILENAME><LINE>39</LINE><COLUMN>39</COLUMN></SFA><SFA><FILEPATH>c:\somepath\</FILEPATH><FILENAME>test104.cpp</FILENAME><LINE>39</LINE><COLUMN>39</COLUMN></SFA><SFA><FILEPATH>c:\somepath\</FILEPATH><FILENAME>test104.cpp</FILENAME><LINE>39</LINE><COLUMN>22</COLUMN></SFA><SFA><FILEPATH>c:\somepath\</FILEPATH><FILENAME>test104.cpp</FILENAME><LINE>38</LINE><COLUMN>57</COLUMN></SFA><SFA><FILEPATH>c:\somepath\</FILEPATH><FILENAME>test104.cpp</FILENAME><LINE>38</LINE><COLUMN>32</COLUMN></SFA><SFA><FILEPATH>c:\somepath\</FILEPATH><FILENAME>test104.cpp</FILENAME><LINE>41</LINE><COLUMN>23</COLUMN></SFA><SFA><FILEPATH>c:\somepath\</FILEPATH><FILENAME>test104.cpp</FILENAME><LINE>41</LINE><COLUMN>27</COLUMN></SFA><SFA><FILEPATH>c:\somepath\</FILEPATH><FILENAME>test104.cpp</FILENAME><LINE>41</LINE><COLUMN>32</COLUMN></SFA><SFA><FILEPATH>c:\somepath\</FILEPATH><FILENAME>test104.cpp</FILENAME><LINE>42</LINE><COLUMN>8</COLUMN></SFA><SFA><FILEPATH>c:\somepath\</FILEPATH><FILENAME>test104.cpp</FILENAME><LINE>42</LINE><COLUMN>8</COLUMN></SFA><SFA><FILEPATH>c:\somepath\</FILEPATH><FILENAME>test104.cpp</FILENAME><LINE>42</LINE><COLUMN>8</COLUMN></SFA></PATH></DEFECT></DEFECTS>
