<?xml version='1.0' encoding='UTF-8'?>
<DEFECTS><DEFECT><SFA><FILEPATH>c:\somepath\</FILEPATH><FILENAME>test067.cpp</FILENAME><LINE>9</LINE><COLUMN>39</COLUMN></SFA><DEFECTCODE>26007</DEFECTCODE><DESCRIPTION>Possibly incorrect single element annotation on buffer
PREFAST_NEWLINE
Read overflow using expression '* src'
PREFAST_NEWLINE
Buffer src is a parameter to this function declared on line 4
PREFAST_NEWLINE
Buffer lengths are from an assumed __in annotation on the parameter
PREFAST_NEWLINE
Buffer is of length offset(src)`4 + 1 bytes [from annotation valid(elementCount(1)) at c:\somepath\test067.cpp(4)]
PREFAST_NEWLINE
Accessing the byte at byte offset 1
PREFAST_NEWLINE

PREFAST_NEWLINE
Values of variables:
PREFAST_NEWLINE
Pointer src is at offset 1 bytes from the start of the buffer
PREFAST_NEWLINE

PREFAST_NEWLINE
where
PREFAST_NEWLINE
offset(src)`4 == 0
PREFAST_NEWLINE
{loop iterations}'9 == 0
PREFAST_NEWLINE
size`4 &gt;= 3
PREFAST_NEWLINE

PREFAST_NEWLINE
There are other instances of this error:
PREFAST_NEWLINE
Possibly incorrect single element annotation on buffer at line 10
PREFAST_NEWLINE
</DESCRIPTION><FUNCTION>StrCchCopy</FUNCTION><DECORATED>?StrCchCopy@@YAJPADPBDI@Z</DECORATED><FUNCLINE>4</FUNCLINE><PATH><SFA><FILEPATH>c:\somepath\</FILEPATH><FILENAME>test067.cpp</FILENAME><LINE>4</LINE><COLUMN>8</COLUMN></SFA><SFA><FILEPATH>c:\somepath\</FILEPATH><FILENAME>test067.cpp</FILENAME><LINE>6</LINE><COLUMN>8</COLUMN></SFA><SFA><FILEPATH>c:\somepath\</FILEPATH><FILENAME>test067.cpp</FILENAME><LINE>6</LINE><COLUMN>27</COLUMN></SFA><SFA><FILEPATH>c:\somepath\</FILEPATH><FILENAME>test067.cpp</FILENAME><LINE>9</LINE><COLUMN>16</COLUMN></SFA><SFA><FILEPATH>c:\somepath\</FILEPATH><FILENAME>test067.cpp</FILENAME><LINE>9</LINE><COLUMN>20</COLUMN></SFA><SFA><FILEPATH>c:\somepath\</FILEPATH><FILENAME>test067.cpp</FILENAME><LINE>9</LINE><COLUMN>25</COLUMN></SFA><SFA><FILEPATH>c:\somepath\</FILEPATH><FILENAME>test067.cpp</FILENAME><LINE>9</LINE><COLUMN>39</COLUMN></SFA><SFA><FILEPATH>c:\somepath\</FILEPATH><FILENAME>test067.cpp</FILENAME><LINE>10</LINE><COLUMN>16</COLUMN></SFA><SFA><FILEPATH>c:\somepath\</FILEPATH><FILENAME>test067.cpp</FILENAME><LINE>9</LINE><COLUMN>45</COLUMN></SFA><SFA><FILEPATH>c:\somepath\</FILEPATH><FILENAME>test067.cpp</FILENAME><LINE>9</LINE><COLUMN>25</COLUMN></SFA><SFA><FILEPATH>c:\somepath\</FILEPATH><FILENAME>test067.cpp</FILENAME><LINE>9</LINE><COLUMN>39</COLUMN></SFA></PATH></DEFECT></DEFECTS>