<?xml version='1.0' encoding='UTF-8'?>
<DEFECTS><DEFECT><SFA><FILEPATH>c:\somepath\</FILEPATH><FILENAME>test052.cpp</FILENAME><LINE>98</LINE><COLUMN>27</COLUMN></SFA><DEFECTCODE>26000</DEFECTCODE><DESCRIPTION>Overflow using expression '* (lpDstCursor ++)'
PREFAST_NEWLINE
Buffer result.malloc created during call to malloc on line 78
PREFAST_NEWLINE
Buffer is of length 3 bytes [from annotation _Post_writable_byte_size_(byteCount({parameter 1})) on function malloc called at line 78]
PREFAST_NEWLINE
Accessing the byte at byte offset 4
PREFAST_NEWLINE

PREFAST_NEWLINE
Values of variables:
PREFAST_NEWLINE
Pointer lpDstCursor is at offset 5 bytes from the start of the buffer
PREFAST_NEWLINE

PREFAST_NEWLINE
where
PREFAST_NEWLINE
delta_offset(lpDstCursor)`94 == 0
PREFAST_NEWLINE
offset(StringToFormat)`33 == 0
PREFAST_NEWLINE
offset(result.malloc)`78a == 0
PREFAST_NEWLINE
{loop iterations}'94 == 0
PREFAST_NEWLINE
nullpos(StringToFormat)`33 &gt;= 4
PREFAST_NEWLINE

PREFAST_NEWLINE
There are other instances of this error:
PREFAST_NEWLINE
Overflow using expression '* (lpDstCursor ++)' at line 99
PREFAST_NEWLINE
Overflow using expression '* (lpDstCursor ++)' at line 103
PREFAST_NEWLINE
</DESCRIPTION><FUNCTION>CreateLogString</FUNCTION><DECORATED>?CreateLogString@@YAIPBDPAPAD@Z</DECORATED><FUNCLINE>33</FUNCLINE><PATH><SFA><FILEPATH>c:\somepath\</FILEPATH><FILENAME>test052.cpp</FILENAME><LINE>33</LINE><COLUMN>6</COLUMN></SFA><SFA><FILEPATH>c:\somepath\</FILEPATH><FILENAME>test052.cpp</FILENAME><LINE>35</LINE><COLUMN>10</COLUMN></SFA><SFA><FILEPATH>c:\somepath\</FILEPATH><FILENAME>test052.cpp</FILENAME><LINE>35</LINE><COLUMN>18</COLUMN></SFA><SFA><FILEPATH>c:\somepath\</FILEPATH><FILENAME>test052.cpp</FILENAME><LINE>36</LINE><COLUMN>12</COLUMN></SFA><SFA><FILEPATH>c:\somepath\</FILEPATH><FILENAME>test052.cpp</FILENAME><LINE>36</LINE><COLUMN>26</COLUMN></SFA><SFA><FILEPATH>c:\somepath\</FILEPATH><FILENAME>test052.cpp</FILENAME><LINE>37</LINE><COLUMN>11</COLUMN></SFA><SFA><FILEPATH>c:\somepath\</FILEPATH><FILENAME>test052.cpp</FILENAME><LINE>37</LINE><COLUMN>25</COLUMN></SFA><SFA><FILEPATH>c:\somepath\</FILEPATH><FILENAME>test052.cpp</FILENAME><LINE>38</LINE><COLUMN>11</COLUMN></SFA><SFA><FILEPATH>c:\somepath\</FILEPATH><FILENAME>test052.cpp</FILENAME><LINE>38</LINE><COLUMN>31</COLUMN></SFA><SFA><FILEPATH>c:\somepath\</FILEPATH><FILENAME>test052.cpp</FILENAME><LINE>39</LINE><COLUMN>10</COLUMN></SFA><SFA><FILEPATH>c:\somepath\</FILEPATH><FILENAME>test052.cpp</FILENAME><LINE>39</LINE><COLUMN>30</COLUMN></SFA><SFA><FILEPATH>c:\somepath\</FILEPATH><FILENAME>test052.cpp</FILENAME><LINE>40</LINE><COLUMN>10</COLUMN></SFA><SFA><FILEPATH>c:\somepath\</FILEPATH><FILENAME>test052.cpp</FILENAME><LINE>40</LINE><COLUMN>32</COLUMN></SFA><SFA><FILEPATH>c:\somepath\</FILEPATH><FILENAME>test052.cpp</FILENAME><LINE>41</LINE><COLUMN>10</COLUMN></SFA><SFA><FILEPATH>c:\somepath\</FILEPATH><FILENAME>test052.cpp</FILENAME><LINE>41</LINE><COLUMN>32</COLUMN></SFA><SFA><FILEPATH>c:\somepath\</FILEPATH><FILENAME>test052.cpp</FILENAME><LINE>42</LINE><COLUMN>16</COLUMN></SFA><SFA><FILEPATH>c:\somepath\</FILEPATH><FILENAME>test052.cpp</FILENAME><LINE>42</LINE><COLUMN>26</COLUMN></SFA><SFA><FILEPATH>c:\somepath\</FILEPATH><FILENAME>test052.cpp</FILENAME><LINE>43</LINE><COLUMN>16</COLUMN></SFA><SFA><FILEPATH>c:\somepath\</FILEPATH><FILENAME>test052.cpp</FILENAME><LINE>43</LINE><COLUMN>33</COLUMN></SFA><SFA><FILEPATH>c:\somepath\</FILEPATH><FILENAME>test052.cpp</FILENAME><LINE>45</LINE><COLUMN>11</COLUMN></SFA><SFA><FILEPATH>c:\somepath\</FILEPATH><FILENAME>test052.cpp</FILENAME><LINE>45</LINE><COLUMN>31</COLUMN></SFA><SFA><FILEPATH>c:\somepath\</FILEPATH><FILENAME>test052.cpp</FILENAME><LINE>51</LINE><COLUMN>16</COLUMN></SFA><SFA><FILEPATH>c:\somepath\</FILEPATH><FILENAME>test052.cpp</FILENAME><LINE>52</LINE><COLUMN>25</COLUMN></SFA><SFA><FILEPATH>c:\somepath\</FILEPATH><FILENAME>test052.cpp</FILENAME><LINE>54</LINE><COLUMN>27</COLUMN></SFA><SFA><FILEPATH>c:\somepath\</FILEPATH><FILENAME>test052.cpp</FILENAME><LINE>55</LINE><COLUMN>25</COLUMN></SFA><SFA><FILEPATH>c:\somepath\</FILEPATH><FILENAME>test052.cpp</FILENAME><LINE>56</LINE><COLUMN>19</COLUMN></SFA><SFA><FILEPATH>c:\somepath\</FILEPATH><FILENAME>test052.cpp</FILENAME><LINE>59</LINE><COLUMN>12</COLUMN></SFA><SFA><FILEPATH>c:\somepath\</FILEPATH><FILENAME>test052.cpp</FILENAME><LINE>71</LINE><COLUMN>24</COLUMN></SFA><SFA><FILEPATH>c:\somepath\</FILEPATH><FILENAME>test052.cpp</FILENAME><LINE>72</LINE><COLUMN>29</COLUMN></SFA><SFA><FILEPATH>c:\somepath\</FILEPATH><FILENAME>test052.cpp</FILENAME><LINE>78</LINE><COLUMN>39</COLUMN></SFA><SFA><FILEPATH>c:\somepath\</FILEPATH><FILENAME>test052.cpp</FILENAME><LINE>78</LINE><COLUMN>22</COLUMN></SFA><SFA><FILEPATH>c:\somepath\</FILEPATH><FILENAME>test052.cpp</FILENAME><LINE>79</LINE><COLUMN>9</COLUMN></SFA><SFA><FILEPATH>c:\somepath\</FILEPATH><FILENAME>test052.cpp</FILENAME><LINE>85</LINE><COLUMN>16</COLUMN></SFA><SFA><FILEPATH>c:\somepath\</FILEPATH><FILENAME>test052.cpp</FILENAME><LINE>86</LINE><COLUMN>16</COLUMN></SFA><SFA><FILEPATH>c:\somepath\</FILEPATH><FILENAME>test052.cpp</FILENAME><LINE>87</LINE><COLUMN>25</COLUMN></SFA><SFA><FILEPATH>c:\somepath\</FILEPATH><FILENAME>test052.cpp</FILENAME><LINE>89</LINE><COLUMN>23</COLUMN></SFA><SFA><FILEPATH>c:\somepath\</FILEPATH><FILENAME>test052.cpp</FILENAME><LINE>90</LINE><COLUMN>23</COLUMN></SFA><SFA><FILEPATH>c:\somepath\</FILEPATH><FILENAME>test052.cpp</FILENAME><LINE>91</LINE><COLUMN>19</COLUMN></SFA><SFA><FILEPATH>c:\somepath\</FILEPATH><FILENAME>test052.cpp</FILENAME><LINE>94</LINE><COLUMN>12</COLUMN></SFA><SFA><FILEPATH>c:\somepath\</FILEPATH><FILENAME>test052.cpp</FILENAME><LINE>96</LINE><COLUMN>28</COLUMN></SFA><SFA><FILEPATH>c:\somepath\</FILEPATH><FILENAME>test052.cpp</FILENAME><LINE>96</LINE><COLUMN>65</COLUMN></SFA><SFA><FILEPATH>c:\somepath\</FILEPATH><FILENAME>test052.cpp</FILENAME><LINE>98</LINE><COLUMN>27</COLUMN></SFA><SFA><FILEPATH>c:\somepath\</FILEPATH><FILENAME>test052.cpp</FILENAME><LINE>99</LINE><COLUMN>27</COLUMN></SFA><SFA><FILEPATH>c:\somepath\</FILEPATH><FILENAME>test052.cpp</FILENAME><LINE>106</LINE><COLUMN>19</COLUMN></SFA><SFA><FILEPATH>c:\somepath\</FILEPATH><FILENAME>test052.cpp</FILENAME><LINE>94</LINE><COLUMN>12</COLUMN></SFA><SFA><FILEPATH>c:\somepath\</FILEPATH><FILENAME>test052.cpp</FILENAME><LINE>96</LINE><COLUMN>28</COLUMN></SFA><SFA><FILEPATH>c:\somepath\</FILEPATH><FILENAME>test052.cpp</FILENAME><LINE>96</LINE><COLUMN>65</COLUMN></SFA><SFA><FILEPATH>c:\somepath\</FILEPATH><FILENAME>test052.cpp</FILENAME><LINE>98</LINE><COLUMN>27</COLUMN></SFA></PATH></DEFECT></DEFECTS>