<?xml version='1.0' encoding='UTF-8'?>
<DEFECTS><DEFECT><SFA><FILEPATH>c:\somepath\</FILEPATH><FILENAME>test112.cpp</FILENAME><LINE>46</LINE><COLUMN>33</COLUMN></SFA><DEFECTCODE>26017</DEFECTCODE><DESCRIPTION>Potential overflow using expression 'pchBuffer[bytesReceived]'
PREFAST_NEWLINE
Buffer access is apparently unbounded by the buffer size.  
PREFAST_NEWLINE

PREFAST_NEWLINE
In particular: offset(pchBuffer)`44a is not constrained by bufferLength`44a
PREFAST_NEWLINE
offset(pchBuffer)`44a is not constrained by any constant
PREFAST_NEWLINE

PREFAST_NEWLINE
Buffer pchBuffer created during call to Receive on line 44
PREFAST_NEWLINE
Buffer is of length bufferLength`44a bytes [from annotation SAL_writableTo(byteCount(* {parameter 2})) at c:\somepath\test112.cpp(8) on function Receive called at line 44] OR
PREFAST_NEWLINE
  bytesReceived`44a bytes [from annotation SAL_readableTo(byteCount(* {parameter 4})) at c:\somepath\test112.cpp(8) on function Receive called at line 44]
PREFAST_NEWLINE
Accessing the byte at byte offset bytesReceived`44a
PREFAST_NEWLINE

PREFAST_NEWLINE
Values of variables:
PREFAST_NEWLINE
Pointer pchBuffer is at offset 0 bytes from the start of the buffer
PREFAST_NEWLINE
bytesReceived = bytesReceived`44a
PREFAST_NEWLINE

PREFAST_NEWLINE
where
PREFAST_NEWLINE
offset(pchBuffer)`44a == 0
PREFAST_NEWLINE
bufferLength`44a &gt;= 1
PREFAST_NEWLINE
bytesReceived`44a &gt;= 1
PREFAST_NEWLINE

PREFAST_NEWLINE
Overrun access occurs when
PREFAST_NEWLINE
bufferLength`44a &lt;= bytesReceived`44a
PREFAST_NEWLINE
</DESCRIPTION><FUNCTION>main</FUNCTION><DECORATED>main</DECORATED><FUNCLINE>29</FUNCLINE><PATH><SFA><FILEPATH>c:\somepath\</FILEPATH><FILENAME>test112.cpp</FILENAME><LINE>29</LINE><COLUMN>5</COLUMN></SFA><SFA><FILEPATH>c:\somepath\</FILEPATH><FILENAME>test112.cpp</FILENAME><LINE>31</LINE><COLUMN>10</COLUMN></SFA><SFA><FILEPATH>c:\somepath\</FILEPATH><FILENAME>test112.cpp</FILENAME><LINE>32</LINE><COLUMN>10</COLUMN></SFA><SFA><FILEPATH>c:\somepath\</FILEPATH><FILENAME>test112.cpp</FILENAME><LINE>33</LINE><COLUMN>10</COLUMN></SFA><SFA><FILEPATH>c:\somepath\</FILEPATH><FILENAME>test112.cpp</FILENAME><LINE>34</LINE><COLUMN>10</COLUMN></SFA><SFA><FILEPATH>c:\somepath\</FILEPATH><FILENAME>test112.cpp</FILENAME><LINE>35</LINE><COLUMN>10</COLUMN></SFA><SFA><FILEPATH>c:\somepath\</FILEPATH><FILENAME>test112.cpp</FILENAME><LINE>39</LINE><COLUMN>14</COLUMN></SFA><SFA><FILEPATH>c:\somepath\</FILEPATH><FILENAME>test112.cpp</FILENAME><LINE>40</LINE><COLUMN>17</COLUMN></SFA><SFA><FILEPATH>c:\somepath\</FILEPATH><FILENAME>test112.cpp</FILENAME><LINE>41</LINE><COLUMN>15</COLUMN></SFA><SFA><FILEPATH>c:\somepath\</FILEPATH><FILENAME>test112.cpp</FILENAME><LINE>42</LINE><COLUMN>18</COLUMN></SFA><SFA><FILEPATH>c:\somepath\</FILEPATH><FILENAME>test112.cpp</FILENAME><LINE>43</LINE><COLUMN>17</COLUMN></SFA><SFA><FILEPATH>c:\somepath\</FILEPATH><FILENAME>test112.cpp</FILENAME><LINE>44</LINE><COLUMN>11</COLUMN></SFA><SFA><FILEPATH>c:\somepath\</FILEPATH><FILENAME>test112.cpp</FILENAME><LINE>45</LINE><COLUMN>8</COLUMN></SFA><SFA><FILEPATH>c:\somepath\</FILEPATH><FILENAME>test112.cpp</FILENAME><LINE>46</LINE><COLUMN>33</COLUMN></SFA></PATH></DEFECT></DEFECTS>