<?xml version='1.0' encoding='UTF-8'?>
<DEFECTS><DEFECT><SFA><FILEPATH>c:\somepath\</FILEPATH><FILENAME>test055.cpp</FILENAME><LINE>9</LINE><COLUMN>9</COLUMN></SFA><DEFECTCODE>26015</DEFECTCODE><DESCRIPTION>Potential overflow using expression 'a[i]'
PREFAST_NEWLINE
Buffer access is apparently unbounded by the buffer size.  
PREFAST_NEWLINE

PREFAST_NEWLINE
In particular: any constant is not constrained by {j / 2}`8
PREFAST_NEWLINE

PREFAST_NEWLINE
Buffer accessed is a
PREFAST_NEWLINE
Buffer is of length 10 elements (4 bytes/element) [size of variable]
PREFAST_NEWLINE
Accessing the element (4 bytes/element) at element offset  - {j / 2}`8 + 10
PREFAST_NEWLINE

PREFAST_NEWLINE
Values of variables:
PREFAST_NEWLINE
i =  - {j / 2}`8 + 10
PREFAST_NEWLINE

PREFAST_NEWLINE
where
PREFAST_NEWLINE
j`4 == 2*{j / 2}`8 + {(j`4) % 2}`8
PREFAST_NEWLINE
{(j`4) % 2}`8 &lt;= 1
PREFAST_NEWLINE
{(j`4) % 2}`8 &gt;= 0
PREFAST_NEWLINE

PREFAST_NEWLINE
Overrun access occurs when
PREFAST_NEWLINE
{j / 2}`8 &lt;= 0
PREFAST_NEWLINE
</DESCRIPTION><FUNCTION>f</FUNCTION><DECORATED>?f@@YAXH@Z</DECORATED><FUNCLINE>4</FUNCLINE><PATH><SFA><FILEPATH>c:\somepath\</FILEPATH><FILENAME>test055.cpp</FILENAME><LINE>4</LINE><COLUMN>6</COLUMN></SFA><SFA><FILEPATH>c:\somepath\</FILEPATH><FILENAME>test055.cpp</FILENAME><LINE>6</LINE><COLUMN>8</COLUMN></SFA><SFA><FILEPATH>c:\somepath\</FILEPATH><FILENAME>test055.cpp</FILENAME><LINE>7</LINE><COLUMN>8</COLUMN></SFA><SFA><FILEPATH>c:\somepath\</FILEPATH><FILENAME>test055.cpp</FILENAME><LINE>7</LINE><COLUMN>12</COLUMN></SFA><SFA><FILEPATH>c:\somepath\</FILEPATH><FILENAME>test055.cpp</FILENAME><LINE>8</LINE><COLUMN>6</COLUMN></SFA><SFA><FILEPATH>c:\somepath\</FILEPATH><FILENAME>test055.cpp</FILENAME><LINE>9</LINE><COLUMN>9</COLUMN></SFA></PATH></DEFECT><DEFECT><SFA><FILEPATH>c:\somepath\</FILEPATH><FILENAME>test055.cpp</FILENAME><LINE>9</LINE><COLUMN>9</COLUMN></SFA><DEFECTCODE>26011</DEFECTCODE><DESCRIPTION>Potential Underflow using expression 'a[i]'
PREFAST_NEWLINE
Buffer accessed is a
PREFAST_NEWLINE
Buffer is of length 10 elements (4 bytes/element) [size of variable]
PREFAST_NEWLINE
Accessing the element (4 bytes/element) at element offset  - {j / 2}`8 + 10
PREFAST_NEWLINE

PREFAST_NEWLINE
Values of variables:
PREFAST_NEWLINE
i =  - {j / 2}`8 + 10
PREFAST_NEWLINE

PREFAST_NEWLINE
where
PREFAST_NEWLINE
j`4 == 2*{j / 2}`8 + {(j`4) % 2}`8
PREFAST_NEWLINE
{(j`4) % 2}`8 &lt;= 1
PREFAST_NEWLINE
{(j`4) % 2}`8 &gt;= 0
PREFAST_NEWLINE

PREFAST_NEWLINE
Underflow access occurs when
PREFAST_NEWLINE
{j / 2}`8 &gt;= 11
PREFAST_NEWLINE
</DESCRIPTION><FUNCTION>f</FUNCTION><DECORATED>?f@@YAXH@Z</DECORATED><FUNCLINE>4</FUNCLINE><PATH><SFA><FILEPATH>c:\somepath\</FILEPATH><FILENAME>test055.cpp</FILENAME><LINE>4</LINE><COLUMN>6</COLUMN></SFA><SFA><FILEPATH>c:\somepath\</FILEPATH><FILENAME>test055.cpp</FILENAME><LINE>6</LINE><COLUMN>8</COLUMN></SFA><SFA><FILEPATH>c:\somepath\</FILEPATH><FILENAME>test055.cpp</FILENAME><LINE>7</LINE><COLUMN>8</COLUMN></SFA><SFA><FILEPATH>c:\somepath\</FILEPATH><FILENAME>test055.cpp</FILENAME><LINE>7</LINE><COLUMN>12</COLUMN></SFA><SFA><FILEPATH>c:\somepath\</FILEPATH><FILENAME>test055.cpp</FILENAME><LINE>8</LINE><COLUMN>6</COLUMN></SFA><SFA><FILEPATH>c:\somepath\</FILEPATH><FILENAME>test055.cpp</FILENAME><LINE>9</LINE><COLUMN>9</COLUMN></SFA></PATH></DEFECT><DEFECT><SFA><FILEPATH>c:\somepath\</FILEPATH><FILENAME>test055.cpp</FILENAME><LINE>14</LINE><COLUMN>9</COLUMN></SFA><DEFECTCODE>26000</DEFECTCODE><DESCRIPTION>Overflow using expression 'b[i]'
PREFAST_NEWLINE
Buffer accessed is b
PREFAST_NEWLINE
Buffer is of length 10 elements (4 bytes/element) [size of variable]
PREFAST_NEWLINE
Accessing the element (4 bytes/element) at element offset 10
PREFAST_NEWLINE

PREFAST_NEWLINE
Values of variables:
PREFAST_NEWLINE
i = 10
PREFAST_NEWLINE
</DESCRIPTION><FUNCTION>f</FUNCTION><DECORATED>?f@@YAXH@Z</DECORATED><FUNCLINE>4</FUNCLINE><PATH><SFA><FILEPATH>c:\somepath\</FILEPATH><FILENAME>test055.cpp</FILENAME><LINE>4</LINE><COLUMN>6</COLUMN></SFA><SFA><FILEPATH>c:\somepath\</FILEPATH><FILENAME>test055.cpp</FILENAME><LINE>6</LINE><COLUMN>8</COLUMN></SFA><SFA><FILEPATH>c:\somepath\</FILEPATH><FILENAME>test055.cpp</FILENAME><LINE>7</LINE><COLUMN>8</COLUMN></SFA><SFA><FILEPATH>c:\somepath\</FILEPATH><FILENAME>test055.cpp</FILENAME><LINE>7</LINE><COLUMN>12</COLUMN></SFA><SFA><FILEPATH>c:\somepath\</FILEPATH><FILENAME>test055.cpp</FILENAME><LINE>8</LINE><COLUMN>6</COLUMN></SFA><SFA><FILEPATH>c:\somepath\</FILEPATH><FILENAME>test055.cpp</FILENAME><LINE>9</LINE><COLUMN>9</COLUMN></SFA><SFA><FILEPATH>c:\somepath\</FILEPATH><FILENAME>test055.cpp</FILENAME><LINE>11</LINE><COLUMN>8</COLUMN></SFA><SFA><FILEPATH>c:\somepath\</FILEPATH><FILENAME>test055.cpp</FILENAME><LINE>12</LINE><COLUMN>6</COLUMN></SFA><SFA><FILEPATH>c:\somepath\</FILEPATH><FILENAME>test055.cpp</FILENAME><LINE>13</LINE><COLUMN>6</COLUMN></SFA><SFA><FILEPATH>c:\somepath\</FILEPATH><FILENAME>test055.cpp</FILENAME><LINE>14</LINE><COLUMN>9</COLUMN></SFA></PATH></DEFECT><DEFECT><SFA><FILEPATH>c:\somepath\</FILEPATH><FILENAME>test055.cpp</FILENAME><LINE>46</LINE><COLUMN>18</COLUMN></SFA><DEFECTCODE>26000</DEFECTCODE><DESCRIPTION>Overflow using expression 'p[20]'
PREFAST_NEWLINE
Buffer result.new[] created during call to operator new[] on line 34
PREFAST_NEWLINE
Buffer is of length 80 bytes [from annotation _Post_writable_byte_size_(byteCount({parameter 1})) on function operator new[] called at line 34]
PREFAST_NEWLINE
Accessing 4 bytes starting at byte offset 80
PREFAST_NEWLINE

PREFAST_NEWLINE
Values of variables:
PREFAST_NEWLINE
Pointer p is at offset 0 bytes from the start of the buffer
PREFAST_NEWLINE
</DESCRIPTION><FUNCTION>foo</FUNCTION><DECORATED>?foo@@YAXH@Z</DECORATED><FUNCLINE>18</FUNCLINE><PATH><SFA><FILEPATH>c:\somepath\</FILEPATH><FILENAME>test055.cpp</FILENAME><LINE>18</LINE><COLUMN>8</COLUMN></SFA><SFA><FILEPATH>c:\somepath\</FILEPATH><FILENAME>test055.cpp</FILENAME><LINE>23</LINE><COLUMN>6</COLUMN></SFA><SFA><FILEPATH>c:\somepath\</FILEPATH><FILENAME>test055.cpp</FILENAME><LINE>25</LINE><COLUMN>8</COLUMN></SFA><SFA><FILEPATH>c:\somepath\</FILEPATH><FILENAME>test055.cpp</FILENAME><LINE>25</LINE><COLUMN>13</COLUMN></SFA><SFA><FILEPATH>c:\somepath\</FILEPATH><FILENAME>test055.cpp</FILENAME><LINE>26</LINE><COLUMN>8</COLUMN></SFA><SFA><FILEPATH>c:\somepath\</FILEPATH><FILENAME>test055.cpp</FILENAME><LINE>33</LINE><COLUMN>10</COLUMN></SFA><SFA><FILEPATH>c:\somepath\</FILEPATH><FILENAME>test055.cpp</FILENAME><LINE>34</LINE><COLUMN>12</COLUMN></SFA><SFA><FILEPATH>c:\somepath\</FILEPATH><FILENAME>test055.cpp</FILENAME><LINE>34</LINE><COLUMN>10</COLUMN></SFA><SFA><FILEPATH>c:\somepath\</FILEPATH><FILENAME>test055.cpp</FILENAME><LINE>37</LINE><COLUMN>8</COLUMN></SFA><SFA><FILEPATH>c:\somepath\</FILEPATH><FILENAME>test055.cpp</FILENAME><LINE>40</LINE><COLUMN>4</COLUMN></SFA><SFA><FILEPATH>c:\somepath\</FILEPATH><FILENAME>test055.cpp</FILENAME><LINE>46</LINE><COLUMN>18</COLUMN></SFA></PATH></DEFECT><DEFECT><SFA><FILEPATH>c:\somepath\</FILEPATH><FILENAME>test055.cpp</FILENAME><LINE>64</LINE><COLUMN>18</COLUMN></SFA><DEFECTCODE>26005</DEFECTCODE><DESCRIPTION>Accessing array s, whose length is not given in the declaration.  Please annotate
PREFAST_NEWLINE

PREFAST_NEWLINE
There are other instances of this error:
PREFAST_NEWLINE
Accessing array s, whose length is not given in the declaration.  Please annotate at line 65
PREFAST_NEWLINE
</DESCRIPTION><FUNCTION>bar</FUNCTION><DECORATED>?bar@@YAXXZ</DECORATED><FUNCLINE>62</FUNCLINE><PATH><SFA><FILEPATH>c:\somepath\</FILEPATH><FILENAME>test055.cpp</FILENAME><LINE>62</LINE><COLUMN>8</COLUMN></SFA><SFA><FILEPATH>c:\somepath\</FILEPATH><FILENAME>test055.cpp</FILENAME><LINE>64</LINE><COLUMN>18</COLUMN></SFA></PATH></DEFECT><DEFECT><SFA><FILEPATH>c:\somepath\</FILEPATH><FILENAME>test055.cpp</FILENAME><LINE>74</LINE><COLUMN>15</COLUMN></SFA><DEFECTCODE>26000</DEFECTCODE><DESCRIPTION>Overflow using expression 'p[100]'
PREFAST_NEWLINE
Buffer result._alloca created during call to _alloca on line 73
PREFAST_NEWLINE
Buffer is of length 100 bytes [from annotation _Post_writable_byte_size_(byteCount({parameter 1})) on function _alloca called at line 73]
PREFAST_NEWLINE
Accessing the byte at byte offset 100
PREFAST_NEWLINE

PREFAST_NEWLINE
Values of variables:
PREFAST_NEWLINE
Pointer p is at offset 0 bytes from the start of the buffer
PREFAST_NEWLINE
</DESCRIPTION><FUNCTION>testAlloca</FUNCTION><DECORATED>?testAlloca@@YAXXZ</DECORATED><FUNCLINE>71</FUNCLINE><PATH><SFA><FILEPATH>c:\somepath\</FILEPATH><FILENAME>test055.cpp</FILENAME><LINE>71</LINE><COLUMN>15</COLUMN></SFA><SFA><FILEPATH>c:\somepath\</FILEPATH><FILENAME>test055.cpp</FILENAME><LINE>73</LINE><COLUMN>13</COLUMN></SFA><SFA><FILEPATH>c:\somepath\</FILEPATH><FILENAME>test055.cpp</FILENAME><LINE>73</LINE><COLUMN>33</COLUMN></SFA><SFA><FILEPATH>c:\somepath\</FILEPATH><FILENAME>test055.cpp</FILENAME><LINE>73</LINE><COLUMN>18</COLUMN></SFA><SFA><FILEPATH>c:\somepath\</FILEPATH><FILENAME>test055.cpp</FILENAME><LINE>74</LINE><COLUMN>15</COLUMN></SFA></PATH></DEFECT><DEFECT><SFA><FILEPATH>c:\somepath\</FILEPATH><FILENAME>test055.cpp</FILENAME><LINE>76</LINE><COLUMN>15</COLUMN></SFA><DEFECTCODE>26000</DEFECTCODE><DESCRIPTION>Overflow using expression 'q[100]'
PREFAST_NEWLINE
Buffer result._alloca created during call to _alloca on line 75
PREFAST_NEWLINE
Buffer is of length 100 bytes [from annotation _Post_writable_byte_size_(byteCount({parameter 1})) on function _alloca called at line 75]
PREFAST_NEWLINE
Accessing the byte at byte offset 100
PREFAST_NEWLINE

PREFAST_NEWLINE
Values of variables:
PREFAST_NEWLINE
Pointer q is at offset 0 bytes from the start of the buffer
PREFAST_NEWLINE
</DESCRIPTION><FUNCTION>testAlloca</FUNCTION><DECORATED>?testAlloca@@YAXXZ</DECORATED><FUNCLINE>71</FUNCLINE><PATH><SFA><FILEPATH>c:\somepath\</FILEPATH><FILENAME>test055.cpp</FILENAME><LINE>71</LINE><COLUMN>15</COLUMN></SFA><SFA><FILEPATH>c:\somepath\</FILEPATH><FILENAME>test055.cpp</FILENAME><LINE>73</LINE><COLUMN>13</COLUMN></SFA><SFA><FILEPATH>c:\somepath\</FILEPATH><FILENAME>test055.cpp</FILENAME><LINE>73</LINE><COLUMN>33</COLUMN></SFA><SFA><FILEPATH>c:\somepath\</FILEPATH><FILENAME>test055.cpp</FILENAME><LINE>73</LINE><COLUMN>18</COLUMN></SFA><SFA><FILEPATH>c:\somepath\</FILEPATH><FILENAME>test055.cpp</FILENAME><LINE>74</LINE><COLUMN>15</COLUMN></SFA><SFA><FILEPATH>c:\somepath\</FILEPATH><FILENAME>test055.cpp</FILENAME><LINE>75</LINE><COLUMN>13</COLUMN></SFA><SFA><FILEPATH>c:\somepath\</FILEPATH><FILENAME>test055.cpp</FILENAME><LINE>75</LINE><COLUMN>26</COLUMN></SFA><SFA><FILEPATH>c:\somepath\</FILEPATH><FILENAME>test055.cpp</FILENAME><LINE>75</LINE><COLUMN>18</COLUMN></SFA><SFA><FILEPATH>c:\somepath\</FILEPATH><FILENAME>test055.cpp</FILENAME><LINE>76</LINE><COLUMN>15</COLUMN></SFA></PATH></DEFECT><DEFECT><SFA><FILEPATH>c:\somepath\</FILEPATH><FILENAME>test055.cpp</FILENAME><LINE>86</LINE><COLUMN>12</COLUMN></SFA><DEFECTCODE>26015</DEFECTCODE><DESCRIPTION>Potential overflow using expression 'a[(int )g[i]]'
PREFAST_NEWLINE
Buffer access is apparently unbounded by the buffer size.  
PREFAST_NEWLINE

PREFAST_NEWLINE
In particular: (*g)`86 is not constrained by any constant
PREFAST_NEWLINE

PREFAST_NEWLINE
Buffer accessed is a
PREFAST_NEWLINE
Buffer is of length 255 bytes [size of variable]
PREFAST_NEWLINE
Accessing the byte at byte offset (*g)`86
PREFAST_NEWLINE

PREFAST_NEWLINE
Values of variables:
PREFAST_NEWLINE
(*g) = (*g)`86
PREFAST_NEWLINE
i = i`83
PREFAST_NEWLINE

PREFAST_NEWLINE
where
PREFAST_NEWLINE
(*g)`86 &gt;= 0
PREFAST_NEWLINE

PREFAST_NEWLINE
Overrun access occurs when
PREFAST_NEWLINE
(*g)`86 &gt;= 255
PREFAST_NEWLINE
</DESCRIPTION><FUNCTION>testChar</FUNCTION><DECORATED>?testChar@@YAXH@Z</DECORATED><FUNCLINE>83</FUNCLINE><PATH><SFA><FILEPATH>c:\somepath\</FILEPATH><FILENAME>test055.cpp</FILENAME><LINE>83</LINE><COLUMN>13</COLUMN></SFA><SFA><FILEPATH>c:\somepath\</FILEPATH><FILENAME>test055.cpp</FILENAME><LINE>85</LINE><COLUMN>9</COLUMN></SFA><SFA><FILEPATH>c:\somepath\</FILEPATH><FILENAME>test055.cpp</FILENAME><LINE>86</LINE><COLUMN>12</COLUMN></SFA></PATH></DEFECT><DEFECT><SFA><FILEPATH>c:\somepath\</FILEPATH><FILENAME>test055.cpp</FILENAME><LINE>116</LINE><COLUMN>26</COLUMN></SFA><DEFECTCODE>26000</DEFECTCODE><DESCRIPTION>Overflow using expression 'buf[size]'
PREFAST_NEWLINE
Buffer result.new[] created during call to operator new[] on line 113
PREFAST_NEWLINE
Buffer is of length size`109a bytes [from annotation _Post_writable_byte_size_(byteCount({parameter 1})) on function operator new[] called at line 113]
PREFAST_NEWLINE
Accessing the byte at byte offset size`109a
PREFAST_NEWLINE

PREFAST_NEWLINE
Values of variables:
PREFAST_NEWLINE
Pointer buf is at offset 0 bytes from the start of the buffer
PREFAST_NEWLINE
size = size`109a
PREFAST_NEWLINE

PREFAST_NEWLINE
where
PREFAST_NEWLINE
offset(result.new[])`113a == 0
PREFAST_NEWLINE
size`109a &gt;= 1
PREFAST_NEWLINE
</DESCRIPTION><FUNCTION>TestNull</FUNCTION><DECORATED>?TestNull@@YAXPBD@Z</DECORATED><FUNCLINE>106</FUNCLINE><PATH><SFA><FILEPATH>c:\somepath\</FILEPATH><FILENAME>test055.cpp</FILENAME><LINE>106</LINE><COLUMN>13</COLUMN></SFA><SFA><FILEPATH>c:\somepath\</FILEPATH><FILENAME>test055.cpp</FILENAME><LINE>108</LINE><COLUMN>11</COLUMN></SFA><SFA><FILEPATH>c:\somepath\</FILEPATH><FILENAME>test055.cpp</FILENAME><LINE>108</LINE><COLUMN>18</COLUMN></SFA><SFA><FILEPATH>c:\somepath\</FILEPATH><FILENAME>test055.cpp</FILENAME><LINE>109</LINE><COLUMN>19</COLUMN></SFA><SFA><FILEPATH>c:\somepath\</FILEPATH><FILENAME>test055.cpp</FILENAME><LINE>109</LINE><COLUMN>19</COLUMN></SFA><SFA><FILEPATH>c:\somepath\</FILEPATH><FILENAME>test055.cpp</FILENAME><LINE>111</LINE><COLUMN>17</COLUMN></SFA><SFA><FILEPATH>c:\somepath\</FILEPATH><FILENAME>test055.cpp</FILENAME><LINE>113</LINE><COLUMN>17</COLUMN></SFA><SFA><FILEPATH>c:\somepath\</FILEPATH><FILENAME>test055.cpp</FILENAME><LINE>113</LINE><COLUMN>24</COLUMN></SFA><SFA><FILEPATH>c:\somepath\</FILEPATH><FILENAME>test055.cpp</FILENAME><LINE>113</LINE><COLUMN>24</COLUMN></SFA><SFA><FILEPATH>c:\somepath\</FILEPATH><FILENAME>test055.cpp</FILENAME><LINE>114</LINE><COLUMN>16</COLUMN></SFA><SFA><FILEPATH>c:\somepath\</FILEPATH><FILENAME>test055.cpp</FILENAME><LINE>116</LINE><COLUMN>26</COLUMN></SFA></PATH></DEFECT><DEFECT><SFA><FILEPATH>c:\somepath\</FILEPATH><FILENAME>test055.cpp</FILENAME><LINE>125</LINE><COLUMN>18</COLUMN></SFA><DEFECTCODE>26000</DEFECTCODE><DESCRIPTION>Read overflow using expression 'squares[5]'
PREFAST_NEWLINE
Buffer accessed is squares
PREFAST_NEWLINE
Buffer is of length 5 elements (4 bytes/element) [size of variable]
PREFAST_NEWLINE
Accessing the element (4 bytes/element) at element offset 5
PREFAST_NEWLINE
</DESCRIPTION><FUNCTION>`dynamic initializer for 's5''</FUNCTION><DECORATED>??__Es5@@YAXXZ</DECORATED><FUNCLINE>125</FUNCLINE><PATH><SFA><FILEPATH>c:\somepath\</FILEPATH><FILENAME>test055.cpp</FILENAME><LINE>125</LINE><COLUMN>19</COLUMN></SFA><SFA><FILEPATH>c:\somepath\</FILEPATH><FILENAME>test055.cpp</FILENAME><LINE>125</LINE><COLUMN>18</COLUMN></SFA></PATH></DEFECT><DEFECT><SFA><FILEPATH>c:\somepath\</FILEPATH><FILENAME>test055.cpp</FILENAME><LINE>139</LINE><COLUMN>20</COLUMN></SFA><DEFECTCODE>26000</DEFECTCODE><DESCRIPTION>Read overflow using expression 'ints[5]'
PREFAST_NEWLINE
Buffer accessed is ints
PREFAST_NEWLINE
Buffer is of length 5 elements (4 bytes/element) [size of variable]
PREFAST_NEWLINE
Accessing the element (4 bytes/element) at element offset 5
PREFAST_NEWLINE
</DESCRIPTION><FUNCTION>main</FUNCTION><DECORATED>main</DECORATED><FUNCLINE>127</FUNCLINE><PATH><SFA><FILEPATH>c:\somepath\</FILEPATH><FILENAME>test055.cpp</FILENAME><LINE>127</LINE><COLUMN>9</COLUMN></SFA><SFA><FILEPATH>c:\somepath\</FILEPATH><FILENAME>test055.cpp</FILENAME><LINE>129</LINE><COLUMN>5</COLUMN></SFA><SFA><FILEPATH>c:\somepath\</FILEPATH><FILENAME>test055.cpp</FILENAME><LINE>130</LINE><COLUMN>5</COLUMN></SFA><SFA><FILEPATH>c:\somepath\</FILEPATH><FILENAME>test055.cpp</FILENAME><LINE>132</LINE><COLUMN>7</COLUMN></SFA><SFA><FILEPATH>c:\somepath\</FILEPATH><FILENAME>test055.cpp</FILENAME><LINE>133</LINE><COLUMN>7</COLUMN></SFA><SFA><FILEPATH>c:\somepath\</FILEPATH><FILENAME>test055.cpp</FILENAME><LINE>135</LINE><COLUMN>9</COLUMN></SFA><SFA><FILEPATH>c:\somepath\</FILEPATH><FILENAME>test055.cpp</FILENAME><LINE>136</LINE><COLUMN>12</COLUMN></SFA><SFA><FILEPATH>c:\somepath\</FILEPATH><FILENAME>test055.cpp</FILENAME><LINE>138</LINE><COLUMN>14</COLUMN></SFA><SFA><FILEPATH>c:\somepath\</FILEPATH><FILENAME>test055.cpp</FILENAME><LINE>138</LINE><COLUMN>23</COLUMN></SFA><SFA><FILEPATH>c:\somepath\</FILEPATH><FILENAME>test055.cpp</FILENAME><LINE>139</LINE><COLUMN>8</COLUMN></SFA><SFA><FILEPATH>c:\somepath\</FILEPATH><FILENAME>test055.cpp</FILENAME><LINE>139</LINE><COLUMN>20</COLUMN></SFA></PATH></DEFECT></DEFECTS>
