<?xml version='1.0' encoding='UTF-8'?>
<DEFECTS><DEFECT><SFA><FILEPATH>c:\somepath\</FILEPATH><FILENAME>test078.cpp</FILENAME><LINE>6</LINE><COLUMN>9</COLUMN></SFA><DEFECTCODE>26061</DEFECTCODE><DESCRIPTION>Range postcondition violation
PREFAST_NEWLINE
Annotation on function f requires that * n is &lt;= _Old_((* n)) + 1
PREFAST_NEWLINE
[Annotation SAL_range(_Old_((* n)), _Old_((* n)) + 1) at c:\somepath\test078.cpp(4)]
PREFAST_NEWLINE

PREFAST_NEWLINE
Values of variables:
PREFAST_NEWLINE
(*n) = (*n)`4 + 2
PREFAST_NEWLINE
</DESCRIPTION><FUNCTION>f</FUNCTION><DECORATED>?f@@YAXPAH0@Z</DECORATED><FUNCLINE>4</FUNCLINE><PATH><SFA><FILEPATH>c:\somepath\</FILEPATH><FILENAME>test078.cpp</FILENAME><LINE>4</LINE><COLUMN>6</COLUMN></SFA><SFA><FILEPATH>c:\somepath\</FILEPATH><FILENAME>test078.cpp</FILENAME><LINE>6</LINE><COLUMN>9</COLUMN></SFA></PATH></DEFECT><DEFECT><SFA><FILEPATH>c:\somepath\</FILEPATH><FILENAME>test078.cpp</FILENAME><LINE>17</LINE><COLUMN>9</COLUMN></SFA><DEFECTCODE>26014</DEFECTCODE><DESCRIPTION>Potential overflow using expression 'a[n]'
PREFAST_NEWLINE
This is likely to be due to incorrect or insufficient validation of the buffer access
PREFAST_NEWLINE
Buffer accessed is a
PREFAST_NEWLINE
Buffer is of length 3 elements (4 bytes/element) [size of variable]
PREFAST_NEWLINE
Accessing the element (4 bytes/element) at element offset n`16a
PREFAST_NEWLINE

PREFAST_NEWLINE
Values of variables:
PREFAST_NEWLINE
n = n`16a
PREFAST_NEWLINE

PREFAST_NEWLINE
where
PREFAST_NEWLINE
n`13a &lt;= 1
PREFAST_NEWLINE
n`13a &lt;= n`14a
PREFAST_NEWLINE
n`13a &gt;= 0
PREFAST_NEWLINE
n`14a &lt;= n`13a + 1
PREFAST_NEWLINE
n`14a &lt;= n`16a
PREFAST_NEWLINE
n`16a &lt;= n`14a + 1
PREFAST_NEWLINE

PREFAST_NEWLINE
Overrun access occurs when
PREFAST_NEWLINE
n`16a == n`14a + 1
PREFAST_NEWLINE
n`16a &gt;= 3
PREFAST_NEWLINE
</DESCRIPTION><FUNCTION>g</FUNCTION><DECORATED>?g@@YAXXZ</DECORATED><FUNCLINE>9</FUNCLINE><PATH><SFA><FILEPATH>c:\somepath\</FILEPATH><FILENAME>test078.cpp</FILENAME><LINE>9</LINE><COLUMN>6</COLUMN></SFA><SFA><FILEPATH>c:\somepath\</FILEPATH><FILENAME>test078.cpp</FILENAME><LINE>11</LINE><COLUMN>8</COLUMN></SFA><SFA><FILEPATH>c:\somepath\</FILEPATH><FILENAME>test078.cpp</FILENAME><LINE>12</LINE><COLUMN>8</COLUMN></SFA><SFA><FILEPATH>c:\somepath\</FILEPATH><FILENAME>test078.cpp</FILENAME><LINE>12</LINE><COLUMN>12</COLUMN></SFA><SFA><FILEPATH>c:\somepath\</FILEPATH><FILENAME>test078.cpp</FILENAME><LINE>13</LINE><COLUMN>5</COLUMN></SFA><SFA><FILEPATH>c:\somepath\</FILEPATH><FILENAME>test078.cpp</FILENAME><LINE>14</LINE><COLUMN>5</COLUMN></SFA><SFA><FILEPATH>c:\somepath\</FILEPATH><FILENAME>test078.cpp</FILENAME><LINE>15</LINE><COLUMN>9</COLUMN></SFA><SFA><FILEPATH>c:\somepath\</FILEPATH><FILENAME>test078.cpp</FILENAME><LINE>16</LINE><COLUMN>5</COLUMN></SFA><SFA><FILEPATH>c:\somepath\</FILEPATH><FILENAME>test078.cpp</FILENAME><LINE>17</LINE><COLUMN>9</COLUMN></SFA></PATH></DEFECT><DEFECT><SFA><FILEPATH>c:\somepath\</FILEPATH><FILENAME>test078.cpp</FILENAME><LINE>126</LINE><COLUMN>33</COLUMN></SFA><DEFECTCODE>26015</DEFECTCODE><DESCRIPTION>Potential overflow using expression 'lpBuffer'
PREFAST_NEWLINE
Buffer access is apparently unbounded by the buffer size.  
PREFAST_NEWLINE

PREFAST_NEWLINE
In particular: (*lpcchBuffer)`124a is not constrained by (*lpcchBuffer)`119
PREFAST_NEWLINE

PREFAST_NEWLINE
Buffer lpBuffer is a parameter to this function declared on line 119
PREFAST_NEWLINE
Buffer is of length offset(lpBuffer)`119 + (*lpcchBuffer)`119 bytes [from annotation SAL_writableTo(elementCount(* lpcchBuffer)) at c:\somepath\test078.cpp(119)]
PREFAST_NEWLINE
Accessing (*lpcchBuffer)`124a bytes starting at byte offset 0
PREFAST_NEWLINE
Annotation on function DoSomethingHelperPart2 requires that {parameter 1} is of length &gt;= * {parameter 2} elements (1 bytes/element)
PREFAST_NEWLINE
  where {parameter 1} is lpBuffer; {parameter 2} is lpcchBuffer
PREFAST_NEWLINE
[Annotation SAL_writableTo(elementCount(* {parameter 2})) at c:\somepath\test078.cpp(55)]
PREFAST_NEWLINE

PREFAST_NEWLINE

PREFAST_NEWLINE
 when function DoSomethingHelper called at line 124 fails.
PREFAST_NEWLINE

PREFAST_NEWLINE
Values of variables:
PREFAST_NEWLINE
(*lpcchBuffer) = (*lpcchBuffer)`124a
PREFAST_NEWLINE
Pointer lpBuffer is at offset 0 bytes from the start of the buffer
PREFAST_NEWLINE

PREFAST_NEWLINE
where
PREFAST_NEWLINE
offset(lpBuffer)`119 == 0
PREFAST_NEWLINE
(*lpcchBuffer)`119 &gt;= 1
PREFAST_NEWLINE
(*lpcchBuffer)`124a &gt;= 0
PREFAST_NEWLINE

PREFAST_NEWLINE
Overrun access occurs when
PREFAST_NEWLINE
(*lpcchBuffer)`124a &gt;= (*lpcchBuffer)`119 + 1
PREFAST_NEWLINE
</DESCRIPTION><FUNCTION>DoSomethingBad</FUNCTION><DECORATED>?DoSomethingBad@@YAHPADPAI@Z</DECORATED><FUNCLINE>119</FUNCLINE><PATH><SFA><FILEPATH>c:\somepath\</FILEPATH><FILENAME>test078.cpp</FILENAME><LINE>119</LINE><COLUMN>14</COLUMN></SFA><SFA><FILEPATH>c:\somepath\</FILEPATH><FILENAME>test078.cpp</FILENAME><LINE>124</LINE><COLUMN>21</COLUMN></SFA><SFA><FILEPATH>c:\somepath\</FILEPATH><FILENAME>test078.cpp</FILENAME><LINE>126</LINE><COLUMN>33</COLUMN></SFA></PATH></DEFECT><DEFECT><SFA><FILEPATH>c:\somepath\</FILEPATH><FILENAME>test078.cpp</FILENAME><LINE>145</LINE><COLUMN>4</COLUMN></SFA><DEFECTCODE>26030</DEFECTCODE><DESCRIPTION>Postcondition violation that could result in overflow
PREFAST_NEWLINE
Buffer result.new[] created during call to operator new[] on line 132
PREFAST_NEWLINE
Buffer is of length (*n)`129 - 1 bytes [from annotation _Post_writable_byte_size_(byteCount({parameter 1})) on function operator new[] called at line 132]
PREFAST_NEWLINE
Accessing (*n)`129 bytes starting at byte offset 0
PREFAST_NEWLINE
Annotation on function foo requires that result.foo is of length &gt;= _Old_((* n)) bytes
PREFAST_NEWLINE
[Annotation SAL_writableTo(byteCount(_Old_((* n)))) at c:\somepath\test078.cpp(129)]
PREFAST_NEWLINE

PREFAST_NEWLINE

PREFAST_NEWLINE
Values of variables:
PREFAST_NEWLINE
(*n) = (*n)`129 - 1
PREFAST_NEWLINE
Pointer buf is at offset 0 bytes from the start of the buffer
PREFAST_NEWLINE
result.foo = buf
PREFAST_NEWLINE

PREFAST_NEWLINE
where
PREFAST_NEWLINE
offset(result.new[])`132a == 0
PREFAST_NEWLINE
(*n)`129 &gt;= 2
PREFAST_NEWLINE
</DESCRIPTION><FUNCTION>foo</FUNCTION><DECORATED>?foo@@YAPAXPAH@Z</DECORATED><FUNCLINE>129</FUNCLINE><PATH><SFA><FILEPATH>c:\somepath\</FILEPATH><FILENAME>test078.cpp</FILENAME><LINE>129</LINE><COLUMN>32</COLUMN></SFA><SFA><FILEPATH>c:\somepath\</FILEPATH><FILENAME>test078.cpp</FILENAME><LINE>131</LINE><COLUMN>8</COLUMN></SFA><SFA><FILEPATH>c:\somepath\</FILEPATH><FILENAME>test078.cpp</FILENAME><LINE>132</LINE><COLUMN>8</COLUMN></SFA><SFA><FILEPATH>c:\somepath\</FILEPATH><FILENAME>test078.cpp</FILENAME><LINE>132</LINE><COLUMN>16</COLUMN></SFA><SFA><FILEPATH>c:\somepath\</FILEPATH><FILENAME>test078.cpp</FILENAME><LINE>132</LINE><COLUMN>16</COLUMN></SFA><SFA><FILEPATH>c:\somepath\</FILEPATH><FILENAME>test078.cpp</FILENAME><LINE>135</LINE><COLUMN>4</COLUMN></SFA><SFA><FILEPATH>c:\somepath\</FILEPATH><FILENAME>test078.cpp</FILENAME><LINE>145</LINE><COLUMN>4</COLUMN></SFA></PATH></DEFECT><DEFECT><SFA><FILEPATH>c:\somepath\</FILEPATH><FILENAME>test078.cpp</FILENAME><LINE>155</LINE><COLUMN>11</COLUMN></SFA><DEFECTCODE>26017</DEFECTCODE><DESCRIPTION>Potential overflow using expression 'p[n - 1]'
PREFAST_NEWLINE
Buffer access is apparently unbounded by the buffer size.  
PREFAST_NEWLINE

PREFAST_NEWLINE
In particular: offset(result.foo)`151a is not constrained by any constant
PREFAST_NEWLINE

PREFAST_NEWLINE
Buffer result.foo created during call to foo on line 151
PREFAST_NEWLINE
Buffer is of length 10 bytes [from annotation SAL_writableTo(byteCount(_Old_((* {parameter 1})))) at c:\somepath\test078.cpp(129) on function foo called at line 151]
PREFAST_NEWLINE
Accessing the byte at byte offset n`151a - 1
PREFAST_NEWLINE

PREFAST_NEWLINE
Values of variables:
PREFAST_NEWLINE
Pointer p is at offset 0 bytes from the start of the buffer
PREFAST_NEWLINE
n = n`151a
PREFAST_NEWLINE

PREFAST_NEWLINE
Overrun access occurs when
PREFAST_NEWLINE
offset(result.foo)`151a == 0
PREFAST_NEWLINE
n`151a &gt;= 11
PREFAST_NEWLINE
</DESCRIPTION><FUNCTION>bar</FUNCTION><DECORATED>?bar@@YAXXZ</DECORATED><FUNCLINE>148</FUNCLINE><PATH><SFA><FILEPATH>c:\somepath\</FILEPATH><FILENAME>test078.cpp</FILENAME><LINE>148</LINE><COLUMN>8</COLUMN></SFA><SFA><FILEPATH>c:\somepath\</FILEPATH><FILENAME>test078.cpp</FILENAME><LINE>150</LINE><COLUMN>8</COLUMN></SFA><SFA><FILEPATH>c:\somepath\</FILEPATH><FILENAME>test078.cpp</FILENAME><LINE>150</LINE><COLUMN>12</COLUMN></SFA><SFA><FILEPATH>c:\somepath\</FILEPATH><FILENAME>test078.cpp</FILENAME><LINE>151</LINE><COLUMN>9</COLUMN></SFA><SFA><FILEPATH>c:\somepath\</FILEPATH><FILENAME>test078.cpp</FILENAME><LINE>151</LINE><COLUMN>25</COLUMN></SFA><SFA><FILEPATH>c:\somepath\</FILEPATH><FILENAME>test078.cpp</FILENAME><LINE>151</LINE><COLUMN>14</COLUMN></SFA><SFA><FILEPATH>c:\somepath\</FILEPATH><FILENAME>test078.cpp</FILENAME><LINE>152</LINE><COLUMN>8</COLUMN></SFA><SFA><FILEPATH>c:\somepath\</FILEPATH><FILENAME>test078.cpp</FILENAME><LINE>154</LINE><COLUMN>9</COLUMN></SFA><SFA><FILEPATH>c:\somepath\</FILEPATH><FILENAME>test078.cpp</FILENAME><LINE>155</LINE><COLUMN>11</COLUMN></SFA></PATH></DEFECT><DEFECT><SFA><FILEPATH>c:\somepath\</FILEPATH><FILENAME>test078.cpp</FILENAME><LINE>155</LINE><COLUMN>11</COLUMN></SFA><DEFECTCODE>26011</DEFECTCODE><DESCRIPTION>Potential Underflow using expression 'p[n - 1]'
PREFAST_NEWLINE
Buffer result.foo created during call to foo on line 151
PREFAST_NEWLINE
Buffer is of length 10 bytes [from annotation SAL_writableTo(byteCount(_Old_((* {parameter 1})))) at c:\somepath\test078.cpp(129) on function foo called at line 151]
PREFAST_NEWLINE
Accessing the byte at byte offset n`151a - 1
PREFAST_NEWLINE

PREFAST_NEWLINE
Values of variables:
PREFAST_NEWLINE
Pointer p is at offset 0 bytes from the start of the buffer
PREFAST_NEWLINE
n = n`151a
PREFAST_NEWLINE

PREFAST_NEWLINE
Underflow access occurs when
PREFAST_NEWLINE
offset(result.foo)`151a == 0
PREFAST_NEWLINE
n`151a &lt;= 0
PREFAST_NEWLINE
</DESCRIPTION><FUNCTION>bar</FUNCTION><DECORATED>?bar@@YAXXZ</DECORATED><FUNCLINE>148</FUNCLINE><PATH><SFA><FILEPATH>c:\somepath\</FILEPATH><FILENAME>test078.cpp</FILENAME><LINE>148</LINE><COLUMN>8</COLUMN></SFA><SFA><FILEPATH>c:\somepath\</FILEPATH><FILENAME>test078.cpp</FILENAME><LINE>150</LINE><COLUMN>8</COLUMN></SFA><SFA><FILEPATH>c:\somepath\</FILEPATH><FILENAME>test078.cpp</FILENAME><LINE>150</LINE><COLUMN>12</COLUMN></SFA><SFA><FILEPATH>c:\somepath\</FILEPATH><FILENAME>test078.cpp</FILENAME><LINE>151</LINE><COLUMN>9</COLUMN></SFA><SFA><FILEPATH>c:\somepath\</FILEPATH><FILENAME>test078.cpp</FILENAME><LINE>151</LINE><COLUMN>25</COLUMN></SFA><SFA><FILEPATH>c:\somepath\</FILEPATH><FILENAME>test078.cpp</FILENAME><LINE>151</LINE><COLUMN>14</COLUMN></SFA><SFA><FILEPATH>c:\somepath\</FILEPATH><FILENAME>test078.cpp</FILENAME><LINE>152</LINE><COLUMN>8</COLUMN></SFA><SFA><FILEPATH>c:\somepath\</FILEPATH><FILENAME>test078.cpp</FILENAME><LINE>154</LINE><COLUMN>9</COLUMN></SFA><SFA><FILEPATH>c:\somepath\</FILEPATH><FILENAME>test078.cpp</FILENAME><LINE>155</LINE><COLUMN>11</COLUMN></SFA></PATH></DEFECT><DEFECT><SFA><FILEPATH>c:\somepath\</FILEPATH><FILENAME>test078.cpp</FILENAME><LINE>180</LINE><COLUMN>16</COLUMN></SFA><DEFECTCODE>26015</DEFECTCODE><DESCRIPTION>Potential overflow using expression 'buf[size - 1]'
PREFAST_NEWLINE
Buffer access is apparently unbounded by the buffer size.  
PREFAST_NEWLINE

PREFAST_NEWLINE
In particular: size`179a is not constrained by size`177
PREFAST_NEWLINE

PREFAST_NEWLINE
Buffer buf is a parameter to this function declared on line 177
PREFAST_NEWLINE
Buffer is of length offset(buf)`177 + 4*size`177 bytes [from annotation SAL_writableTo(elementCount(_Old_(size))) at c:\somepath\test078.cpp(177)]
PREFAST_NEWLINE
Accessing 4 bytes starting at byte offset 4*size`179a - 4
PREFAST_NEWLINE

PREFAST_NEWLINE
Values of variables:
PREFAST_NEWLINE
Pointer buf is at offset 0 bytes from the start of the buffer
PREFAST_NEWLINE
size = size`179a
PREFAST_NEWLINE

PREFAST_NEWLINE
where
PREFAST_NEWLINE
offset(buf)`177 == 0
PREFAST_NEWLINE
size`177 &gt;= 1
PREFAST_NEWLINE

PREFAST_NEWLINE
Overrun access occurs when
PREFAST_NEWLINE
size`179a &gt;= size`177 + 1
PREFAST_NEWLINE
</DESCRIPTION><FUNCTION>baz</FUNCTION><DECORATED>?baz@@YAXPAHH@Z</DECORATED><FUNCLINE>177</FUNCLINE><PATH><SFA><FILEPATH>c:\somepath\</FILEPATH><FILENAME>test078.cpp</FILENAME><LINE>177</LINE><COLUMN>8</COLUMN></SFA><SFA><FILEPATH>c:\somepath\</FILEPATH><FILENAME>test078.cpp</FILENAME><LINE>179</LINE><COLUMN>8</COLUMN></SFA><SFA><FILEPATH>c:\somepath\</FILEPATH><FILENAME>test078.cpp</FILENAME><LINE>180</LINE><COLUMN>16</COLUMN></SFA></PATH></DEFECT><DEFECT><SFA><FILEPATH>c:\somepath\</FILEPATH><FILENAME>test078.cpp</FILENAME><LINE>180</LINE><COLUMN>16</COLUMN></SFA><DEFECTCODE>26011</DEFECTCODE><DESCRIPTION>Potential Underflow using expression 'buf[size - 1]'
PREFAST_NEWLINE
Buffer buf is a parameter to this function declared on line 177
PREFAST_NEWLINE
Buffer is of length offset(buf)`177 + 4*size`177 bytes [from annotation SAL_writableTo(elementCount(_Old_(size))) at c:\somepath\test078.cpp(177)]
PREFAST_NEWLINE
Accessing 4 bytes starting at byte offset 4*size`179a - 4
PREFAST_NEWLINE

PREFAST_NEWLINE
Values of variables:
PREFAST_NEWLINE
Pointer buf is at offset 0 bytes from the start of the buffer
PREFAST_NEWLINE
size = size`179a
PREFAST_NEWLINE

PREFAST_NEWLINE
Underflow access occurs when
PREFAST_NEWLINE
offset(buf)`177 == 0
PREFAST_NEWLINE
4*size`179a &lt;= 3
PREFAST_NEWLINE
</DESCRIPTION><FUNCTION>baz</FUNCTION><DECORATED>?baz@@YAXPAHH@Z</DECORATED><FUNCLINE>177</FUNCLINE><PATH><SFA><FILEPATH>c:\somepath\</FILEPATH><FILENAME>test078.cpp</FILENAME><LINE>177</LINE><COLUMN>8</COLUMN></SFA><SFA><FILEPATH>c:\somepath\</FILEPATH><FILENAME>test078.cpp</FILENAME><LINE>179</LINE><COLUMN>8</COLUMN></SFA><SFA><FILEPATH>c:\somepath\</FILEPATH><FILENAME>test078.cpp</FILENAME><LINE>180</LINE><COLUMN>16</COLUMN></SFA></PATH></DEFECT><DEFECT><SFA><FILEPATH>c:\somepath\</FILEPATH><FILENAME>test078.cpp</FILENAME><LINE>188</LINE><COLUMN>14</COLUMN></SFA><DEFECTCODE>26014</DEFECTCODE><DESCRIPTION>Potential read overflow using expression 'iBuf[iSize]'
PREFAST_NEWLINE
This is likely to be due to incorrect or insufficient validation of the buffer access
PREFAST_NEWLINE
Buffer accessed is iBuf
PREFAST_NEWLINE
Buffer is of length 10 elements (4 bytes/element) [size of variable]
PREFAST_NEWLINE
Accessing the element (4 bytes/element) at element offset iSize`187a
PREFAST_NEWLINE

PREFAST_NEWLINE
Values of variables:
PREFAST_NEWLINE
iSize = iSize`187a
PREFAST_NEWLINE

PREFAST_NEWLINE
where
PREFAST_NEWLINE
iSize`187a &lt;= 10
PREFAST_NEWLINE
iSize`187a &gt;= 9
PREFAST_NEWLINE

PREFAST_NEWLINE
Overrun access occurs when
PREFAST_NEWLINE
iSize`187a == 10
PREFAST_NEWLINE
</DESCRIPTION><FUNCTION>main</FUNCTION><DECORATED>main</DECORATED><FUNCLINE>183</FUNCLINE><PATH><SFA><FILEPATH>c:\somepath\</FILEPATH><FILENAME>test078.cpp</FILENAME><LINE>183</LINE><COLUMN>9</COLUMN></SFA><SFA><FILEPATH>c:\somepath\</FILEPATH><FILENAME>test078.cpp</FILENAME><LINE>185</LINE><COLUMN>8</COLUMN></SFA><SFA><FILEPATH>c:\somepath\</FILEPATH><FILENAME>test078.cpp</FILENAME><LINE>185</LINE><COLUMN>16</COLUMN></SFA><SFA><FILEPATH>c:\somepath\</FILEPATH><FILENAME>test078.cpp</FILENAME><LINE>186</LINE><COLUMN>8</COLUMN></SFA><SFA><FILEPATH>c:\somepath\</FILEPATH><FILENAME>test078.cpp</FILENAME><LINE>187</LINE><COLUMN>5</COLUMN></SFA><SFA><FILEPATH>c:\somepath\</FILEPATH><FILENAME>test078.cpp</FILENAME><LINE>188</LINE><COLUMN>14</COLUMN></SFA></PATH></DEFECT></DEFECTS>
