<?xml version='1.0' encoding='UTF-8'?>
<DEFECTS><DEFECT><SFA><FILEPATH>c:\somepath\</FILEPATH><FILENAME>test179.cpp</FILENAME><LINE>51</LINE><COLUMN>14</COLUMN></SFA><DEFECTCODE>26002</DEFECTCODE><DESCRIPTION>Accessing buffer '(pDigest-&gt;_DIGEST_PARAMETER::refstrParam)[0]._STRING::Buffer' of unspecified length.  Please annotate.
PREFAST_NEWLINE

PREFAST_NEWLINE
If we assume that the buffer has single element in length, then the checker would report:
PREFAST_NEWLINE
Potential read overflow using expression '(const void *)((pDigest-&gt;refstrParam[2]).Buffer)'
PREFAST_NEWLINE
Accessing unannotated buffer (pDigest-&gt;_DIGEST_PARAMETER::refstrParam)[0]._STRING::Buffer
PREFAST_NEWLINE
Buffer is of length 1 bytes [assumed because the buffer is unannotated]
PREFAST_NEWLINE
Accessing (pDigest-&gt;_DIGEST_PARAMETER::refstrParam)[0]._STRING::Length`46 bytes starting at byte offset 0
PREFAST_NEWLINE
Annotation on function memcpy requires that {parameter 2} is of length &gt;= {parameter 3} bytes
PREFAST_NEWLINE
  where {parameter 2} is (const void *)((pDigest-&gt;refstrParam[2]).Buffer); {parameter 3} is (size_t)((pDigest-&gt;refstrParam[2]).Length)
PREFAST_NEWLINE
[Annotation _In_(byteCount({parameter 3}))]
PREFAST_NEWLINE

PREFAST_NEWLINE

PREFAST_NEWLINE
Values of variables:
PREFAST_NEWLINE
(pDigest-&gt;_DIGEST_PARAMETER::refstrParam)[0]._STRING::Length = (pDigest-&gt;_DIGEST_PARAMETER::refstrParam)[0]._STRING::Length`46
PREFAST_NEWLINE
Pointer (pDigest-&gt;_DIGEST_PARAMETER::refstrParam)[0]._STRING::Buffer is at offset 0 bytes from the start of the buffer
PREFAST_NEWLINE
Pointer pDigest is at offset 0 bytes from the start of pDigest
PREFAST_NEWLINE

PREFAST_NEWLINE
where
PREFAST_NEWLINE
(pDigest-&gt;_DIGEST_PARAMETER::refstrParam)[0]._STRING::Length`46 &lt;= 8
PREFAST_NEWLINE
(pDigest-&gt;_DIGEST_PARAMETER::refstrParam)[0]._STRING::Length`46 &gt;= 1
PREFAST_NEWLINE

PREFAST_NEWLINE
Overrun access occurs when
PREFAST_NEWLINE
(pDigest-&gt;_DIGEST_PARAMETER::refstrParam)[0]._STRING::Length`46 &gt;= 2
PREFAST_NEWLINE
</DESCRIPTION><FUNCTION>bar</FUNCTION><DECORATED>?bar@@YAXPAU_DIGEST_PARAMETER@@@Z</DECORATED><FUNCLINE>44</FUNCLINE><PATH><SFA><FILEPATH>c:\somepath\</FILEPATH><FILENAME>test179.cpp</FILENAME><LINE>44</LINE><COLUMN>5</COLUMN></SFA><SFA><FILEPATH>c:\somepath\</FILEPATH><FILENAME>test179.cpp</FILENAME><LINE>46</LINE><COLUMN>41</COLUMN></SFA><SFA><FILEPATH>c:\somepath\</FILEPATH><FILENAME>test179.cpp</FILENAME><LINE>46</LINE><COLUMN>94</COLUMN></SFA><SFA><FILEPATH>c:\somepath\</FILEPATH><FILENAME>test179.cpp</FILENAME><LINE>48</LINE><COLUMN>14</COLUMN></SFA><SFA><FILEPATH>c:\somepath\</FILEPATH><FILENAME>test179.cpp</FILENAME><LINE>48</LINE><COLUMN>14</COLUMN></SFA><SFA><FILEPATH>c:\somepath\</FILEPATH><FILENAME>test179.cpp</FILENAME><LINE>51</LINE><COLUMN>14</COLUMN></SFA></PATH></DEFECT></DEFECTS>