<?xml version='1.0' encoding='UTF-8'?>
<DEFECTS><DEFECT><SFA><FILEPATH>c:\somepath\</FILEPATH><FILENAME>test094.cpp</FILENAME><LINE>13</LINE><COLUMN>10</COLUMN></SFA><DEFECTCODE>26000</DEFECTCODE><DESCRIPTION>Overflow using expression 'p[11]'
PREFAST_NEWLINE
Buffer accessed is buf
PREFAST_NEWLINE
Buffer is of length 10 elements (4 bytes/element) [size of variable]
PREFAST_NEWLINE
Accessing the element (4 bytes/element) at element offset 11
PREFAST_NEWLINE

PREFAST_NEWLINE
Values of variables:
PREFAST_NEWLINE
Pointer p is at offset 0 bytes from the start of the buffer
PREFAST_NEWLINE
</DESCRIPTION><FUNCTION>test3</FUNCTION><DECORATED>?test3@@YAHH@Z</DECORATED><FUNCLINE>7</FUNCLINE><PATH><SFA><FILEPATH>c:\somepath\</FILEPATH><FILENAME>test094.cpp</FILENAME><LINE>7</LINE><COLUMN>4</COLUMN></SFA><SFA><FILEPATH>c:\somepath\</FILEPATH><FILENAME>test094.cpp</FILENAME><LINE>9</LINE><COLUMN>8</COLUMN></SFA><SFA><FILEPATH>c:\somepath\</FILEPATH><FILENAME>test094.cpp</FILENAME><LINE>11</LINE><COLUMN>9</COLUMN></SFA><SFA><FILEPATH>c:\somepath\</FILEPATH><FILENAME>test094.cpp</FILENAME><LINE>11</LINE><COLUMN>16</COLUMN></SFA><SFA><FILEPATH>c:\somepath\</FILEPATH><FILENAME>test094.cpp</FILENAME><LINE>11</LINE><COLUMN>21</COLUMN></SFA><SFA><FILEPATH>c:\somepath\</FILEPATH><FILENAME>test094.cpp</FILENAME><LINE>11</LINE><COLUMN>13</COLUMN></SFA><SFA><FILEPATH>c:\somepath\</FILEPATH><FILENAME>test094.cpp</FILENAME><LINE>13</LINE><COLUMN>10</COLUMN></SFA></PATH></DEFECT><DEFECT><SFA><FILEPATH>c:\somepath\</FILEPATH><FILENAME>test094.cpp</FILENAME><LINE>24</LINE><COLUMN>10</COLUMN></SFA><DEFECTCODE>26000</DEFECTCODE><DESCRIPTION>Overflow using expression 'p[11]'
PREFAST_NEWLINE
Buffer accessed is buf
PREFAST_NEWLINE
Buffer is of length 10 elements (4 bytes/element) [size of variable]
PREFAST_NEWLINE
Accessing the element (4 bytes/element) at element offset 11
PREFAST_NEWLINE

PREFAST_NEWLINE
Values of variables:
PREFAST_NEWLINE
Pointer p is at offset 0 bytes from the start of the buffer
PREFAST_NEWLINE
</DESCRIPTION><FUNCTION>test4</FUNCTION><DECORATED>?test4@@YAHH@Z</DECORATED><FUNCLINE>17</FUNCLINE><PATH><SFA><FILEPATH>c:\somepath\</FILEPATH><FILENAME>test094.cpp</FILENAME><LINE>17</LINE><COLUMN>4</COLUMN></SFA><SFA><FILEPATH>c:\somepath\</FILEPATH><FILENAME>test094.cpp</FILENAME><LINE>19</LINE><COLUMN>8</COLUMN></SFA><SFA><FILEPATH>c:\somepath\</FILEPATH><FILENAME>test094.cpp</FILENAME><LINE>22</LINE><COLUMN>9</COLUMN></SFA><SFA><FILEPATH>c:\somepath\</FILEPATH><FILENAME>test094.cpp</FILENAME><LINE>22</LINE><COLUMN>16</COLUMN></SFA><SFA><FILEPATH>c:\somepath\</FILEPATH><FILENAME>test094.cpp</FILENAME><LINE>22</LINE><COLUMN>21</COLUMN></SFA><SFA><FILEPATH>c:\somepath\</FILEPATH><FILENAME>test094.cpp</FILENAME><LINE>22</LINE><COLUMN>13</COLUMN></SFA><SFA><FILEPATH>c:\somepath\</FILEPATH><FILENAME>test094.cpp</FILENAME><LINE>24</LINE><COLUMN>10</COLUMN></SFA></PATH></DEFECT><DEFECT><SFA><FILEPATH>c:\somepath\</FILEPATH><FILENAME>test094.cpp</FILENAME><LINE>34</LINE><COLUMN>4</COLUMN></SFA><DEFECTCODE>26000</DEFECTCODE><DESCRIPTION>Read overflow using expression 'q[13]'
PREFAST_NEWLINE
Buffer accessed is g1
PREFAST_NEWLINE
Buffer is of length 10 elements (4 bytes/element) [size of variable]
PREFAST_NEWLINE
Accessing the element (4 bytes/element) at element offset 18
PREFAST_NEWLINE

PREFAST_NEWLINE
Values of variables:
PREFAST_NEWLINE
Pointer q is at offset 20 bytes from the start of the buffer
PREFAST_NEWLINE
</DESCRIPTION><FUNCTION>test5</FUNCTION><DECORATED>?test5@@YAHH@Z</DECORATED><FUNCLINE>31</FUNCLINE><PATH><SFA><FILEPATH>c:\somepath\</FILEPATH><FILENAME>test094.cpp</FILENAME><LINE>31</LINE><COLUMN>4</COLUMN></SFA><SFA><FILEPATH>c:\somepath\</FILEPATH><FILENAME>test094.cpp</FILENAME><LINE>33</LINE><COLUMN>9</COLUMN></SFA><SFA><FILEPATH>c:\somepath\</FILEPATH><FILENAME>test094.cpp</FILENAME><LINE>33</LINE><COLUMN>17</COLUMN></SFA><SFA><FILEPATH>c:\somepath\</FILEPATH><FILENAME>test094.cpp</FILENAME><LINE>33</LINE><COLUMN>22</COLUMN></SFA><SFA><FILEPATH>c:\somepath\</FILEPATH><FILENAME>test094.cpp</FILENAME><LINE>33</LINE><COLUMN>13</COLUMN></SFA><SFA><FILEPATH>c:\somepath\</FILEPATH><FILENAME>test094.cpp</FILENAME><LINE>34</LINE><COLUMN>4</COLUMN></SFA></PATH></DEFECT><DEFECT><SFA><FILEPATH>c:\somepath\</FILEPATH><FILENAME>test094.cpp</FILENAME><LINE>34</LINE><COLUMN>4</COLUMN></SFA><DEFECTCODE>26000</DEFECTCODE><DESCRIPTION>Read overflow using expression 'q[13]'
PREFAST_NEWLINE
Buffer accessed is g2
PREFAST_NEWLINE
Buffer is of length 10 elements (4 bytes/element) [size of variable]
PREFAST_NEWLINE
Accessing the element (4 bytes/element) at element offset 18
PREFAST_NEWLINE

PREFAST_NEWLINE
Values of variables:
PREFAST_NEWLINE
Pointer q is at offset 20 bytes from the start of the buffer
PREFAST_NEWLINE
</DESCRIPTION><FUNCTION>test5</FUNCTION><DECORATED>?test5@@YAHH@Z</DECORATED><FUNCLINE>31</FUNCLINE><PATH><SFA><FILEPATH>c:\somepath\</FILEPATH><FILENAME>test094.cpp</FILENAME><LINE>31</LINE><COLUMN>4</COLUMN></SFA><SFA><FILEPATH>c:\somepath\</FILEPATH><FILENAME>test094.cpp</FILENAME><LINE>33</LINE><COLUMN>9</COLUMN></SFA><SFA><FILEPATH>c:\somepath\</FILEPATH><FILENAME>test094.cpp</FILENAME><LINE>33</LINE><COLUMN>17</COLUMN></SFA><SFA><FILEPATH>c:\somepath\</FILEPATH><FILENAME>test094.cpp</FILENAME><LINE>33</LINE><COLUMN>22</COLUMN></SFA><SFA><FILEPATH>c:\somepath\</FILEPATH><FILENAME>test094.cpp</FILENAME><LINE>33</LINE><COLUMN>13</COLUMN></SFA><SFA><FILEPATH>c:\somepath\</FILEPATH><FILENAME>test094.cpp</FILENAME><LINE>34</LINE><COLUMN>4</COLUMN></SFA></PATH></DEFECT><DEFECT><SFA><FILEPATH>c:\somepath\</FILEPATH><FILENAME>test094.cpp</FILENAME><LINE>40</LINE><COLUMN>4</COLUMN></SFA><DEFECTCODE>26000</DEFECTCODE><DESCRIPTION>Read overflow using expression 'q[13]'
PREFAST_NEWLINE
Buffer accessed is g1
PREFAST_NEWLINE
Buffer is of length 10 elements (4 bytes/element) [size of variable]
PREFAST_NEWLINE
Accessing the element (4 bytes/element) at element offset 18
PREFAST_NEWLINE

PREFAST_NEWLINE
Values of variables:
PREFAST_NEWLINE
Pointer q is at offset 20 bytes from the start of the buffer
PREFAST_NEWLINE
</DESCRIPTION><FUNCTION>test6</FUNCTION><DECORATED>?test6@@YAHH@Z</DECORATED><FUNCLINE>37</FUNCLINE><PATH><SFA><FILEPATH>c:\somepath\</FILEPATH><FILENAME>test094.cpp</FILENAME><LINE>37</LINE><COLUMN>4</COLUMN></SFA><SFA><FILEPATH>c:\somepath\</FILEPATH><FILENAME>test094.cpp</FILENAME><LINE>39</LINE><COLUMN>9</COLUMN></SFA><SFA><FILEPATH>c:\somepath\</FILEPATH><FILENAME>test094.cpp</FILENAME><LINE>39</LINE><COLUMN>18</COLUMN></SFA><SFA><FILEPATH>c:\somepath\</FILEPATH><FILENAME>test094.cpp</FILENAME><LINE>39</LINE><COLUMN>23</COLUMN></SFA><SFA><FILEPATH>c:\somepath\</FILEPATH><FILENAME>test094.cpp</FILENAME><LINE>39</LINE><COLUMN>13</COLUMN></SFA><SFA><FILEPATH>c:\somepath\</FILEPATH><FILENAME>test094.cpp</FILENAME><LINE>40</LINE><COLUMN>4</COLUMN></SFA></PATH></DEFECT><DEFECT><SFA><FILEPATH>c:\somepath\</FILEPATH><FILENAME>test094.cpp</FILENAME><LINE>40</LINE><COLUMN>4</COLUMN></SFA><DEFECTCODE>26000</DEFECTCODE><DESCRIPTION>Read overflow using expression 'q[13]'
PREFAST_NEWLINE
Buffer accessed is g2
PREFAST_NEWLINE
Buffer is of length 10 elements (4 bytes/element) [size of variable]
PREFAST_NEWLINE
Accessing the element (4 bytes/element) at element offset 18
PREFAST_NEWLINE

PREFAST_NEWLINE
Values of variables:
PREFAST_NEWLINE
Pointer q is at offset 20 bytes from the start of the buffer
PREFAST_NEWLINE
</DESCRIPTION><FUNCTION>test6</FUNCTION><DECORATED>?test6@@YAHH@Z</DECORATED><FUNCLINE>37</FUNCLINE><PATH><SFA><FILEPATH>c:\somepath\</FILEPATH><FILENAME>test094.cpp</FILENAME><LINE>37</LINE><COLUMN>4</COLUMN></SFA><SFA><FILEPATH>c:\somepath\</FILEPATH><FILENAME>test094.cpp</FILENAME><LINE>39</LINE><COLUMN>9</COLUMN></SFA><SFA><FILEPATH>c:\somepath\</FILEPATH><FILENAME>test094.cpp</FILENAME><LINE>39</LINE><COLUMN>18</COLUMN></SFA><SFA><FILEPATH>c:\somepath\</FILEPATH><FILENAME>test094.cpp</FILENAME><LINE>39</LINE><COLUMN>23</COLUMN></SFA><SFA><FILEPATH>c:\somepath\</FILEPATH><FILENAME>test094.cpp</FILENAME><LINE>39</LINE><COLUMN>13</COLUMN></SFA><SFA><FILEPATH>c:\somepath\</FILEPATH><FILENAME>test094.cpp</FILENAME><LINE>40</LINE><COLUMN>4</COLUMN></SFA></PATH></DEFECT></DEFECTS>