<?xml version='1.0' encoding='UTF-8'?>
<DEFECTS><DEFECT><SFA><FILEPATH>c:\somepath\</FILEPATH><FILENAME>test172.cpp</FILENAME><LINE>141</LINE><COLUMN>11</COLUMN></SFA><DEFECTCODE>26018</DEFECTCODE><DESCRIPTION>Potential read overflow of null terminated buffer using expression '* str'
PREFAST_NEWLINE
This is likely to be due to incorrect or insufficient validation of the buffer access
PREFAST_NEWLINE
Buffer str is a parameter to this function declared on line 132
PREFAST_NEWLINE
Buffer is of length nullpos(str)`132 + 1 bytes [length of zero terminated string]
PREFAST_NEWLINE
Accessing the byte at byte offset 1
PREFAST_NEWLINE

PREFAST_NEWLINE
Values of variables:
PREFAST_NEWLINE
Pointer str is at offset 1 bytes from the start of the buffer
PREFAST_NEWLINE

PREFAST_NEWLINE
where
PREFAST_NEWLINE
offset(str)`132 == 0
PREFAST_NEWLINE
nullpos(str)`132 &gt;= 0
PREFAST_NEWLINE

PREFAST_NEWLINE
Overrun access occurs when
PREFAST_NEWLINE
nullpos(str)`132 &lt;= 0
PREFAST_NEWLINE
</DESCRIPTION><FUNCTION>BadNullTerm</FUNCTION><DECORATED>?BadNullTerm@@YAIPAD@Z</DECORATED><FUNCLINE>132</FUNCLINE><PATH><SFA><FILEPATH>c:\somepath\</FILEPATH><FILENAME>test172.cpp</FILENAME><LINE>132</LINE><COLUMN>13</COLUMN></SFA><SFA><FILEPATH>c:\somepath\</FILEPATH><FILENAME>test172.cpp</FILENAME><LINE>136</LINE><COLUMN>17</COLUMN></SFA><SFA><FILEPATH>c:\somepath\</FILEPATH><FILENAME>test172.cpp</FILENAME><LINE>136</LINE><COLUMN>26</COLUMN></SFA><SFA><FILEPATH>c:\somepath\</FILEPATH><FILENAME>test172.cpp</FILENAME><LINE>138</LINE><COLUMN>11</COLUMN></SFA><SFA><FILEPATH>c:\somepath\</FILEPATH><FILENAME>test172.cpp</FILENAME><LINE>141</LINE><COLUMN>11</COLUMN></SFA></PATH></DEFECT></DEFECTS>