<?xml version='1.0' encoding='UTF-8'?>
<DEFECTS><DEFECT><SFA><FILEPATH>c:\somepath\</FILEPATH><FILENAME>test152.cpp</FILENAME><LINE>28</LINE><COLUMN>4</COLUMN></SFA><DEFECTCODE>26019</DEFECTCODE><DESCRIPTION>Potential read overflow using expression '* pData'
PREFAST_NEWLINE
Buffer access is apparently unbounded by the buffer size.  
PREFAST_NEWLINE

PREFAST_NEWLINE
In particular: any constant is not constrained by (pMS-&gt;MyStruct::nSize)`25
PREFAST_NEWLINE

PREFAST_NEWLINE
Buffer pMS is a parameter to this function declared on line 25
PREFAST_NEWLINE
Buffer lengths are from an assumed __inout annotation on the parameter
PREFAST_NEWLINE
Buffer is of length offset(pMS)`25 + (pMS-&gt;MyStruct::nSize)`25 bytes [from type annotation SAL_writableTo(byteCount(pMS-&gt;nSize)) at c:\somepath\test152.cpp(5)]
PREFAST_NEWLINE
Accessing the byte at byte offset 8
PREFAST_NEWLINE

PREFAST_NEWLINE
Values of variables:
PREFAST_NEWLINE
Pointer pData is at offset 8 bytes from the start of the buffer
PREFAST_NEWLINE

PREFAST_NEWLINE
where
PREFAST_NEWLINE
offset(pMS)`25 == 0
PREFAST_NEWLINE
(pMS-&gt;MyStruct::nSize)`25 &gt;= 8
PREFAST_NEWLINE

PREFAST_NEWLINE
Overrun access occurs when
PREFAST_NEWLINE
(pMS-&gt;MyStruct::nSize)`25 == 8
PREFAST_NEWLINE
</DESCRIPTION><FUNCTION>Bad1</FUNCTION><DECORATED>?Bad1@@YAHPAUMyStruct@@@Z</DECORATED><FUNCLINE>25</FUNCLINE><PATH><SFA><FILEPATH>c:\somepath\</FILEPATH><FILENAME>test152.cpp</FILENAME><LINE>25</LINE><COLUMN>8</COLUMN></SFA><SFA><FILEPATH>c:\somepath\</FILEPATH><FILENAME>test152.cpp</FILENAME><LINE>27</LINE><COLUMN>9</COLUMN></SFA><SFA><FILEPATH>c:\somepath\</FILEPATH><FILENAME>test152.cpp</FILENAME><LINE>27</LINE><COLUMN>18</COLUMN></SFA><SFA><FILEPATH>c:\somepath\</FILEPATH><FILENAME>test152.cpp</FILENAME><LINE>28</LINE><COLUMN>4</COLUMN></SFA></PATH></DEFECT></DEFECTS>
