<?xml version='1.0' encoding='UTF-8'?>
<DEFECTS><DEFECT><SFA><FILEPATH>c:\somepath\</FILEPATH><FILENAME>test081.cpp</FILENAME><LINE>67</LINE><COLUMN>14</COLUMN></SFA><DEFECTCODE>26000</DEFECTCODE><DESCRIPTION>Overflow using expression 'a[19 - x]'
PREFAST_NEWLINE
Buffer accessed is a
PREFAST_NEWLINE
Buffer is of length 10 bytes [size of variable]
PREFAST_NEWLINE
Accessing the byte at byte offset  - x`63 + 19
PREFAST_NEWLINE

PREFAST_NEWLINE
Values of variables:
PREFAST_NEWLINE
x = x`63
PREFAST_NEWLINE

PREFAST_NEWLINE
where
PREFAST_NEWLINE
10*x`63 &lt;= y`63
PREFAST_NEWLINE
x`63 &lt;= 19
PREFAST_NEWLINE
x`63 &gt;= 0
PREFAST_NEWLINE
y`63 &lt;= 99
PREFAST_NEWLINE
y`63 &gt;= 0
PREFAST_NEWLINE
</DESCRIPTION><FUNCTION>f</FUNCTION><DECORATED>?f@@YAXII@Z</DECORATED><FUNCLINE>63</FUNCLINE><PATH><SFA><FILEPATH>c:\somepath\</FILEPATH><FILENAME>test081.cpp</FILENAME><LINE>63</LINE><COLUMN>5</COLUMN></SFA><SFA><FILEPATH>c:\somepath\</FILEPATH><FILENAME>test081.cpp</FILENAME><LINE>65</LINE><COLUMN>9</COLUMN></SFA><SFA><FILEPATH>c:\somepath\</FILEPATH><FILENAME>test081.cpp</FILENAME><LINE>66</LINE><COLUMN>15</COLUMN></SFA><SFA><FILEPATH>c:\somepath\</FILEPATH><FILENAME>test081.cpp</FILENAME><LINE>66</LINE><COLUMN>25</COLUMN></SFA><SFA><FILEPATH>c:\somepath\</FILEPATH><FILENAME>test081.cpp</FILENAME><LINE>67</LINE><COLUMN>14</COLUMN></SFA></PATH></DEFECT><DEFECT><SFA><FILEPATH>c:\somepath\</FILEPATH><FILENAME>test081.cpp</FILENAME><LINE>121</LINE><COLUMN>64</COLUMN></SFA><DEFECTCODE>26035</DEFECTCODE><DESCRIPTION>Possible precondition violation due to failure to null terminate string '(const signed char *)(glob.p)'
PREFAST_NEWLINE
Accessing unannotated buffer glob.S::p
PREFAST_NEWLINE
Annotation on function strlen requires that {parameter 1} is null terminated
PREFAST_NEWLINE
  where {parameter 1} is (const signed char *)(glob.p) [Annotation _Null_terminated(0)]
PREFAST_NEWLINE
</DESCRIPTION><FUNCTION>TestSafeInt</FUNCTION><DECORATED>?TestSafeInt@@YAXII@Z</DECORATED><FUNCLINE>112</FUNCLINE><PATH><SFA><FILEPATH>c:\somepath\</FILEPATH><FILENAME>test081.cpp</FILENAME><LINE>112</LINE><COLUMN>5</COLUMN></SFA><SFA><FILEPATH>c:\somepath\</FILEPATH><FILENAME>test081.cpp</FILENAME><LINE>114</LINE><COLUMN>6</COLUMN></SFA><SFA><FILEPATH>c:\somepath\</FILEPATH><FILENAME>test081.cpp</FILENAME><LINE>115</LINE><COLUMN>9</COLUMN></SFA><SFA><FILEPATH>c:\somepath\</FILEPATH><FILENAME>test081.cpp</FILENAME><LINE>116</LINE><COLUMN>18</COLUMN></SFA><SFA><FILEPATH>c:\somepath\</FILEPATH><FILENAME>test081.cpp</FILENAME><LINE>116</LINE><COLUMN>27</COLUMN></SFA><SFA><FILEPATH>c:\somepath\</FILEPATH><FILENAME>test081.cpp</FILENAME><LINE>116</LINE><COLUMN>36</COLUMN></SFA><SFA><FILEPATH>c:\somepath\</FILEPATH><FILENAME>test081.cpp</FILENAME><LINE>116</LINE><COLUMN>46</COLUMN></SFA><SFA><FILEPATH>c:\somepath\</FILEPATH><FILENAME>test081.cpp</FILENAME><LINE>117</LINE><COLUMN>8</COLUMN></SFA><SFA><FILEPATH>c:\somepath\</FILEPATH><FILENAME>test081.cpp</FILENAME><LINE>119</LINE><COLUMN>12</COLUMN></SFA><SFA><FILEPATH>c:\somepath\</FILEPATH><FILENAME>test081.cpp</FILENAME><LINE>121</LINE><COLUMN>19</COLUMN></SFA><SFA><FILEPATH>c:\somepath\</FILEPATH><FILENAME>test081.cpp</FILENAME><LINE>121</LINE><COLUMN>19</COLUMN></SFA><SFA><FILEPATH>c:\somepath\</FILEPATH><FILENAME>test081.cpp</FILENAME><LINE>121</LINE><COLUMN>64</COLUMN></SFA></PATH></DEFECT><DEFECT><SFA><FILEPATH>c:\somepath\</FILEPATH><FILENAME>test081.cpp</FILENAME><LINE>157</LINE><COLUMN>15</COLUMN></SFA><DEFECTCODE>26017</DEFECTCODE><DESCRIPTION>Potential overflow using expression 'a66[(int )i / 992]'
PREFAST_NEWLINE
Buffer accessed is a66
PREFAST_NEWLINE
Buffer is of length 66 elements (4 bytes/element) [size of variable]
PREFAST_NEWLINE
Accessing the element (4 bytes/element) at element offset {(int )i / 992}`157
PREFAST_NEWLINE

PREFAST_NEWLINE
Values of variables:
PREFAST_NEWLINE
i = i`155
PREFAST_NEWLINE

PREFAST_NEWLINE
where
PREFAST_NEWLINE
i`155 == 992*{(int )i / 992}`157 + {(i`155) % 992}`157
PREFAST_NEWLINE
i`155 &gt;= 0
PREFAST_NEWLINE
{(i`155) % 992}`157 &lt;= 991
PREFAST_NEWLINE
{(i`155) % 992}`157 &gt;= 0
PREFAST_NEWLINE

PREFAST_NEWLINE
Overrun access occurs when
PREFAST_NEWLINE
{(int )i / 992}`157 &gt;= 66
PREFAST_NEWLINE
</DESCRIPTION><FUNCTION>R16_c</FUNCTION><DECORATED>?R16_c@@YAXG@Z</DECORATED><FUNCLINE>155</FUNCLINE><PATH><SFA><FILEPATH>c:\somepath\</FILEPATH><FILENAME>test081.cpp</FILENAME><LINE>155</LINE><COLUMN>5</COLUMN></SFA><SFA><FILEPATH>c:\somepath\</FILEPATH><FILENAME>test081.cpp</FILENAME><LINE>157</LINE><COLUMN>15</COLUMN></SFA></PATH></DEFECT><DEFECT><SFA><FILEPATH>c:\somepath\</FILEPATH><FILENAME>test081.cpp</FILENAME><LINE>172</LINE><COLUMN>23</COLUMN></SFA><DEFECTCODE>26017</DEFECTCODE><DESCRIPTION>Potential overflow using expression 'a66[(32768 + (int )i) / 992]'
PREFAST_NEWLINE
Buffer accessed is a66
PREFAST_NEWLINE
Buffer is of length 66 elements (4 bytes/element) [size of variable]
PREFAST_NEWLINE
Accessing the element (4 bytes/element) at element offset {(32768 + (int )i) / 992}`172
PREFAST_NEWLINE

PREFAST_NEWLINE
Values of variables:
PREFAST_NEWLINE
i = i`170
PREFAST_NEWLINE

PREFAST_NEWLINE
where
PREFAST_NEWLINE
i`170 + 32768 == 992*{(32768 + (int )i) / 992}`172 + {(i`170 + 32768) % 992}`172
PREFAST_NEWLINE
{(i`170 + 32768) % 992}`172 &lt;= 991
PREFAST_NEWLINE
{(i`170 + 32768) % 992}`172 &gt;= 0
PREFAST_NEWLINE

PREFAST_NEWLINE
Overrun access occurs when
PREFAST_NEWLINE
{(32768 + (int )i) / 992}`172 &gt;= 66
PREFAST_NEWLINE
</DESCRIPTION><FUNCTION>R16_f</FUNCTION><DECORATED>?R16_f@@YAXF@Z</DECORATED><FUNCLINE>170</FUNCLINE><PATH><SFA><FILEPATH>c:\somepath\</FILEPATH><FILENAME>test081.cpp</FILENAME><LINE>170</LINE><COLUMN>5</COLUMN></SFA><SFA><FILEPATH>c:\somepath\</FILEPATH><FILENAME>test081.cpp</FILENAME><LINE>172</LINE><COLUMN>23</COLUMN></SFA></PATH></DEFECT></DEFECTS>