<?xml version='1.0' encoding='UTF-8'?>
<DEFECTS><DEFECT><SFA><FILEPATH>c:\somepath\</FILEPATH><FILENAME>test039.cpp</FILENAME><LINE>47</LINE><COLUMN>14</COLUMN></SFA><DEFECTCODE>26000</DEFECTCODE><DESCRIPTION>Overflow using expression 'buf[size]'
PREFAST_NEWLINE
Buffer accessed is buf
PREFAST_NEWLINE
Buffer is of length 100 bytes [size of variable]
PREFAST_NEWLINE
Accessing the byte at byte offset 100
PREFAST_NEWLINE

PREFAST_NEWLINE
Values of variables:
PREFAST_NEWLINE
size = 100
PREFAST_NEWLINE
</DESCRIPTION><FUNCTION>f1</FUNCTION><DECORATED>?f1@@YAXXZ</DECORATED><FUNCLINE>42</FUNCLINE><PATH><SFA><FILEPATH>c:\somepath\</FILEPATH><FILENAME>test039.cpp</FILENAME><LINE>42</LINE><COLUMN>5</COLUMN></SFA><SFA><FILEPATH>c:\somepath\</FILEPATH><FILENAME>test039.cpp</FILENAME><LINE>44</LINE><COLUMN>9</COLUMN></SFA><SFA><FILEPATH>c:\somepath\</FILEPATH><FILENAME>test039.cpp</FILENAME><LINE>45</LINE><COLUMN>13</COLUMN></SFA><SFA><FILEPATH>c:\somepath\</FILEPATH><FILENAME>test039.cpp</FILENAME><LINE>45</LINE><COLUMN>20</COLUMN></SFA><SFA><FILEPATH>c:\somepath\</FILEPATH><FILENAME>test039.cpp</FILENAME><LINE>46</LINE><COLUMN>9</COLUMN></SFA><SFA><FILEPATH>c:\somepath\</FILEPATH><FILENAME>test039.cpp</FILENAME><LINE>47</LINE><COLUMN>14</COLUMN></SFA></PATH></DEFECT><DEFECT><SFA><FILEPATH>c:\somepath\</FILEPATH><FILENAME>test039.cpp</FILENAME><LINE>55</LINE><COLUMN>11</COLUMN></SFA><DEFECTCODE>26015</DEFECTCODE><DESCRIPTION>Potential overflow using expression 'buf[size]'
PREFAST_NEWLINE
Buffer access is apparently unbounded by the buffer size.  
PREFAST_NEWLINE

PREFAST_NEWLINE
In particular: size`54a is not constrained by any constant
PREFAST_NEWLINE

PREFAST_NEWLINE
Buffer accessed is buf
PREFAST_NEWLINE
Buffer is of length 100 bytes [size of variable]
PREFAST_NEWLINE
Accessing the byte at byte offset size`54a
PREFAST_NEWLINE

PREFAST_NEWLINE
Values of variables:
PREFAST_NEWLINE
size = size`54a
PREFAST_NEWLINE

PREFAST_NEWLINE
where
PREFAST_NEWLINE
size`54a &gt;= 0
PREFAST_NEWLINE

PREFAST_NEWLINE
Overrun access occurs when
PREFAST_NEWLINE
size`54a &gt;= 100
PREFAST_NEWLINE
</DESCRIPTION><FUNCTION>f2</FUNCTION><DECORATED>?f2@@YAXXZ</DECORATED><FUNCLINE>50</FUNCLINE><PATH><SFA><FILEPATH>c:\somepath\</FILEPATH><FILENAME>test039.cpp</FILENAME><LINE>50</LINE><COLUMN>5</COLUMN></SFA><SFA><FILEPATH>c:\somepath\</FILEPATH><FILENAME>test039.cpp</FILENAME><LINE>52</LINE><COLUMN>6</COLUMN></SFA><SFA><FILEPATH>c:\somepath\</FILEPATH><FILENAME>test039.cpp</FILENAME><LINE>53</LINE><COLUMN>10</COLUMN></SFA><SFA><FILEPATH>c:\somepath\</FILEPATH><FILENAME>test039.cpp</FILENAME><LINE>53</LINE><COLUMN>17</COLUMN></SFA><SFA><FILEPATH>c:\somepath\</FILEPATH><FILENAME>test039.cpp</FILENAME><LINE>54</LINE><COLUMN>6</COLUMN></SFA><SFA><FILEPATH>c:\somepath\</FILEPATH><FILENAME>test039.cpp</FILENAME><LINE>55</LINE><COLUMN>11</COLUMN></SFA></PATH></DEFECT><DEFECT><SFA><FILEPATH>c:\somepath\</FILEPATH><FILENAME>test039.cpp</FILENAME><LINE>63</LINE><COLUMN>11</COLUMN></SFA><DEFECTCODE>26000</DEFECTCODE><DESCRIPTION>Overflow using expression 'buf[size]'
PREFAST_NEWLINE
Buffer accessed is buf
PREFAST_NEWLINE
Buffer is of length 100 bytes [size of variable]
PREFAST_NEWLINE
Accessing the byte at byte offset 100
PREFAST_NEWLINE

PREFAST_NEWLINE
Values of variables:
PREFAST_NEWLINE
size = 100
PREFAST_NEWLINE
</DESCRIPTION><FUNCTION>f3</FUNCTION><DECORATED>?f3@@YAXXZ</DECORATED><FUNCLINE>58</FUNCLINE><PATH><SFA><FILEPATH>c:\somepath\</FILEPATH><FILENAME>test039.cpp</FILENAME><LINE>58</LINE><COLUMN>5</COLUMN></SFA><SFA><FILEPATH>c:\somepath\</FILEPATH><FILENAME>test039.cpp</FILENAME><LINE>60</LINE><COLUMN>6</COLUMN></SFA><SFA><FILEPATH>c:\somepath\</FILEPATH><FILENAME>test039.cpp</FILENAME><LINE>61</LINE><COLUMN>10</COLUMN></SFA><SFA><FILEPATH>c:\somepath\</FILEPATH><FILENAME>test039.cpp</FILENAME><LINE>61</LINE><COLUMN>17</COLUMN></SFA><SFA><FILEPATH>c:\somepath\</FILEPATH><FILENAME>test039.cpp</FILENAME><LINE>62</LINE><COLUMN>6</COLUMN></SFA><SFA><FILEPATH>c:\somepath\</FILEPATH><FILENAME>test039.cpp</FILENAME><LINE>63</LINE><COLUMN>11</COLUMN></SFA></PATH></DEFECT><DEFECT><SFA><FILEPATH>c:\somepath\</FILEPATH><FILENAME>test039.cpp</FILENAME><LINE>71</LINE><COLUMN>11</COLUMN></SFA><DEFECTCODE>26014</DEFECTCODE><DESCRIPTION>Potential overflow using expression 'buf[size]'
PREFAST_NEWLINE
This is likely to be due to incorrect or insufficient validation of the buffer access
PREFAST_NEWLINE
Buffer accessed is buf
PREFAST_NEWLINE
Buffer is of length 100 bytes [size of variable]
PREFAST_NEWLINE
Accessing the byte at byte offset size`70a
PREFAST_NEWLINE

PREFAST_NEWLINE
Values of variables:
PREFAST_NEWLINE
size = size`70a
PREFAST_NEWLINE

PREFAST_NEWLINE
where
PREFAST_NEWLINE
size`70a &lt;= 100
PREFAST_NEWLINE
size`70a &gt;= 0
PREFAST_NEWLINE

PREFAST_NEWLINE
Overrun access occurs when
PREFAST_NEWLINE
size`70a == 100
PREFAST_NEWLINE
</DESCRIPTION><FUNCTION>f4</FUNCTION><DECORATED>?f4@@YAXXZ</DECORATED><FUNCLINE>66</FUNCLINE><PATH><SFA><FILEPATH>c:\somepath\</FILEPATH><FILENAME>test039.cpp</FILENAME><LINE>66</LINE><COLUMN>5</COLUMN></SFA><SFA><FILEPATH>c:\somepath\</FILEPATH><FILENAME>test039.cpp</FILENAME><LINE>68</LINE><COLUMN>6</COLUMN></SFA><SFA><FILEPATH>c:\somepath\</FILEPATH><FILENAME>test039.cpp</FILENAME><LINE>69</LINE><COLUMN>10</COLUMN></SFA><SFA><FILEPATH>c:\somepath\</FILEPATH><FILENAME>test039.cpp</FILENAME><LINE>69</LINE><COLUMN>17</COLUMN></SFA><SFA><FILEPATH>c:\somepath\</FILEPATH><FILENAME>test039.cpp</FILENAME><LINE>70</LINE><COLUMN>6</COLUMN></SFA><SFA><FILEPATH>c:\somepath\</FILEPATH><FILENAME>test039.cpp</FILENAME><LINE>71</LINE><COLUMN>11</COLUMN></SFA></PATH></DEFECT></DEFECTS>