<?xml version='1.0' encoding='UTF-8'?>
<DEFECTS><DEFECT><SFA><FILEPATH>c:\somepath\</FILEPATH><FILENAME>test035.cpp</FILENAME><LINE>21</LINE><COLUMN>7</COLUMN></SFA><DEFECTCODE>26000</DEFECTCODE><DESCRIPTION>Read overflow using expression '(p[i + s1.a]).b[j]'
PREFAST_NEWLINE
Buffer accessed is S::b
PREFAST_NEWLINE
Buffer is of length 100 bytes [size of field]
PREFAST_NEWLINE
Accessing the byte at byte offset 100
PREFAST_NEWLINE

PREFAST_NEWLINE
Values of variables:
PREFAST_NEWLINE
Pointer p is at offset 104 bytes from the start of arr
PREFAST_NEWLINE
i = 1
PREFAST_NEWLINE
j = 100
PREFAST_NEWLINE
s1.S::a = 7
PREFAST_NEWLINE

PREFAST_NEWLINE
There are other instances of this error:
PREFAST_NEWLINE
Read overflow using expression '(p[i + s1.a]).b[j]' at line 29
PREFAST_NEWLINE
</DESCRIPTION><FUNCTION>f</FUNCTION><DECORATED>?f@@YADXZ</DECORATED><FUNCLINE>6</FUNCLINE><PATH><SFA><FILEPATH>c:\somepath\</FILEPATH><FILENAME>test035.cpp</FILENAME><LINE>6</LINE><COLUMN>5</COLUMN></SFA><SFA><FILEPATH>c:\somepath\</FILEPATH><FILENAME>test035.cpp</FILENAME><LINE>8</LINE><COLUMN>9</COLUMN></SFA><SFA><FILEPATH>c:\somepath\</FILEPATH><FILENAME>test035.cpp</FILENAME><LINE>9</LINE><COLUMN>6</COLUMN></SFA><SFA><FILEPATH>c:\somepath\</FILEPATH><FILENAME>test035.cpp</FILENAME><LINE>10</LINE><COLUMN>7</COLUMN></SFA><SFA><FILEPATH>c:\somepath\</FILEPATH><FILENAME>test035.cpp</FILENAME><LINE>10</LINE><COLUMN>15</COLUMN></SFA><SFA><FILEPATH>c:\somepath\</FILEPATH><FILENAME>test035.cpp</FILENAME><LINE>11</LINE><COLUMN>8</COLUMN></SFA><SFA><FILEPATH>c:\somepath\</FILEPATH><FILENAME>test035.cpp</FILENAME><LINE>11</LINE><COLUMN>12</COLUMN></SFA><SFA><FILEPATH>c:\somepath\</FILEPATH><FILENAME>test035.cpp</FILENAME><LINE>12</LINE><COLUMN>6</COLUMN></SFA><SFA><FILEPATH>c:\somepath\</FILEPATH><FILENAME>test035.cpp</FILENAME><LINE>13</LINE><COLUMN>8</COLUMN></SFA><SFA><FILEPATH>c:\somepath\</FILEPATH><FILENAME>test035.cpp</FILENAME><LINE>15</LINE><COLUMN>9</COLUMN></SFA><SFA><FILEPATH>c:\somepath\</FILEPATH><FILENAME>test035.cpp</FILENAME><LINE>16</LINE><COLUMN>6</COLUMN></SFA><SFA><FILEPATH>c:\somepath\</FILEPATH><FILENAME>test035.cpp</FILENAME><LINE>17</LINE><COLUMN>7</COLUMN></SFA><SFA><FILEPATH>c:\somepath\</FILEPATH><FILENAME>test035.cpp</FILENAME><LINE>19</LINE><COLUMN>9</COLUMN></SFA><SFA><FILEPATH>c:\somepath\</FILEPATH><FILENAME>test035.cpp</FILENAME><LINE>20</LINE><COLUMN>6</COLUMN></SFA><SFA><FILEPATH>c:\somepath\</FILEPATH><FILENAME>test035.cpp</FILENAME><LINE>21</LINE><COLUMN>7</COLUMN></SFA></PATH></DEFECT><DEFECT><SFA><FILEPATH>c:\somepath\</FILEPATH><FILENAME>test035.cpp</FILENAME><LINE>25</LINE><COLUMN>7</COLUMN></SFA><DEFECTCODE>26000</DEFECTCODE><DESCRIPTION>Read overflow using expression '(p[i + s1.a]).b'
PREFAST_NEWLINE
Buffer accessed is arr
PREFAST_NEWLINE
Buffer is of length 1040 bytes [size of variable]
PREFAST_NEWLINE
Accessing 100 bytes starting at byte offset 1044
PREFAST_NEWLINE

PREFAST_NEWLINE
Values of variables:
PREFAST_NEWLINE
Pointer p is at offset 104 bytes from the start of the buffer
PREFAST_NEWLINE
i = 1
PREFAST_NEWLINE
s1.S::a = 8
PREFAST_NEWLINE

PREFAST_NEWLINE
There are other instances of this error:
PREFAST_NEWLINE
Read overflow using expression '(p[i + s1.a]).b' at line 29
PREFAST_NEWLINE
</DESCRIPTION><FUNCTION>f</FUNCTION><DECORATED>?f@@YADXZ</DECORATED><FUNCLINE>6</FUNCLINE><PATH><SFA><FILEPATH>c:\somepath\</FILEPATH><FILENAME>test035.cpp</FILENAME><LINE>6</LINE><COLUMN>5</COLUMN></SFA><SFA><FILEPATH>c:\somepath\</FILEPATH><FILENAME>test035.cpp</FILENAME><LINE>8</LINE><COLUMN>9</COLUMN></SFA><SFA><FILEPATH>c:\somepath\</FILEPATH><FILENAME>test035.cpp</FILENAME><LINE>9</LINE><COLUMN>6</COLUMN></SFA><SFA><FILEPATH>c:\somepath\</FILEPATH><FILENAME>test035.cpp</FILENAME><LINE>10</LINE><COLUMN>7</COLUMN></SFA><SFA><FILEPATH>c:\somepath\</FILEPATH><FILENAME>test035.cpp</FILENAME><LINE>10</LINE><COLUMN>15</COLUMN></SFA><SFA><FILEPATH>c:\somepath\</FILEPATH><FILENAME>test035.cpp</FILENAME><LINE>11</LINE><COLUMN>8</COLUMN></SFA><SFA><FILEPATH>c:\somepath\</FILEPATH><FILENAME>test035.cpp</FILENAME><LINE>11</LINE><COLUMN>12</COLUMN></SFA><SFA><FILEPATH>c:\somepath\</FILEPATH><FILENAME>test035.cpp</FILENAME><LINE>12</LINE><COLUMN>6</COLUMN></SFA><SFA><FILEPATH>c:\somepath\</FILEPATH><FILENAME>test035.cpp</FILENAME><LINE>13</LINE><COLUMN>8</COLUMN></SFA><SFA><FILEPATH>c:\somepath\</FILEPATH><FILENAME>test035.cpp</FILENAME><LINE>15</LINE><COLUMN>9</COLUMN></SFA><SFA><FILEPATH>c:\somepath\</FILEPATH><FILENAME>test035.cpp</FILENAME><LINE>16</LINE><COLUMN>6</COLUMN></SFA><SFA><FILEPATH>c:\somepath\</FILEPATH><FILENAME>test035.cpp</FILENAME><LINE>17</LINE><COLUMN>7</COLUMN></SFA><SFA><FILEPATH>c:\somepath\</FILEPATH><FILENAME>test035.cpp</FILENAME><LINE>19</LINE><COLUMN>9</COLUMN></SFA><SFA><FILEPATH>c:\somepath\</FILEPATH><FILENAME>test035.cpp</FILENAME><LINE>20</LINE><COLUMN>6</COLUMN></SFA><SFA><FILEPATH>c:\somepath\</FILEPATH><FILENAME>test035.cpp</FILENAME><LINE>21</LINE><COLUMN>7</COLUMN></SFA><SFA><FILEPATH>c:\somepath\</FILEPATH><FILENAME>test035.cpp</FILENAME><LINE>23</LINE><COLUMN>9</COLUMN></SFA><SFA><FILEPATH>c:\somepath\</FILEPATH><FILENAME>test035.cpp</FILENAME><LINE>24</LINE><COLUMN>6</COLUMN></SFA><SFA><FILEPATH>c:\somepath\</FILEPATH><FILENAME>test035.cpp</FILENAME><LINE>25</LINE><COLUMN>7</COLUMN></SFA></PATH></DEFECT></DEFECTS>