<?xml version="1.0" encoding="UTF-8"?>
<DEFECTS>
  <DEFECT>
    <SFA>
      <FILEPATH>d:\src\sarif-sdk\src\sarif.functionaltests\convertertestdata\prefast\src\relevantkeyevents\</FILEPATH>
      <FILENAME>relevantkeyevents2.cpp</FILENAME>
      <LINE>24</LINE>
      <COLUMN>17</COLUMN>
    </SFA>
    <DEFECTCODE>28182</DEFECTCODE>
    <DESCRIPTION>Dereferencing NULL pointer. 'pNode' contains the same NULL value as 'pNodeFree' did. </DESCRIPTION>
    <FUNCTION>fun</FUNCTION>
    <DECORATED>?fun@@YAXXZ</DECORATED>
    <FUNCLINE>10</FUNCLINE>
    <PROBABILITY>1</PROBABILITY>
    <RANK>3</RANK>
    <CATEGORY>
      <RULECATEGORY>mspft</RULECATEGORY>
    </CATEGORY>
    <PATH>
      <SFA>
        <FILEPATH>d:\src\sarif-sdk\src\sarif.functionaltests\convertertestdata\prefast\src\relevantkeyevents\</FILEPATH>
        <FILENAME>relevantkeyevents2.cpp</FILENAME>
        <LINE>12</LINE>
        <COLUMN>18</COLUMN>
        <KEYEVENT>
          <ID>1</ID>
          <KIND>branch</KIND>
          <IMPORTANCE>Full</IMPORTANCE>
          <MESSAGE>'pNodeFree' may be NULL (Enter this branch)</MESSAGE>
        </KEYEVENT>
      </SFA>
      <SFA>
        <FILEPATH>d:\src\sarif-sdk\src\sarif.functionaltests\convertertestdata\prefast\src\relevantkeyevents\</FILEPATH>
        <FILENAME>relevantkeyevents2.cpp</FILENAME>
        <LINE>14</LINE>
        <COLUMN>13</COLUMN>
      </SFA>
      <SFA>
        <FILEPATH>d:\src\sarif-sdk\src\sarif.functionaltests\convertertestdata\prefast\src\relevantkeyevents\</FILEPATH>
        <FILENAME>relevantkeyevents2.cpp</FILENAME>
        <LINE>16</LINE>
        <COLUMN>17</COLUMN>
      </SFA>
      <SFA>
        <FILEPATH>d:\src\sarif-sdk\src\sarif.functionaltests\convertertestdata\prefast\src\relevantkeyevents\</FILEPATH>
        <FILENAME>relevantkeyevents2.cpp</FILENAME>
        <LINE>16</LINE>
        <COLUMN>37</COLUMN>
        <KEYEVENT>
          <ID>2</ID>
          <KIND>branch</KIND>
          <IMPORTANCE>Full</IMPORTANCE>
          <MESSAGE>Skip this loop, (assume 'i&gt;=0' is false)</MESSAGE>
        </KEYEVENT>
      </SFA>
      <SFA>
        <FILEPATH>d:\src\sarif-sdk\src\sarif.functionaltests\convertertestdata\prefast\src\relevantkeyevents\</FILEPATH>
        <FILENAME>relevantkeyevents2.cpp</FILENAME>
        <LINE>23</LINE>
        <COLUMN>8</COLUMN>
        <KEYEVENT>
          <ID>3</ID>
          <KIND>alias</KIND>
          <IMPORTANCE>Essential</IMPORTANCE>
          <MESSAGE>(alias) 'pNode' receives the value of 'pNodeFree' (which may be NULL)</MESSAGE>
        </KEYEVENT>
      </SFA>
      <SFA>
        <FILEPATH>d:\src\sarif-sdk\src\sarif.functionaltests\convertertestdata\prefast\src\relevantkeyevents\</FILEPATH>
        <FILENAME>relevantkeyevents2.cpp</FILENAME>
        <LINE>24</LINE>
        <COLUMN>17</COLUMN>
        <KEYEVENT>
          <ID>4</ID>
          <KIND>usage</KIND>
          <IMPORTANCE>Essential</IMPORTANCE>
          <MESSAGE>'pNode' is dereferenced, but may still be NULL</MESSAGE>
        </KEYEVENT>
      </SFA>
    </PATH>
  </DEFECT>
</DEFECTS>