<?xml version="1.0" encoding="UTF-8"?>
<DEFECTS>
  <DEFECT>
    <SFA>
      <FILEPATH>d:\src\sarif-sdk\src\sarif.functionaltests\convertertestdata\prefast\src\fixedbugs\</FILEPATH>
      <FILENAME>tfs260613.cpp</FILENAME>
      <LINE>10</LINE>
      <COLUMN>6</COLUMN>
    </SFA>
    <DEFECTCODE>6305</DEFECTCODE>
    <DESCRIPTION>Potential mismatch between sizeof and countof quantities. Use sizeof() to scale byte sizes.</DESCRIPTION>
    <FUNCTION>ComplexMismatch1</FUNCTION>
    <DECORATED>?ComplexMismatch1@@YAHXZ</DECORATED>
    <FUNCLINE>4</FUNCLINE>
    <PROBABILITY>1</PROBABILITY>
    <RANK>2</RANK>
    <CATEGORY>
      <RULECATEGORY>mspft</RULECATEGORY>
    </CATEGORY>
    <PATH>
      <SFA>
        <FILEPATH>d:\src\sarif-sdk\src\sarif.functionaltests\convertertestdata\prefast\src\fixedbugs\</FILEPATH>
        <FILENAME>tfs260613.cpp</FILENAME>
        <LINE>6</LINE>
        <COLUMN>8</COLUMN>
      </SFA>
      <SFA>
        <FILEPATH>d:\src\sarif-sdk\src\sarif.functionaltests\convertertestdata\prefast\src\fixedbugs\</FILEPATH>
        <FILENAME>tfs260613.cpp</FILENAME>
        <LINE>7</LINE>
        <COLUMN>8</COLUMN>
      </SFA>
      <SFA>
        <FILEPATH>d:\src\sarif-sdk\src\sarif.functionaltests\convertertestdata\prefast\src\fixedbugs\</FILEPATH>
        <FILENAME>tfs260613.cpp</FILENAME>
        <LINE>9</LINE>
        <COLUMN>8</COLUMN>
        <KEYEVENT>
          <ID>1</ID>
          <KIND>declaration</KIND>
          <IMPORTANCE>Essential</IMPORTANCE>
          <MESSAGE>'offset' is a byte quantity</MESSAGE>
        </KEYEVENT>
      </SFA>
      <SFA>
        <FILEPATH>d:\src\sarif-sdk\src\sarif.functionaltests\convertertestdata\prefast\src\fixedbugs\</FILEPATH>
        <FILENAME>tfs260613.cpp</FILENAME>
        <LINE>10</LINE>
        <COLUMN>6</COLUMN>
        <KEYEVENT>
          <ID>2</ID>
          <KIND>usage</KIND>
          <IMPORTANCE>Essential</IMPORTANCE>
          <MESSAGE>Expression mixes element counts and byte quantities</MESSAGE>
        </KEYEVENT>
      </SFA>
    </PATH>
  </DEFECT>
  <DEFECT>
    <SFA>
      <FILEPATH>d:\src\sarif-sdk\src\sarif.functionaltests\convertertestdata\prefast\src\fixedbugs\</FILEPATH>
      <FILENAME>tfs260613.cpp</FILENAME>
      <LINE>20</LINE>
      <COLUMN>6</COLUMN>
    </SFA>
    <DEFECTCODE>6305</DEFECTCODE>
    <DESCRIPTION>Potential mismatch between sizeof and countof quantities. Use sizeof() to scale byte sizes.</DESCRIPTION>
    <FUNCTION>ComplexMismatch2</FUNCTION>
    <DECORATED>?ComplexMismatch2@@YAHXZ</DECORATED>
    <FUNCLINE>15</FUNCLINE>
    <PROBABILITY>1</PROBABILITY>
    <RANK>2</RANK>
    <CATEGORY>
      <RULECATEGORY>mspft</RULECATEGORY>
    </CATEGORY>
    <PATH>
      <SFA>
        <FILEPATH>d:\src\sarif-sdk\src\sarif.functionaltests\convertertestdata\prefast\src\fixedbugs\</FILEPATH>
        <FILENAME>tfs260613.cpp</FILENAME>
        <LINE>17</LINE>
        <COLUMN>8</COLUMN>
      </SFA>
      <SFA>
        <FILEPATH>d:\src\sarif-sdk\src\sarif.functionaltests\convertertestdata\prefast\src\fixedbugs\</FILEPATH>
        <FILENAME>tfs260613.cpp</FILENAME>
        <LINE>18</LINE>
        <COLUMN>8</COLUMN>
      </SFA>
      <SFA>
        <FILEPATH>d:\src\sarif-sdk\src\sarif.functionaltests\convertertestdata\prefast\src\fixedbugs\</FILEPATH>
        <FILENAME>tfs260613.cpp</FILENAME>
        <LINE>20</LINE>
        <COLUMN>6</COLUMN>
        <KEYEVENT>
          <ID>1</ID>
          <KIND>usage</KIND>
          <IMPORTANCE>Essential</IMPORTANCE>
          <MESSAGE>Expression mixes element counts and byte quantities</MESSAGE>
        </KEYEVENT>
      </SFA>
    </PATH>
  </DEFECT>
</DEFECTS>