<?xml version="1.0" encoding="UTF-8"?>
<DEFECTS>
  <DEFECT>
    <SFA>
      <FILEPATH>d:\src\sarif-sdk\src\sarif.functionaltests\convertertestdata\prefast\src\fixedbugs\</FILEPATH>
      <FILENAME>tfs378661.cpp</FILENAME>
      <LINE>10</LINE>
      <COLUMN>8</COLUMN>
    </SFA>
    <DEFECTCODE>6386</DEFECTCODE>
    <DESCRIPTION>Buffer overrun while writing to 'seq':  the writable size is '5*4' bytes, but '24' bytes might be written.</DESCRIPTION>
    <FUNCTION>WritesArray</FUNCTION>
    <DECORATED>?WritesArray@@YAXPEAJ@Z</DECORATED>
    <FUNCLINE>6</FUNCLINE>
    <PROBABILITY>1</PROBABILITY>
    <RANK>4</RANK>
    <CATEGORY>
      <RULECATEGORY>mspft</RULECATEGORY>
    </CATEGORY>
    <PATH>
      <SFA>
        <FILEPATH>d:\src\sarif-sdk\src\sarif.functionaltests\convertertestdata\prefast\src\fixedbugs\</FILEPATH>
        <FILENAME>tfs378661.cpp</FILENAME>
        <LINE>6</LINE>
        <COLUMN>16</COLUMN>
        <KEYEVENT>
          <ID>1</ID>
          <KIND>declaration</KIND>
          <IMPORTANCE>Essential</IMPORTANCE>
          <MESSAGE>'seq' is an array of 5 elements (20 bytes)</MESSAGE>
        </KEYEVENT>
      </SFA>
      <SFA>
        <FILEPATH>d:\src\sarif-sdk\src\sarif.functionaltests\convertertestdata\prefast\src\fixedbugs\</FILEPATH>
        <FILENAME>tfs378661.cpp</FILENAME>
        <LINE>10</LINE>
        <COLUMN>8</COLUMN>
        <KEYEVENT>
          <ID>2</ID>
          <KIND>usage</KIND>
          <IMPORTANCE>Essential</IMPORTANCE>
          <MESSAGE>Invalid write to 'seq[5]', (writable range is 0 to 4)</MESSAGE>
        </KEYEVENT>
      </SFA>
    </PATH>
  </DEFECT>
  <DEFECT>
    <SFA>
      <FILEPATH>d:\src\sarif-sdk\src\sarif.functionaltests\convertertestdata\prefast\src\fixedbugs\</FILEPATH>
      <FILENAME>tfs378661.cpp</FILENAME>
      <LINE>17</LINE>
      <COLUMN>11</COLUMN>
    </SFA>
    <DEFECTCODE>6386</DEFECTCODE>
    <DESCRIPTION>Buffer overrun while writing to 'seq':  the writable size is 'size*4' bytes, but 'size' bytes might be written.</DESCRIPTION>
    <FUNCTION>WritesArrayRange</FUNCTION>
    <DECORATED>?WritesArrayRange@@YAXPEAJH@Z</DECORATED>
    <FUNCLINE>13</FUNCLINE>
    <PROBABILITY>1</PROBABILITY>
    <RANK>4</RANK>
    <CATEGORY>
      <RULECATEGORY>mspft</RULECATEGORY>
    </CATEGORY>
    <PATH>
      <SFA>
        <FILEPATH>d:\src\sarif-sdk\src\sarif.functionaltests\convertertestdata\prefast\src\fixedbugs\</FILEPATH>
        <FILENAME>tfs378661.cpp</FILENAME>
        <LINE>13</LINE>
        <COLUMN>21</COLUMN>
        <KEYEVENT>
          <ID>1</ID>
          <KIND>declaration</KIND>
          <IMPORTANCE>Essential</IMPORTANCE>
          <MESSAGE>'seq' is an array of 4 elements (16 bytes)</MESSAGE>
        </KEYEVENT>
      </SFA>
      <SFA>
        <FILEPATH>d:\src\sarif-sdk\src\sarif.functionaltests\convertertestdata\prefast\src\fixedbugs\</FILEPATH>
        <FILENAME>tfs378661.cpp</FILENAME>
        <LINE>17</LINE>
        <COLUMN>11</COLUMN>
        <KEYEVENT>
          <ID>2</ID>
          <KIND>usage</KIND>
          <IMPORTANCE>Essential</IMPORTANCE>
          <MESSAGE>Invalid write to 'seq[4]', (writable range is 0 to 3)</MESSAGE>
        </KEYEVENT>
      </SFA>
    </PATH>
  </DEFECT>
  <DEFECT>
    <SFA>
      <FILEPATH>d:\src\sarif-sdk\src\sarif.functionaltests\convertertestdata\prefast\src\fixedbugs\</FILEPATH>
      <FILENAME>tfs378661.cpp</FILENAME>
      <LINE>29</LINE>
      <COLUMN>8</COLUMN>
    </SFA>
    <DEFECTCODE>6386</DEFECTCODE>
    <DESCRIPTION>Buffer overrun while writing to 'seq':  the writable size is 'size*4' bytes, but '8' bytes might be written.</DESCRIPTION>
    <FUNCTION>WritesArrayLoop</FUNCTION>
    <DECORATED>?WritesArrayLoop@@YAXPEAJH@Z</DECORATED>
    <FUNCLINE>20</FUNCLINE>
    <PROBABILITY>1</PROBABILITY>
    <RANK>4</RANK>
    <CATEGORY>
      <RULECATEGORY>mspft</RULECATEGORY>
    </CATEGORY>
    <PATH>
      <SFA>
        <FILEPATH>d:\src\sarif-sdk\src\sarif.functionaltests\convertertestdata\prefast\src\fixedbugs\</FILEPATH>
        <FILENAME>tfs378661.cpp</FILENAME>
        <LINE>20</LINE>
        <COLUMN>20</COLUMN>
        <KEYEVENT>
          <ID>1</ID>
          <KIND>declaration</KIND>
          <IMPORTANCE>Essential</IMPORTANCE>
          <MESSAGE>'seq' is an array of 1 elements (4 bytes)</MESSAGE>
        </KEYEVENT>
      </SFA>
      <SFA>
        <FILEPATH>d:\src\sarif-sdk\src\sarif.functionaltests\convertertestdata\prefast\src\fixedbugs\</FILEPATH>
        <FILENAME>tfs378661.cpp</FILENAME>
        <LINE>24</LINE>
        <COLUMN>5</COLUMN>
      </SFA>
      <SFA>
        <FILEPATH>d:\src\sarif-sdk\src\sarif.functionaltests\convertertestdata\prefast\src\fixedbugs\</FILEPATH>
        <FILENAME>tfs378661.cpp</FILENAME>
        <LINE>25</LINE>
        <COLUMN>7</COLUMN>
      </SFA>
      <SFA>
        <FILEPATH>d:\src\sarif-sdk\src\sarif.functionaltests\convertertestdata\prefast\src\fixedbugs\</FILEPATH>
        <FILENAME>tfs378661.cpp</FILENAME>
        <LINE>25</LINE>
        <COLUMN>12</COLUMN>
        <KEYEVENT>
          <ID>2</ID>
          <KIND>branch</KIND>
          <IMPORTANCE>Full</IMPORTANCE>
          <MESSAGE>Enter this loop, (assume 'i&lt;size')</MESSAGE>
        </KEYEVENT>
      </SFA>
      <SFA>
        <FILEPATH>d:\src\sarif-sdk\src\sarif.functionaltests\convertertestdata\prefast\src\fixedbugs\</FILEPATH>
        <FILENAME>tfs378661.cpp</FILENAME>
        <LINE>27</LINE>
        <COLUMN>9</COLUMN>
      </SFA>
      <SFA>
        <FILEPATH>d:\src\sarif-sdk\src\sarif.functionaltests\convertertestdata\prefast\src\fixedbugs\</FILEPATH>
        <FILENAME>tfs378661.cpp</FILENAME>
        <LINE>25</LINE>
        <COLUMN>21</COLUMN>
        <KEYEVENT>
          <ID>3</ID>
          <KIND>declaration</KIND>
          <IMPORTANCE>Essential</IMPORTANCE>
          <MESSAGE>'i' may equal 1</MESSAGE>
        </KEYEVENT>
      </SFA>
      <SFA>
        <FILEPATH>d:\src\sarif-sdk\src\sarif.functionaltests\convertertestdata\prefast\src\fixedbugs\</FILEPATH>
        <FILENAME>tfs378661.cpp</FILENAME>
        <LINE>25</LINE>
        <COLUMN>12</COLUMN>
        <KEYEVENT>
          <ID>4</ID>
          <KIND>branch</KIND>
          <IMPORTANCE>Full</IMPORTANCE>
          <MESSAGE>Exit this loop, ('i&lt;size' is false)</MESSAGE>
        </KEYEVENT>
      </SFA>
      <SFA>
        <FILEPATH>d:\src\sarif-sdk\src\sarif.functionaltests\convertertestdata\prefast\src\fixedbugs\</FILEPATH>
        <FILENAME>tfs378661.cpp</FILENAME>
        <LINE>29</LINE>
        <COLUMN>8</COLUMN>
        <KEYEVENT>
          <ID>5</ID>
          <KIND>usage</KIND>
          <IMPORTANCE>Essential</IMPORTANCE>
          <MESSAGE>Invalid write to 'seq[1]', (writable range is 0 to 0)</MESSAGE>
        </KEYEVENT>
      </SFA>
    </PATH>
  </DEFECT>
  <DEFECT>
    <SFA>
      <FILEPATH>d:\src\sarif-sdk\src\sarif.functionaltests\convertertestdata\prefast\src\fixedbugs\</FILEPATH>
      <FILENAME>tfs378661.cpp</FILENAME>
      <LINE>40</LINE>
      <COLUMN>11</COLUMN>
    </SFA>
    <DEFECTCODE>6386</DEFECTCODE>
    <DESCRIPTION>Buffer overrun while writing to 'seq':  the writable size is 'size*4' bytes, but 'size' bytes might be written.</DESCRIPTION>
    <FUNCTION>WritesArrayCompare</FUNCTION>
    <DECORATED>?WritesArrayCompare@@YAXPEAJH@Z</DECORATED>
    <FUNCLINE>32</FUNCLINE>
    <PROBABILITY>1</PROBABILITY>
    <RANK>4</RANK>
    <CATEGORY>
      <RULECATEGORY>mspft</RULECATEGORY>
    </CATEGORY>
    <PATH>
      <SFA>
        <FILEPATH>d:\src\sarif-sdk\src\sarif.functionaltests\convertertestdata\prefast\src\fixedbugs\</FILEPATH>
        <FILENAME>tfs378661.cpp</FILENAME>
        <LINE>32</LINE>
        <COLUMN>23</COLUMN>
        <KEYEVENT>
          <ID>1</ID>
          <KIND>declaration</KIND>
          <IMPORTANCE>Essential</IMPORTANCE>
          <MESSAGE>'seq' is an array of 4 elements (16 bytes)</MESSAGE>
        </KEYEVENT>
      </SFA>
      <SFA>
        <FILEPATH>d:\src\sarif-sdk\src\sarif.functionaltests\convertertestdata\prefast\src\fixedbugs\</FILEPATH>
        <FILENAME>tfs378661.cpp</FILENAME>
        <LINE>36</LINE>
        <COLUMN>10</COLUMN>
        <KEYEVENT>
          <ID>2</ID>
          <KIND>branch</KIND>
          <IMPORTANCE>Full</IMPORTANCE>
          <MESSAGE>'size' may equal 4 (Enter this branch)</MESSAGE>
        </KEYEVENT>
      </SFA>
      <SFA>
        <FILEPATH>d:\src\sarif-sdk\src\sarif.functionaltests\convertertestdata\prefast\src\fixedbugs\</FILEPATH>
        <FILENAME>tfs378661.cpp</FILENAME>
        <LINE>38</LINE>
        <COLUMN>9</COLUMN>
      </SFA>
      <SFA>
        <FILEPATH>d:\src\sarif-sdk\src\sarif.functionaltests\convertertestdata\prefast\src\fixedbugs\</FILEPATH>
        <FILENAME>tfs378661.cpp</FILENAME>
        <LINE>40</LINE>
        <COLUMN>11</COLUMN>
        <KEYEVENT>
          <ID>3</ID>
          <KIND>usage</KIND>
          <IMPORTANCE>Essential</IMPORTANCE>
          <MESSAGE>Invalid write to 'seq[4]', (writable range is 0 to 3)</MESSAGE>
        </KEYEVENT>
      </SFA>
    </PATH>
  </DEFECT>
</DEFECTS>