<?xml version="1.0" encoding="UTF-8"?>
<DEFECTS>
  <DEFECT>
    <SFA>
      <FILEPATH>d:\src\sarif-sdk\src\sarif.functionaltests\convertertestdata\prefast\src\fixedbugs\</FILEPATH>
      <FILENAME>tfs370524.cpp</FILENAME>
      <LINE>13</LINE>
      <COLUMN>6</COLUMN>
    </SFA>
    <DEFECTCODE>6011</DEFECTCODE>
    <DESCRIPTION>Dereferencing NULL pointer 'source'. </DESCRIPTION>
    <FUNCTION>MissedAliases::MissedAlias</FUNCTION>
    <DECORATED>?MissedAlias@MissedAliases@@AEAAHXZ</DECORATED>
    <FUNCLINE>9</FUNCLINE>
    <PROBABILITY>1</PROBABILITY>
    <RANK>4</RANK>
    <CATEGORY>
      <RULECATEGORY>mspft</RULECATEGORY>
    </CATEGORY>
    <PATH>
      <SFA>
        <FILEPATH>d:\src\sarif-sdk\src\sarif.functionaltests\convertertestdata\prefast\src\fixedbugs\</FILEPATH>
        <FILENAME>tfs370524.cpp</FILENAME>
        <LINE>11</LINE>
        <COLUMN>7</COLUMN>
      </SFA>
      <SFA>
        <FILEPATH>d:\src\sarif-sdk\src\sarif.functionaltests\convertertestdata\prefast\src\fixedbugs\</FILEPATH>
        <FILENAME>tfs370524.cpp</FILENAME>
        <LINE>12</LINE>
        <COLUMN>6</COLUMN>
        <KEYEVENT>
          <ID>1</ID>
          <KIND>declaration</KIND>
          <IMPORTANCE>Essential</IMPORTANCE>
          <MESSAGE>'target' may be NULL</MESSAGE>
        </KEYEVENT>
      </SFA>
      <SFA>
        <FILEPATH>d:\src\sarif-sdk\src\sarif.functionaltests\convertertestdata\prefast\src\fixedbugs\</FILEPATH>
        <FILENAME>tfs370524.cpp</FILENAME>
        <LINE>13</LINE>
        <COLUMN>6</COLUMN>
        <KEYEVENT>
          <ID>2</ID>
          <KIND>usage</KIND>
          <IMPORTANCE>Essential</IMPORTANCE>
          <MESSAGE>'target' is dereferenced, but may still be NULL</MESSAGE>
        </KEYEVENT>
      </SFA>
    </PATH>
  </DEFECT>
  <DEFECT>
    <SFA>
      <FILEPATH>d:\src\sarif-sdk\src\sarif.functionaltests\convertertestdata\prefast\src\fixedbugs\</FILEPATH>
      <FILENAME>tfs370524.cpp</FILENAME>
      <LINE>23</LINE>
      <COLUMN>6</COLUMN>
    </SFA>
    <DEFECTCODE>28182</DEFECTCODE>
    <DESCRIPTION>Dereferencing NULL pointer. 'target' contains the same NULL value as 'source' did. </DESCRIPTION>
    <FUNCTION>MissedAliases::MissedAlias2</FUNCTION>
    <DECORATED>?MissedAlias2@MissedAliases@@AEAAHXZ</DECORATED>
    <FUNCLINE>19</FUNCLINE>
    <PROBABILITY>1</PROBABILITY>
    <RANK>3</RANK>
    <CATEGORY>
      <RULECATEGORY>mspft</RULECATEGORY>
    </CATEGORY>
    <PATH>
      <SFA>
        <FILEPATH>d:\src\sarif-sdk\src\sarif.functionaltests\convertertestdata\prefast\src\fixedbugs\</FILEPATH>
        <FILENAME>tfs370524.cpp</FILENAME>
        <LINE>21</LINE>
        <COLUMN>7</COLUMN>
      </SFA>
      <SFA>
        <FILEPATH>d:\src\sarif-sdk\src\sarif.functionaltests\convertertestdata\prefast\src\fixedbugs\</FILEPATH>
        <FILENAME>tfs370524.cpp</FILENAME>
        <LINE>22</LINE>
        <COLUMN>6</COLUMN>
        <KEYEVENT>
          <ID>1</ID>
          <KIND>declaration</KIND>
          <IMPORTANCE>Essential</IMPORTANCE>
          <MESSAGE>'target' may be NULL</MESSAGE>
        </KEYEVENT>
      </SFA>
      <SFA>
        <FILEPATH>d:\src\sarif-sdk\src\sarif.functionaltests\convertertestdata\prefast\src\fixedbugs\</FILEPATH>
        <FILENAME>tfs370524.cpp</FILENAME>
        <LINE>23</LINE>
        <COLUMN>6</COLUMN>
        <KEYEVENT>
          <ID>2</ID>
          <KIND>usage</KIND>
          <IMPORTANCE>Essential</IMPORTANCE>
          <MESSAGE>'target' is dereferenced, but may still be NULL</MESSAGE>
        </KEYEVENT>
      </SFA>
    </PATH>
  </DEFECT>
  <DEFECT>
    <SFA>
      <FILEPATH>d:\src\sarif-sdk\src\sarif.functionaltests\convertertestdata\prefast\src\fixedbugs\</FILEPATH>
      <FILENAME>tfs370524.cpp</FILENAME>
      <LINE>33</LINE>
      <COLUMN>6</COLUMN>
    </SFA>
    <DEFECTCODE>28182</DEFECTCODE>
    <DESCRIPTION>Dereferencing NULL pointer. 'source' contains the same NULL value as 'target' did. </DESCRIPTION>
    <FUNCTION>MissedAliases::MissedAlias3</FUNCTION>
    <DECORATED>?MissedAlias3@MissedAliases@@AEAAHPEAH@Z</DECORATED>
    <FUNCLINE>29</FUNCLINE>
    <PROBABILITY>1</PROBABILITY>
    <RANK>3</RANK>
    <CATEGORY>
      <RULECATEGORY>mspft</RULECATEGORY>
    </CATEGORY>
    <PATH>
      <SFA>
        <FILEPATH>d:\src\sarif-sdk\src\sarif.functionaltests\convertertestdata\prefast\src\fixedbugs\</FILEPATH>
        <FILENAME>tfs370524.cpp</FILENAME>
        <LINE>31</LINE>
        <COLUMN>7</COLUMN>
        <KEYEVENT>
          <ID>1</ID>
          <KIND>declaration</KIND>
          <IMPORTANCE>Essential</IMPORTANCE>
          <MESSAGE>'target' may be NULL</MESSAGE>
        </KEYEVENT>
      </SFA>
      <SFA>
        <FILEPATH>d:\src\sarif-sdk\src\sarif.functionaltests\convertertestdata\prefast\src\fixedbugs\</FILEPATH>
        <FILENAME>tfs370524.cpp</FILENAME>
        <LINE>32</LINE>
        <COLUMN>9</COLUMN>
      </SFA>
      <SFA>
        <FILEPATH>d:\src\sarif-sdk\src\sarif.functionaltests\convertertestdata\prefast\src\fixedbugs\</FILEPATH>
        <FILENAME>tfs370524.cpp</FILENAME>
        <LINE>33</LINE>
        <COLUMN>6</COLUMN>
        <KEYEVENT>
          <ID>2</ID>
          <KIND>usage</KIND>
          <IMPORTANCE>Essential</IMPORTANCE>
          <MESSAGE>'target' is dereferenced, but may still be NULL</MESSAGE>
        </KEYEVENT>
      </SFA>
    </PATH>
  </DEFECT>
</DEFECTS>